"TS","spot","seq","unique_seq_idx","sfp_1","sfp_2","AcpS_1","AcpS_2","measure"
4,"J1","KWCLDSSDMIAST",1647,0.0248450889900759,0.0349235855102257,0.10296587942633,0.103701814892754,-12.2234290922109
4,"E24","DGAESFIAQTST",1520,0.0834289758966063,0.0860475707672367,0.121792413648438,0.121042890217018,-12.241375960682
5,"G22","SRDPHDSVLYMLY",2148,0.237975190913486,0.219108300664577,0.226300392924393,0.195456540721821,-12.2744908470354
4,"N15","DKRLSAEWR",1781,0.218349762953123,0.210480293910121,0.20637818260112,0.173724141898621,-12.2910130556278
4,"B18","QRFCCCSYMLCS",1424,0.11897877138733,0.11715317368504,0.146545034418805,0.145495763238939,-12.3277545864287
5,"I19","PWCCNMISKCWCCSEHC",2205,0.138446210011812,0.120600872642756,0.174975364688958,0.174879700576674,-12.3314532440351
5,"F5","GRWYEFVDSLEYHKYT",2101,0.398952569279081,0.462337415911362,0.385680723936376,0.349200710733293,-12.3593623497428
3,"A16","NAAAFVEDLGADALDTVELV",851,0.0804147280661704,0.0817643607091261,0.10547937499476,0.103583950415365,-12.3642600681801
4,"A20","NAAAFVEDLGADALDTVELV",851,0.0804147280661704,0.0817643607091261,0.10547937499476,0.103583950415365,-12.3642600681801
1,"B14","DALEFIASKLAXXXXXX",14,0.0133916606684657,0.0165184078829137,0.0571784473904195,0.0496106889320122,-12.47847261789
1,"E7","STITCFNRYVLDSSASISLT",97,0.0576075043629942,0.069005255446498,0.11203562417822,0.112985359473057,-12.5197992509679
4,"K6","TSWQKFCVCSFAAC",1682,0.15350541137242,0.154796424412542,0.161248436225384,0.158344233565008,-12.5483003524481
3,"E9","VDSIDQCEV",956,0.0658502284131915,0.070538847108498,0.0946043687530642,0.0930874853463936,-12.5550201996702
1,"D15","NECSFVQDLGIDSSDTVELV",75,0.0376016552125292,0.0529315444246936,0.0950705146059552,0.0957931985997391,-12.6174982976621
4,"B29","PLIESKISACWFHE",1435,0.108495522542461,0.0769439977048831,0.0963843628543078,0.0641261848592906,-12.6771142210253
3,"G18","LGLESIESMELMEM",1025,0.0580019607985291,0.0487642416555349,0.0673956920914988,0.0503230185584803,-12.6862080654087
4,"F24","QRYCCDSYAACT",1550,0.114046935225955,0.115233259219687,0.117670779553757,0.113910284705812,-12.7044627066879
1,"B4","DALEFIASKLAGSGSGSGSG",4,0.0744416842454794,0.0568345919806358,0.0920644794474984,0.0804442165573514,-12.7254938545199
5,"G1","EEYCCCALSIVWC",2127,0.060863704572768,0.0734984182244887,0.1430915436239,0.145337559031959,-12.7540853744945
4,"N26","ALWLLSIMIRETHAA",1792,0.157004906150126,0.17806807606374,0.149571035617695,0.139843030944148,-12.7670059324532
