"TS","spot","seq","unique_seq_idx","sfp_1","sfp_2","AcpS_1","AcpS_2"
4,"D7","SFLSRFGLDSADTC",1473,0.182976129629992,0.194081704182418,0.15964140176814,0.119799653921303
4,"O16","SEEAPIESIEFTMM",1812,0.285440776618886,0.297043467389325,0.159093111168078,0.11510948472397
5,"C16","DEGRCCNLLSHCWC",2022,0.11570761551143,0.0914458850854224,0.158827420007302,0.130282714893759
5,"M16","CCTPPCSTSQSCQQRQC",2322,0.25145215900623,0.218716992388184,0.158669233458097,0.223756256019971
5,"Q3","SPCCTCSQTSNCK",2429,0.282036283166686,0.290764058752263,0.158664246799234,0.210052627917637
3,"I26","DLPLDSLESAEMACC",1093,0.279545535444607,0.227729943549242,0.158626712432348,0.176759350659378
5,"C23","LDGCLSLGYCHTQC",2029,0.238917997760042,0.245644744172214,0.15848144318286,0.167737399504075
4,"M11","LYAPVVDADSREVVHLV",1747,0.113468720559217,0.107342973528758,0.158439995006892,0.110634680064509
4,"M22","VLAGAISRESP",1758,0.0745308930053932,0.0695193011754762,0.158415794280278,0.101151476250812
4,"R9","CELCSHTLFQC",1895,0.131999330812736,0.1302594328479,0.158341257559594,0.119912324197247
