"TS","spot","seq","unique_seq_idx","sfp_1","sfp_2","AcpS_1","AcpS_2","measure"
3,"Q9","ICSTLICACPLE",1316,0.134814105380902,0.154218312393228,0.113200419075126,0.140954177394295,-37.4518614605316
5,"L7","CCCSGECTSSQTPNCRQC",2283,0.185382668739,0.141869402825309,0.112916589738332,0.176527374502136,-37.4532735440259
5,"O22","GGCCCCSNSENQK",2388,0.158309466839394,0.135369627738524,0.112743054009894,0.163248849357996,-37.4541468307217
5,"O25","LYLDSSDIMVLS",2391,0.162270350040026,0.154376111682325,0.112369930301104,0.149922614406048,-37.4560507398278
3,"R21","ADSSCYVLTSCV",1358,0.162748759131621,0.185677659396204,0.112215272896735,0.130986849823061,-37.4568506491371
4,"R23","SWCLSKGAESMDFKDALAR",1909,0.170832535476157,0.143856943337652,0.11210561763517,0.11789000521872,-37.4574217030159
1,"F11","NSASFVEDQGADSLDTVELV",131,0.169944022803115,0.165288593569381,0.111966783535841,0.129742383404123,-37.4581494218897
5,"M24","KGCTCSNSCQQ",2330,0.196454680140095,0.191466919243242,0.111577586695497,0.162408499659389,-37.4602181452022
5,"I4","KKRCCVVSHVFCITDCC",2190,0.153500849509496,0.16770616503479,0.110918155792466,0.175288833605189,-37.4638240048194
5,"D28","RRDPHDSKDVSKSTAC",2064,0.214074007710855,0.18983281998703,0.110894025228602,0.160503621302972,-37.4639584522349
5,"I13","SSMVEGAASHIFAEFTAC",2199,0.136443260284092,0.118874750577621,0.110572154642859,0.15957719396908,-37.4657693109002
5,"K17","SRCCSCSQSEN",2263,0.128700838872397,0.115307387362567,0.109779056957131,0.157332490364833,-37.4703764788081
4,"T26","CVQPCATTSQSVNQRCA",1972,0.168334972200224,0.172009824301359,0.109554166891299,0.183799818250599,-37.4717224627076
5,"S6","WFKELGMDSFDTVE",2492,0.190905814709687,0.205068844444246,0.109336971405039,0.141882140490528,-37.4730398209739
4,"B23","TFYQRDGVCSEITVVVSSE",1429,0.144137905181425,0.156601514523872,0.109194987141602,0.116394581156928,-37.4739104763743
5,"J4","LDKFLSAEFRATT",2220,0.143401338978443,0.15882161643948,0.109169565618228,0.191334413327206,-37.4740671658529
3,"J28","DSIETFETLAW",1125,0.157233914971805,0.0848593306737853,0.108302879166209,0.139308939874637,-37.4795615216461
3,"I21","IGVESVCT",1088,0.13162184765037,0.105008408003045,0.108069630581499,0.112002782797184,-37.4810932477427
5,"O24","SHSHIRAESWMSV",2390,0.128828831346082,0.119540738485109,0.107901762333893,0.130692419297217,-37.4822103281868
3,"M6","DSLEKIACCLA",1193,0.283713777326763,0.399875597735801,0.10764030232098,0.163916619729535,-37.4839754570994
