"TS","spot","seq","unique_seq_idx","sfp_1","sfp_2","AcpS_1","AcpS_2"
4,"Q16","PCCTTSQRMWGCCV",1872,0.25271430204012,0.243064078333163,0.221265934770307,0.203319723498772
5,"J21","IHDGADSVVWLWSNC",2237,0.194788214676567,0.157502985139446,0.221209987231721,0.145022874281657
5,"B21","FQIRSWCPCCTWHC",1997,0.185432321984867,0.153209976185397,0.220292223074414,0.208251025582313
4,"E14","ANCMEWPSLATMKM",1510,0.241071453471156,0.243403104374889,0.220125997096014,0.195013322573727
1,"B22","DSLEAIASKLA",22,0.299870628380807,0.382332643142486,0.219805929965841,0.220031473870741
1,"I15","NNASFVEDLGADSLDTFELV",225,0.276902397368268,0.313751319163249,0.219616664889915,0.273885150724356
3,"R12","LCPLDSSDTALK",1349,0.473488000431189,0.413266986157766,0.219570588931716,0.164743899822397
5,"C21","HTNAMSICYCITGC",2027,0.178887137103018,0.167047060723245,0.219098027739932,0.189231982083967
5,"G25","GPWAWCLCSVCWCMTDCC",2151,0.188372577532484,0.145937275924326,0.21867695913056,0.184257477548179
4,"S1","NPVCSCSRSVW",1917,0.334574257490848,0.29269831808987,0.21829660423844,0.246293384404365
