"TS","spot","seq","unique_seq_idx","sfp_1","sfp_2","AcpS_1","AcpS_2"
5,"H18","DGADSIIWC",2174,0.0911752831035015,0.0836571264670956,0.0423590399246504,0.0780975842695907
3,"Q27","GVDSTDSQA",1334,0.0975959503502374,0.0577752217390104,0.0423560201986089,0.037317422186376
3,"B27","DEIGIDSLDS",884,0.0849818970417698,0.0330544603441906,0.0423034985927556,0.0346760228589789
3,"D14","DDMPIDSMDTVEMIVG",931,0.0575316705558226,0.0677829716773663,0.0422053921969164,0.0336462006024675
4,"K29","DVGSLSVELIETM",1705,0.0779542103418553,0.0910220402515441,0.0421940806477405,0.120475064301599
1,"H4","ADSSSSADMGLL",184,0.00708633616002016,0.00842958598193061,0.0420862104330176,0.0443640658811266
4,"M29","EDEWQVSLCYTDTK",1765,0.194169898238974,0.193153322190675,0.0420289998292085,0.141038758918213
3,"S29","ESTDLIIHGV",1396,0.101499948067781,0.0901919425936901,0.0417078346579403,0.0403221668845954
3,"C18","EVGLESADTLDALVP",905,0.0677316541985518,0.0728973156609987,0.0416987236162039,0.0305420936681257
3,"E6","DMGIESLETMDV",953,0.0495258790339029,0.0469874891943114,0.0415039603084382,0.0367232939614656
