"TS","spot","seq","unique_seq_idx","sfp_1","sfp_2","AcpS_1","AcpS_2","measure"
3,"I18","PRESIEFMETL",1085,0.142007568133443,0.129679627042667,0.0731015559321213,0.0713807396613753,-27.076368955626
3,"P9","GDALSWLLDLLFGSGRGSGE",1286,0.0879296087349774,0.0961537254330986,0.0767719745931574,0.083549136760271,-27.0790929056011
3,"D11","EGEVDSMDTCD",928,0.0732723279606446,0.0798756755879386,0.0556305713579721,0.0539286576578949,-27.0799010031948
4,"S22","PLCSCSKTLWPCGMM",1938,0.14701899765576,0.149029777573584,0.0938657044743204,0.0953989104628175,-27.0891179962709
3,"R27","MNICSSSSWPYTMC",1364,0.193752654076479,0.112066288143422,0.0909808956220135,0.0893832850443209,-27.0996181776147
3,"Q26","ESSDSIL",1333,0.137017606751112,0.0904357220514284,0.0578290686870731,0.0562484335276821,-27.1028642717366
4,"F27","HDPADSTLSNTSS",1553,0.0486850467322916,0.0463964959091238,0.0373245378906072,0.120596096824586,-27.1111558226234
1,"J24","WPLDSSTTVWLTVM",264,0.0642043888933098,0.0788672303602116,0.0238146414314747,0.0223785674477766,-27.1309431890913
3,"I14","GIDSLESI",1081,0.12494114731778,0.112042014573996,0.0555505095577795,0.0541637865446093,-27.1407123108398
3,"S29","ESTDLIIHGV",1396,0.101499948067781,0.0901919425936901,0.0417078346579403,0.0403221668845954,-27.1409222433254
3,"S27","MEGAESTETIVHPIA",1394,0.13261909844614,0.0888050479310063,0.0541559137553857,0.052778782641307,-27.1426221735343
3,"B16","APIESVDTI",873,0.0697162761709244,0.0796817783153694,0.0465406802542682,0.0451867919844154,-27.147265288669
3,"G13","NEASFVDHLGAFSLDCVHLC",1020,0.127544314931414,0.127369632808309,0.109832232600517,0.11198841532462,-27.1473171064049
3,"N10","EMESIESLCRGAT",1227,0.170542373100458,0.167840906563969,0.121962401420235,0.12421102705012,-27.1574601302706
5,"C26","YQHWHCNICSLLFCASECC",2032,0.245712975334122,0.220328719957581,0.160513664783169,0.162876912838324,-27.1588581344357
3,"H28","AGQDSLET",1065,0.07057154563557,0.0354188273740617,0.0527878228016794,0.0516505355282593,-27.1916038590366
3,"C13","DMGVDSAETVEILCG",900,0.128782648805211,0.152609872862399,0.0667910206495123,0.0657528660160544,-27.2125713545025
3,"O16","DPMDSTESCATGA",1263,0.10793029681364,0.0753654279265936,0.0863713592921381,0.0853453605663455,-27.2151729698075
3,"M22","SECYIVSYDSHV",1209,0.13454629640525,0.0549320100050864,0.0913348211377734,0.0903327653486743,-27.2203171328092
3,"J4","APVDSAEWLEL",1101,0.0139808629721363,0.0617317892817644,0.00183591928182218,0.00952016342215294,-27.2458116240136
