"TS","spot","seq","unique_seq_idx","sfp_1","sfp_2","AcpS_1","AcpS_2"
4,"M30","PPVLSCSNTLFQCPAL",1766,0.130666504467917,0.134467270629124,0.0570133462778966,0.170451422477058
1,"F4","VPCDSSETAMAGVD",124,0.00964168618655801,0.0129331898901281,0.0569679847753988,0.0560619881691024
1,"C18","LPLESSTSFAATSL",48,0.0418657021351034,0.0431611488657572,0.0568525095470136,0.0630603539925714
3,"F19","VGLESVESMDLING",996,0.0593211445867074,0.0534612744336076,0.0567901880693517,0.0503241604572487
3,"C1","EQCAESIECVDSNQN",888,0.0690056769234443,0.10029074269096,0.0567774089458774,0.0631610966769229
5,"S15","QLYGIDSADTQM",2501,0.0948785108879334,0.0930689041674633,0.0567489319428096,0.118439597883456
3,"D24","VGLDSADTIEIIGP",941,0.0733457630680625,0.0702420784487043,0.05672820044611,0.0507583205949816
1,"D26","AESSSSGVITIV",86,0.0267511944375719,0.0311460274582688,0.0565232099793462,0.0496561622616538
3,"G23","DLGVDSVDTMELMQ",1030,0.0572434504906754,0.0459613240468569,0.0565107630685688,0.0506944083504774
1,"I9","RFNRYTLDSSSSISLTSDGG",219,0.0535443136377896,0.058318669548824,0.0563972200245206,0.0546579634310698
