"TS","spot","seq","unique_seq_idx","sfp_1","sfp_2","AcpS_1","AcpS_2"
3,"C22","IDSVESLEL",909,0.0572055616419106,0.0584485220077293,0.0488952781263643,0.0445771032583765
3,"P7","ECLDSSESVV",1284,0.0565233586606553,0.0770391148120373,0.0488936067826692,0.0594321836403086
3,"D4","DRTPMESIESG",921,0.0661469429137876,0.0664461776619763,0.0488894062374531,0.046160269206172
3,"B24","RPCDSAEPVDQAEP",881,0.0612956017550296,0.0522483484429949,0.0488616441833313,0.0441176168285548
3,"K3","TLNGVISSDSC",1130,0.0667611904114517,0.102109779710123,0.0488176124118232,0.0674278951632838
1,"F28","RAESSETIVAPMV",148,0.00391340536457848,0.00859883055497069,0.0487549375556927,0.0538910547070829
5,"P11","DELPIDSSSTCLDSY",2407,0.0813914623798443,0.0591101327606243,0.0487029457045285,0.103584449288117
3,"K13","CVESSEM",1140,0.0664918129189429,0.0596539474653895,0.0486294901068815,0.0422194572533125
5,"M28","TGPCCTSNSDQN",2334,0.0854748082263154,0.0791942013816114,0.0485692302715005,0.108922205444432
5,"S11","DCCIESTETG",2497,0.0753930104250815,0.0500310621975029,0.0483907078841995,0.100424945830084
