"TS","spot","seq","unique_seq_idx","sfp_1","sfp_2","AcpS_1","AcpS_2","measure"
5,"S17","DCSCSQTCNCRCCC",2503,0.243224898417662,0.20819058539562,0.212541787593144,0.274810692767836,-37.2742372302652
4,"L30","PLCSCSKSIY",1736,0.598070705758013,0.575067570924973,0.210671023560333,0.551801038217966,-37.2758139938554
4,"S28","DEVHIASHRTLWARW",1944,0.495752190292246,0.38692809988442,0.209226585364265,0.337822506116567,-37.277048670522
3,"K6","VCSLSYMMRTS",1133,0.420140297666795,0.504843565972183,0.207389776918971,0.290342794044373,-37.2786410818472
3,"O5","SVSTYFNRYGLDSSKSISLT",1252,0.302549383305907,0.308367056736483,0.206720514698961,0.283644279522384,-37.2792276564749
5,"P19","GCTCSNTCNNR",2415,0.258033374172639,0.221821011099125,0.206509681780622,0.246597826461145,-37.2794131558632
4,"S30","CSDHNISCCFTKSHGC",1946,0.416880915108593,0.391590224988159,0.202818115367184,0.392400569718012,-37.2827181798768
5,"S9","PDCTTSNCGQCR",2495,0.240014948557806,0.169733051936699,0.201814146494415,0.260722929290779,-37.283636243417
3,"Q25","WMISMITMAIRCL",1332,0.379194613250226,0.29746082062585,0.20164962834662,0.225924756558869,-37.2837874914614
1,"F19","NSASFVEDLGADSLDTVEFV",139,0.301562378757941,0.31795090183388,0.200020539176818,0.246630455708321,-37.2852976565997
1,"D13","NRASFVEDLGADSLDTVALT",73,0.330103617587375,0.428089836577418,0.199996951078249,0.239489307708103,-37.2853196911288
5,"P13","CCFTRGCTSSNSNN",2409,0.223523936277123,0.200711316873837,0.199643976882336,0.252988940895119,-37.2856499988317
4,"T1","PPCCSCSNSLYNR",1947,0.353052438877291,0.327654498336816,0.199596744509321,0.252724172439351,-37.2856942810241
1,"E29","NSASFVEDYHADSLDTVELV",119,0.237385869621536,0.235331669011828,0.198883491974077,0.261015484728818,-37.2863653780103
3,"L18","ACSKTWNVMCM",1175,0.430812588216761,0.369808606948629,0.198790373422506,0.213051330708399,-37.2864533262645
5,"B8","WCVKSHAFCLS",1984,0.253785055128762,0.240620564487691,0.198492301936599,0.233200255347462,-37.2867353688835
1,"D1","NEASFSDRLGADSLDTVELV",61,0.260333684914652,0.282550931342743,0.197523992006449,0.23812394549608,-37.2876571362708
5,"G27","WGRVSLEPCKT",2153,0.27725136921344,0.251477776571254,0.197271324595248,0.223189652056943,-37.2878990633853
3,"I27","NNASFHEDLGADSLDTVCLV",1094,0.311194376002768,0.218582303269902,0.197226454234078,0.23268910921433,-37.2879420876788
5,"K18","FTHCCSCSQSPNQK",2264,0.318770439927496,0.289556772635729,0.19629595844678,0.24637244761456,-37.2888384985187
