"TS","spot","seq","unique_seq_idx","sfp_1","sfp_2","AcpS_1","AcpS_2","measure"
3,"K16","TREPVDSSDF",1143,0.0959398817336327,0.0999848471690627,0.0483123637337189,0.0520934729475707,-38.6834295623
3,"L3","SMEPVESTETIISGV",1160,0.0785660316139067,0.0957554932531072,0.0357651281041303,0.0469719376681092,-38.6834295623
3,"L5","EIDSMDSNIS",1162,0.0533391472178994,0.103905684017623,0.0321062017798298,0.0550610292411213,-38.6834295623
3,"L6","MLSVVVCMT",1163,0.148216980076235,0.203712411734243,0.0787400187708082,0.125930078951364,-38.6834295623
3,"L7","TDDEAVSTDINARTVA",1164,0.0792368068294861,0.122621285704471,0.0395271304833989,0.0585982055442231,-38.6834295623
3,"L9","VESRDWVVHPCM",1166,0.0836030892426589,0.0963943007796727,0.0504535029137074,0.054517161605289,-38.6834295623
3,"L23","DGVESTLS",1180,0.127628502571301,0.0937772655186541,0.0929262590930466,0.117905827117177,-38.6834295623
3,"M1","REASIVDDLGADSTDTQELT",1188,0.045514916614819,0.0271668332593764,0.0209106098987352,0.0336203630124227,-38.6834295623
3,"M2","LDSSLIHIVGAP",1189,0.0660767059511311,0.0654855268784007,0.0308292360341387,0.0535436332537368,-38.6834295623
3,"M3","DSMMYCLTSCS",1190,0.186933476112758,0.213834490184592,0.0642470728483444,0.0974629005618811,-38.6834295623
3,"M4","NSASFVEDLCADSLDTVQEP",1191,0.0976002077531362,0.1161650259823,0.0587198800859274,0.0858439101600082,-38.6834295623
3,"M5","ESTEYNASQAA",1192,0.0542678721603117,0.0942369144762912,0.0337141823210704,0.0570929784481922,-38.6834295623
3,"M7","DSSDAALRSV",1194,0.125913587028714,0.18973173386734,0.0429629694010294,0.0610140031701533,-38.6834295623
3,"M8","PMISRDSCV",1195,0.13924589883581,0.149917375721037,0.0637183661958996,0.0851979022358256,-38.6834295623
3,"M27","SADCMESTDSCLSPC",1214,0.130592452444197,0.118076351112417,0.0873573929096585,0.0943182476996259,-38.6834295623
3,"M28","TSEPIDSRDMIV",1215,0.142138203180286,0.121280243814432,0.0577689003140483,0.0658431101052942,-38.6834295623
3,"M29","SGCDSTSTALLSSE",1216,0.178252387157826,0.147338673073141,0.0727234624907168,0.0768765791311834,-38.6834295623
3,"M30","PADSISTHAITA",1217,0.177000201446846,0.134403506388524,0.0558226575576951,0.0709651225961813,-38.6834295623
3,"N1","VESTEAVITTV",1218,0.108423320365606,0.0696938356096645,0.0181684081958896,0.0408170180897094,-38.6834295623
3,"N2","GLDSTDW",1219,0.020637546663493,0.0134910314244555,0,0.0100983902806307,-38.6834295623
