"TS","spot","seq","unique_seq_idx","sfp_1","sfp_2","AcpS_1","AcpS_2"
5,"K6","WQDCRCCVISRMWFL",2252,0.370553418346277,0.280249456522918,0.472069796682972,0.451611527318079
5,"D6","RCWNIKSFCYCHSN",2042,0.371789594080538,0.337604634612593,0.470398122681052,0.506492319220896
4,"N9","NPVDTTSKRINPRC",1775,0.563120407648826,0.523863715455193,0.465168690578332,0.468219596593488
5,"E17","YEEFRYQICSRLFCCTN",2083,0.324186560688414,0.27634204970652,0.464987208611887,0.407473527127525
4,"D20","HVRRDSVESKMVMLK",1486,0.594578667269354,0.55390493564332,0.462610582738034,0.463518399988505
5,"E19","EDKHYNVCSMCFWRC",2085,0.389798918520375,0.307178657485041,0.458666971217735,0.443562568484644
4,"S7","PGCITTSRKANQCC",1923,0.527366386162443,0.499829218799548,0.45855155569551,0.492265580279041
4,"M20","LPPCDSCSRSIFPRCA",1756,0.492403083580626,0.482361614918451,0.456324083644443,0.470446228251223
4,"P14","GACSTSKKANGC",1840,0.536843857939141,0.529609739350811,0.449836012981533,0.508377820955276
4,"Q12","CLQPVCSCSKSAF",1868,0.482328580281761,0.466957150096502,0.448181904697129,0.468257251156195
