"TS","spot","seq","unique_seq_idx","sfp_1","sfp_2","AcpS_1","AcpS_2"
5,"S10","HCCTCSQTGNNCCCC",2496,0.150695873135799,0.103001208524207,0.0970032612748965,0.14629338360671
5,"T18","EVDVESSLTQLASSG",2534,0.207860353289086,0.192157090310161,0.0965848441085301,0.138374241160508
5,"C28","NCHDSMDFAASK",2034,0.238624024047416,0.224008394474864,0.0965835062244449,0.144287343316492
4,"B29","PLIESKISACWFHE",1435,0.108495522542461,0.0769439977048831,0.0963843628543078,0.0641261848592906
3,"G26","DSVDTLELIVG",1033,0.106691311088681,0.073338002313915,0.0963320204610069,0.095281516005527
4,"P25","CQQRDISIMWSDT",1851,0.0302652827285368,0.0274598277279659,0.0962754595845456,0.0606768068561972
3,"M14","CVDSSESCMSPC",1201,0.125681711348343,0.125727720025243,0.0960643836100029,0.0924675877044991
3,"G1","NEASFSWRLGADSLDTVEQV",1008,0.139263784002055,0.167475662164826,0.0960386626658804,0.205514798836472
5,"R2","CFSGCCTCSQTQQQ",2458,0.0971186959904844,0.132860617399711,0.095713589667059,0.14587159462319
3,"O15","SIIELCSVEFMMTPM",1262,0.116031503049331,0.103583161100669,0.0956887602075106,0.0908961816096923
