"TS","spot","seq","unique_seq_idx","sfp_1","sfp_2","AcpS_1","AcpS_2"
5,"R7","PEVCADSTETCDAPE",2463,0.0882516458406088,0.0634264795202163,0.0146480306711143,0.065733144760556
5,"R30","EDAPIESTETGTPG",2486,0.0538990304066634,0.060067254508808,0.0139710126736543,0.0888927139267072
4,"G26","KETDKPADSMWAA",1582,0.00420405538167495,0,0.0138705630079378,0.0381390106621325
4,"R29","DDQPLASREWVDSHA",1915,0.0347272552581002,0.0305652118939954,0.0131030244457628,0.0354803540248713
1,"I10","LESSTTYEMPAI",220,0.00555597719616103,0.00810046110263009,0.0126617289925271,0.0143346209169655
5,"P30","THAEIESTCSL",2426,0.0489956859737157,0.0612072444176362,0.0125511284565756,0.0964348917537311
3,"D16","ESIESWDA",933,0.0103172761111098,0.0276471101040254,0.0120901157336434,0
1,"J16","ADSTETIDGPAD",256,5.02087929779833e-05,0,0.012020162593451,0.0171558841677427
4,"J30","YWSCEPMDSMESVALS",1676,0.0461009435346679,0.059892056820215,0.0111252409259425,0.066099283945137
1,"C6","QEMDSSESLEVPSD",36,0.00253863478766955,0.00414085760777571,0.0110578316710826,0.0148816263284614
