"TS","spot","seq","unique_seq_idx","sfp_1","sfp_2","AcpS_1","AcpS_2","measure"
5,"R16","CGGDCTTSQTGNNCNCC",2472,0.120428763637327,0.101886850952904,0.0788202246234404,0.118438169446096,-38.6834295623
5,"R17","HYQEDLGVDSTDTCEAPDL",2473,0.0595761187202507,0.0595025883030077,0.0263372455496502,0.0808228427703285,-38.6834295623
5,"R18","QCPADSFECMTQDY",2474,0.114147340023257,0.114609698684289,0.0594592661730118,0.111801392355032,-38.6834295623
5,"R19","PCTSSNTCQQCCC",2475,0.13477063136661,0.116435512125757,0.0817303414353161,0.126093822336961,-38.6834295623
5,"R20","PCTTSQTCQNH",2476,0.111198213710137,0.0997648315474137,0.0923787554710337,0.146820334148638,-38.6834295623
5,"R21","EEMPLDSFETQIA",2477,0.0791121364645708,0.0720513837071492,0.0502235361054778,0.107381321495968,-38.6834295623
5,"R23","QAELESSDSIDMTTD",2479,0.0687081973901207,0.0627323232135404,0.0335401458877457,0.0851302384904731,-38.6834295623
5,"R25","WTHPCSSSNTCQN",2481,0.114304508099067,0.122567860183477,0.0687405816001045,0.116668678382615,-38.6834295623
5,"R26","CCCSPGCSSSQTEQQCCCC",2482,0.119495922001368,0.108058326819142,0.0774421310401514,0.121525336836243,-38.6834295623
5,"R28","QPVDSWESGSEPSM",2484,0.0557053256316102,0.0499152789060928,0.0175739101900306,0.0818979704333465,-38.6834295623
5,"R30","EDAPIESTETGTPG",2486,0.0538990304066634,0.060067254508808,0.0139710126736543,0.0888927139267072,-38.6834295623
5,"S1","EKDRIESTITC",2487,0.0445628089254786,0.0778026583087599,0.0223272663938842,0.10361278948533,-38.6834295623
5,"S3","REPIESADTATALSI",2489,0.082744887745153,0.11215575711302,0.057501820130485,0.117633473543983,-38.6834295623
5,"S4","IGIDSSVLIELG",2490,0.13534167249527,0.156391133438595,0.0691709667477424,0.114798539622781,-38.6834295623
5,"S5","CSHCCTCSNSDQQCQ",2491,0.104398915958051,0.111907072113973,0.0530052646955012,0.0906983444553847,-38.6834295623
5,"S7","EELDAESGITIEISN",2493,0.10918336909231,0.0909425976101141,0.0472648176135602,0.0992641404942422,-38.6834295623
5,"S11","DCCIESTETG",2497,0.0753930104250815,0.0500310621975029,0.0483907078841995,0.100424945830084,-38.6834295623
5,"S12","WPIEWGDSSETEMIVR",2498,0.113637530217517,0.0897664990137953,0.0573669857398584,0.116354793557233,-38.6834295623
5,"S13","CTGPCSSSNSCNNCQ",2499,0.115976157776201,0.0846647581100718,0.0826728199604521,0.127686187167862,-38.6834295623
5,"S14","DSPMDSLDVISADNV",2500,0.115730109238241,0.108194398603858,0.0364918100817593,0.0967752312390108,-38.6834295623
