"TS","spot","seq","unique_seq_idx","sfp_1","sfp_2","AcpS_1","AcpS_2"
5,"M8","DERCLDSVTSHGQTYM",2314,0.115847070857421,0.0881349962016666,0.0806292141828362,0.131227397657106
4,"H2","HEPADSTDLLVTSCS",1588,0.0764977681183934,0.0797417854278653,0.0804871596872416,0.124964075000626
3,"O24","GMDSRDSMAHGCA",1271,0.148625711124873,0.131818249876883,0.0803227072968393,0.0887006681864864
1,"B8","GDALSWLLRLLNGSGSGSGS",8,0.094002676762013,0.0995269190945972,0.080237279826662,0.0735101455358375
3,"F29","NSASFDDDLGAYSLPTHELV",1006,0.102195962145522,0.0829071288527558,0.080170437532756,0.0795565303244654
1,"F29","NEASFEDDLGADSCDTVELV",149,0.018123271719283,0.0230830763282194,0.0800322333229517,0.0992728463321926
5,"P15","DGADSTDLCSNWC",2411,0.0716502386113133,0.0650597636137513,0.0799732131280971,0.0756712691394536
4,"C1","ADEDRAESIDSLWTDI",1437,0.0350990422690274,0.044127331315727,0.079970257960648,0.0494410276586367
3,"O12","SLDGLESRIS",1259,0.177075266182167,0.171302293290447,0.0799527930860844,0.0695187970246854
3,"C14","DSVDYMECA",901,0.081331062019091,0.104657436462724,0.0799470691036949,0.0833511110618994
