"TS","spot","seq","unique_seq_idx","sfp_1","sfp_2","AcpS_1","AcpS_2"
1,"C23","SASFVEDLGADSSDTVELVM",53,0.0134463689093906,0.0141818116995433,0.0493195391454246,0.0453016933117321
4,"D1","WFSKYPVESKVSNCE",1467,0.00103064115014957,0.028336681489808,0.0492687154736491,0.0621592229781451
5,"Q4","QQYECGVESTSSIILSHM",2430,0.120590251891142,0.127782244492742,0.0492632515594255,0.0904861072325069
3,"D2","CPLPIESLET",919,0.0911304016416552,0.0825664250323023,0.0492517476342973,0.0603805390891587
1,"G3","NEASFVDDLFAESDDTVELV",153,0.0116386000566908,0.0145396113392651,0.049104332763946,0.0518276666892472
3,"C15","DHDMDSCDTVE",902,0.0514926973214257,0.0679926224964926,0.0490687872669627,0.0473718749293183
3,"G30","IGTDSMEEMECVEC",1037,0.138582721760332,0.113866780155543,0.0490518519702288,0.0404986498957529
1,"F18","ADVESSETNMAGR",138,0.0155272164066457,0.0198358713323557,0.0490424210087953,0.0541137108893056
3,"P5","PCIISHDWCAIGST",1282,0.0168775469416042,0.0294527966600038,0.0489881486313355,0.0656105547516252
3,"A18","NNASFVEDLGADALDTVTLV",852,0.0651665180261252,0.0738232795138656,0.0489090334328818,0.046719867775785
