"TS","spot","seq","unique_seq_idx","sfp_1","sfp_2","AcpS_1","AcpS_2"
5,"J29","QLVDWHISLYYTHSNC",2245,0.218133304566434,0.149799728028622,0.316332232133105,0.205325643007506
5,"J10","YQCCSRCGC",2226,0.415575289386533,0.35570532186568,0.316316955929368,0.389968027286582
5,"H6","FGECLCCLMSMAYCI",2162,0.184546887102213,0.152719701121718,0.315766550416702,0.213263697964348
4,"K23","CMQVMDLTSRTVNGKG",1699,0.317121932313158,0.321145425537594,0.314455194796814,0.301819951769791
5,"D27","KCWQICSECFCRS",2063,0.235129806474851,0.185433507781598,0.314274250182864,0.303285934448724
3,"A25","DDDHKASLDFSK",469,0.506791162102454,0.412116506132115,0.314007227522945,0.348020634573562
4,"A21","DDDHKASLDFSK",469,0.506791162102454,0.412116506132115,0.314007227522945,0.348020634573562
3,"A27","DDDHKAALDFAK",859,0.515151304204698,0.362356714248514,0.31329905520941,0.351106061891683
3,"A28","DDDHKAALDFAK",859,0.515151304204698,0.362356714248514,0.31329905520941,0.351106061891683
4,"A22","DDDHKAALDFAK",859,0.515151304204698,0.362356714248514,0.31329905520941,0.351106061891683
