"TS","spot","seq","unique_seq_idx","sfp_1","sfp_2","AcpS_1","AcpS_2"
4,"T9","TCLGPCVTCSQTAWGCGV",1955,0.0324221170794138,0.038963089972854,0.0899052252182277,0.0314472324957606
5,"I15","REGADSMMFL",2201,0.117883372359338,0.104277692894695,0.0898529276187682,0.150458135572133
1,"F27","NEASFVDDLGADSLDTVTLV",147,0.178206565117564,0.184216924606041,0.0898283912024183,0.109990726604068
1,"E18","ELDSTDSCTKGRE",108,0.0400679834511823,0.0591183091547053,0.0898045789888988,0.0986404815673875
1,"J5","NSMSFVEDLGACSLDTVENV",245,0.129143239074855,0.160495094181979,0.0897979862740969,0.0979427412443622
3,"H11","VDSLEDCEMC",1048,0.0686465476741301,0.0773219747165502,0.089702317695236,0.0881133572676565
1,"H9","STITSFNRYGLDSSASISLT",189,0.0967760818103158,0.082327935348105,0.0896075259184326,0.0892384526356212
1,"E27","NSASFVEDLGADSLDTWELV",117,0.0622019663532607,0.0775010526141615,0.0893837471400869,0.145330212581081
3,"B9","PIDSQECITIAIP",866,0.0854343835996266,0.100988267981966,0.08901330995458,0.0907659369770255
3,"M12","ECADSREIL",1199,0.111198963722514,0.108407193193975,0.0889443855154709,0.082790626242496
