"TS","spot","seq","unique_seq_idx","sfp_1","sfp_2","AcpS_1","AcpS_2","measure"
4,"T16","DVEYRMSAAMMESRAC",1962,0.0822932715240241,0.0659448906907017,0.174760236737533,0.160415381219981,-10.0503523652017
4,"S8","LPVISMDWKHT",1924,0.0940395394091736,0.064950241472829,0.114679448361333,0.0592828056035666,-10.0517703928917
4,"H24","FTRWCAESKIMCSTSP",1610,0.0834086912677432,0.0803866310771248,0.12542041740489,0.092882852143548,-10.0572126144767
4,"S18","DFLEGLDSACYLDAV",1934,0.138328780838323,0.124074588837272,0.202896312542598,0.183735389826747,-10.0758930604374
5,"J2","HCMDWRISLDWCRE",2218,0.0711842642117276,0.0923208263592337,0.133136250844995,0.110737377934671,-10.0761198324469
5,"C16","DEGRCCNLLSHCWC",2022,0.11570761551143,0.0914458850854224,0.158827420007302,0.130282714893759,-10.0849782563823
5,"G25","GPWAWCLCSVCWCMTDCC",2151,0.188372577532484,0.145937275924326,0.21867695913056,0.184257477548179,-10.0898037824887
4,"I19","YCIESTMSIML",1635,0.152158112781538,0.149576256443661,0.173107133655724,0.127293009704054,-10.0902689865489
4,"E23","TADPADSVESMISNSS",1519,0.0857057566925404,0.0812464446951049,0.140258269800001,0.116199926628544,-10.0956649213678
5,"E19","EDKHYNVCSMCFWRC",2085,0.389798918520375,0.307178657485041,0.458666971217735,0.443562568484644,-10.1005807724855
1,"F26","NGAESSSSKVVGCM",146,0.144637326765111,0.177567754272026,0.188686026946158,0.162486211841777,-10.1080559105537
3,"A19","NGAESSSSKVVGCM",146,0.144637326765111,0.177567754272026,0.188686026946158,0.162486211841777,-10.1080559105537
4,"F12","TWFNHDPADSYVLNTSTSC",1538,0.107747809399521,0.102126213588649,0.15196578855335,0.124432069821809,-10.1099662058091
4,"G21","SWYQCYGADSSAACSS",1577,0.0938284148783731,0.0967105937132477,0.118203157607088,0.0726376075429706,-10.1256689137762
4,"E7","CLNEIGLVSLEEVVV",1503,0.145730850334284,0.130805154378249,0.156518426968014,0.0939225826435412,-10.1273842048869
5,"F11","DNEWCCQVRSKMWCCSFE",2107,0.176469191076167,0.153642857758341,0.224292277562784,0.201513915051116,-10.1387798334992
4,"R9","CELCSHTLFQC",1895,0.131999330812736,0.1302594328479,0.158341257559594,0.119912324197247,-10.1413863018168
4,"I7","CHGADVGKMSIDAWF",1623,0.0663166751127242,0.06182371005134,0.0981099163872649,0.0536847457777444,-10.1452539045657
4,"K11","LDDGKASAEWTSSNA",1687,0,0.00217030263054611,0.0920901563368539,0.0316561908677697,-10.1545099109668
4,"H4","CLDRKISLCWH",1590,0.187074153058768,0.173856335070076,0.201384317145748,0.151272511080516,-10.1657958181954
