"TS","spot","seq","unique_seq_idx","sfp_1","sfp_2","AcpS_1","AcpS_2","measure"
3,"N3","DEAESHMSCMTHCV",1220,0.113596350072587,0.112996645512355,0.0444650636633898,0.0720732586562917,-38.6834295623
3,"N4","PIDSVASVLI",1221,0.094560544305453,0.115562240432761,0.0508504840179321,0.078715871268421,-38.6834295623
3,"N6","AMCLESHMSIET",1223,0.0712197505046809,0.0971115362090514,0.0464280790193031,0.0647655837494849,-38.6834295623
3,"N8","CADSTDF",1225,0.0844744309125064,0.101936636339412,0.0598899833696951,0.0706711774012579,-38.6834295623
3,"N24","GIDSSDSCMTPCM",1241,0.103658166152613,0.079636896485502,0.0773705522864501,0.0813999469318817,-38.6834295623
3,"N26","MMPIDSHTIMMT",1243,0.140125938644594,0.128965522903744,0.0778264741395696,0.0880917464073815,-38.6834295623
3,"N28","PMDSTDTMI",1245,0.128765232156989,0.092848175022331,0.0627177194140359,0.0689910864042637,-38.6834295623
3,"N29","FVESTEALATGVM",1246,0.178263488997921,0.126638585717927,0.0849071586806355,0.100567348361527,-38.6834295623
3,"O2","SACCVDSALTA",1249,0.102599458014519,0.0590506764444626,0.0473498176718434,0.0638171260410437,-38.6834295623
3,"O3","DCLDSTET",1250,0.0662764575914473,0.0601514828178998,0.0354298683914081,0.0473442477964273,-38.6834295623
3,"O7","TMCWVCSLSS",1254,0.0740207142051455,0.104047927134455,0.047101364296703,0.0636660886248315,-38.6834295623
3,"O10","TACPAESSDFAMHGCL",1257,0.118870824116583,0.117137813550588,0.0917621970322061,0.0962387169090164,-38.6834295623
3,"O24","GMDSRDSMAHGCA",1271,0.148625711124873,0.131818249876883,0.0803227072968393,0.0887006681864864,-38.6834295623
3,"O26","GIESSDF",1273,0.102382737873654,0.0933125769525758,0.0536570546390186,0.0608528761409421,-38.6834295623
3,"O27","YMESTAYVISSLL",1274,0.178854677260746,0.154671135830857,0.0913113335821285,0.100519132964273,-38.6834295623
3,"O28","DSLEPRASKDA",1275,0.161537110414749,0.108474843631963,0.0571103021542525,0.061161274024756,-38.6834295623
3,"P8","DLFAESHATIAR",1285,0.293348076383363,0.317216860318974,0.0823585518240342,0.0964194777797393,-38.6834295623
3,"P23","DSHTYCITTT",1300,0.145547445866217,0.142358707569847,0.0900668185272969,0.0999788614573982,-38.6834295623
3,"P30","MESHLLCAHS",1307,0.188998173926257,0.0651851171831932,0.0536965013083542,0.066919750211313,-38.6834295623
3,"Q8","ECAESSDTCISPI",1315,0.110281259138801,0.131329671471491,0.0757145908695721,0.0909925783176697,-38.6834295623
