"TS","spot","seq","unique_seq_idx","sfp_1","sfp_2","AcpS_1","AcpS_2"
5,"J15","CDPCHCCVCSAVCCMTQ",2231,0.136154701194565,0.123529118127468,0.0956816264000045,0.155629450207316
3,"R10","NFASFVEDLCACSLDTVELP",1347,0.121370428876925,0.120795063708759,0.0956339608412233,0.105520973392227
5,"M17","YDRRHAESTWSMSAD",2323,0.107072933335833,0.100367116001218,0.0956319787378596,0.105651169597368
3,"H13","EEGCIESVCYVD",1050,0.088098112260237,0.0910376337524675,0.0956238884070959,0.100291656503634
3,"A21","NGAESASSKVVGCM",854,0.153399135699477,0.204399814946798,0.0954763664423591,0.093573985351559
1,"F20","LESSDSGLCTID",140,0.0177125183777344,0.0308639090819837,0.0953766556287095,0.107986882138947
4,"H16","WYSMEQGMVSVDWT",1602,0.0644422697260897,0.0584564028535037,0.0950739769589501,0.0377321213257643
1,"D15","NECSFVQDLGIDSSDTVELV",75,0.0376016552125292,0.0529315444246936,0.0950705146059552,0.0957931985997391
5,"H13","PFIEPKASGEWCY",2169,0.122390959685869,0.0980006987485407,0.0949475415650179,0.106783149067295
3,"I19","DDAPMESLESLDLVCG",1086,0.142680461865297,0.124493991585633,0.0948925941918879,0.0969053301408271
