"TS","spot","seq","unique_seq_idx","sfp_1","sfp_2","AcpS_1","AcpS_2"
4,"K9","APCASIKMWD",1685,0.0273666356839265,0.0295924090144073,0.0873836460608903,0.0288123422448314
3,"M27","SADCMESTDSCLSPC",1214,0.130592452444197,0.118076351112417,0.0873573929096585,0.0943182476996259
3,"S2","DGIDSSDSCLTPCM",1369,0.0995482649494158,0.145816404713772,0.0873536212933554,0.0848144287688008
4,"J26","EPIESKDSLMS",1672,0.0836936741577615,0.0844258442552426,0.0871202640150546,0.0954387656168515
4,"N6","EHRASLCWTETR",1772,0.216573874519403,0.203128797178193,0.0871050911457043,0.0480019142838019
4,"C2","TYATRDCMESLDSVASSC",1438,0.2676229171451,0.321597761253889,0.0870421427039869,0.10015431496749
3,"G9","DDIPADSIDSLELAV",1016,0.0700815368952268,0.0756132367968565,0.0868922416895854,0.0860662225112914
5,"Q12","TGGCSCSNTCQQCQCC",2438,0.137148140527337,0.10832346602779,0.0868212093061271,0.133882948414699
4,"R1","TDIEHRASLCYSETHPC",1887,0.311702032129384,0.3396546628281,0.0867114500164957,0.089176860740708
4,"G3","TWNHWCMDSKIVCSST",1559,0.106223438621516,0.101683577646552,0.0866154626517679,0.11673882699352
