"TS","spot","seq","unique_seq_idx","sfp_1","sfp_2","AcpS_1","AcpS_2"
4,"S11","GGCCTCSRRIWGHCA",1927,0.328910765627905,0.264963372141773,0.346134420086491,0.33291474733902
5,"E22","RFWCIASKAQCA",2088,0.378457068801107,0.391504821171863,0.346082492959689,0.404405415091755
5,"D1","QGWHCCALSIAYCMTWC",2037,0.154082518276047,0.125042694072257,0.345124057126191,0.116519378109797
5,"G29","CNKCLSVEYKRSNC",2155,0.342945637620371,0.266073083163984,0.343927234673869,0.354600689620988
5,"G20","SVDKRMSWLFTHT",2146,0.306036571252744,0.274288171862624,0.343482838231084,0.338843911364319
4,"L15","CIPIVEACSHSLYQKGV",1721,0.435924394755552,0.409155816978575,0.340592491624096,0.334049616737385
4,"M10","LNPICSCSHSAFGKCII",1746,0.37433585820698,0.378376685740097,0.339149779341917,0.338156995998276
4,"S15","IGPLESCSKKAWPHPIA",1931,0.381984454928978,0.368375810743267,0.338236695030498,0.351745720795743
4,"D17","NKVSVRRISIEWR",1483,0.374500278187099,0.339687811005391,0.338025071435234,0.308768269982865
3,"Q18","AESRSLKVKRI",1325,0.401435510067633,0.918495530941034,0.337963310822841,0.355008419043453
