"TS","spot","seq","unique_seq_idx","sfp_1","sfp_2","AcpS_1","AcpS_2"
5,"H26","CGKWNFNLLSVFWC",2182,0.273592984876697,0.217406240994032,0.263351681805433,0.224938430778711
5,"E25","NECCCCVKSLCWC",2091,0.265545184482444,0.234971728662548,0.260840157150297,0.25762522003292
5,"N23","CCWPPGCSTSNSCNNRCCC",2359,0.285196550979489,0.240038417571141,0.26054509289659,0.294840869935493
4,"P21","CLGGIATSSQSVNQR",1847,0.251550709972285,0.240492822573967,0.260049135421998,0.178393234321243
5,"E18","WQLCSWCQCKT",2084,0.334810512028049,0.311330462148627,0.256028542175823,0.28934721412576
5,"I1","CENRISWCWCRSNC",2187,0.150279926397507,0.170436054267986,0.255981448656022,0.348694558239319
5,"F9","PFCCCAMSAIYCCSNC",2105,0.188522660516367,0.151471505915259,0.255098712736584,0.207149214709419
4,"D9","EDHYESMFYVHNK",1475,0.474784577094697,0.447892986685115,0.254449929377806,0.191238941682646
5,"D23","PYCFNCCSRCPCHSWHC",2059,0.243251510714171,0.195077093594468,0.253684569258489,0.246248116426787
3,"O30","PDEPLLSKLTVLRAAG",1277,0.467694225085278,0.529374289591972,0.253612191919859,0.278814149991331
