"TS","spot","seq","unique_seq_idx","sfp_1","sfp_2","AcpS_1","AcpS_2"
4,"E10","STWNKDCVDSYIICTSS",1506,0.164230725412087,0.168731737549077,0.182985411280193,0.155542807452652
5,"H7","DDHCWCMMSHMWCV",2163,0.114122657406257,0.0734104712289534,0.182877540550659,0.139555644563075
4,"J11","DCAESFAICTTS",1657,0.179432014539881,0.166761693019473,0.18280172473062,0.146144473111134
4,"L11","EDKQASKEFTDSRI",1717,0.108004699106006,0.0996518681860832,0.1827070080937,0.145867760977267
4,"Q15","EVEIPAMSIEMIK",1871,0.0893492400441588,0.0996760156720004,0.18228789551007,0.15007311545424
5,"S19","KDCCTSNTPQCR",2505,0.275412067828538,0.253147561838013,0.18172370066522,0.245260494836413
3,"S19","EFIDSTITCISR",1386,0.223365551597712,0.226310521575597,0.181706388041292,0.178883601452481
4,"A30","EFIDSTITCISR",1386,0.223365551597712,0.226310521575597,0.181706388041292,0.178883601452481
4,"H5","MRRESAESKDSL",1591,0.0522433992247162,0.0459977856712042,0.181641076089664,0.140555044493516
3,"A13","NAASFVEDLGADSLDTVELV",848,0.12412240188853,0.125674949285312,0.181600603518052,0.195049313666675
