"TS","spot","seq","unique_seq_idx","sfp_1","sfp_2","AcpS_1","AcpS_2"
1,"D3","NSASFREDLDADSLDTVELV",63,0.143305335589675,0.140526694667234,0.150045874677796,0.189183386623265
5,"E29","KPKAQKKDSMERH",2095,0.219661898749239,0.206717978923176,0.150008720571719,0.213307151028825
1,"C27","NNASFTEDLGNDSLDTVELG",57,0.103438103208574,0.090360148404714,0.149587933128385,0.168983093623459
4,"N26","ALWLLSIMIRETHAA",1792,0.157004906150126,0.17806807606374,0.149571035617695,0.139843030944148
3,"R16","DSDIFIADKLA",1353,0.269185135305091,0.169540954545808,0.149261729988947,0.130546792715569
3,"M24","TLAFADSKISCLITSV",1211,0.206864355006089,0.131176990719806,0.149168667205497,0.15450265289285
5,"R13","EEPYESKCLAGAPK",2469,0.201190920087821,0.170864286394547,0.149131117262135,0.214659938345787
3,"E19","NEAPCVDDDCTDSLDTVELV",966,0.0990557302858216,0.0844460246071808,0.148923704424269,0.172097659718307
4,"I18","AMKMASMCSYDIAMC",1634,0.0945328287049984,0.10231362604268,0.148836915300264,0.107217552949865
4,"T18","EQPHDSALTRD",1964,0.0599733399504474,0.0545001183755143,0.148338676202972,0.140170307776507
