"TS","spot","seq","unique_seq_idx","sfp_1","sfp_2","AcpS_1","AcpS_2"
4,"S9","CMQPCDTCSRRMYQ",1925,0.630442037876598,0.559639512057676,0.599217311868002,0.644687582464741
4,"Q24","LDTSSRKAQQK",1880,0.802471483877551,0.79060974880099,0.593922321854284,0.828416150458373
4,"L2","GEGCWLESIVYKMSRC",1708,0.712096886667606,0.618558562099146,0.593882739631367,0.604924804364421
4,"O27","KITIMKMLSKHSM",1823,0.939417357941475,0.986822228305885,0.584828045355235,0.599806497898906
5,"D5","NECKFCAVSRCFCITKCT",2041,0.466539248459185,0.432377198584746,0.578781766537281,0.581668891934
4,"R8","CCICSKRVWQKP",1894,0.760492429767702,0.731727837534605,0.578425928997195,0.63877606062989
4,"R19","SSILKLDSKMIT",1905,0.639877531333073,0.61156910288527,0.574911797625216,0.641130302133578
3,"P15","NGMISMDTCIKKG",1292,0.407875799543706,0.904354259138814,0.556384192780131,0.625814773836781
4,"O3","TCVQPCISTSKKINGR",1799,0.920233676576065,0.904536596991257,0.543735647784938,0.861579159560806
5,"F1","PKRWQIVSHIYCRFNH",2097,0.274103457109731,0.277617900061592,0.54363000548046,0.466735450686985
