"TS","spot","seq","unique_seq_idx","sfp_1","sfp_2","AcpS_1","AcpS_2","measure"
4,"P16","CMGVADLTSRTMQPCGAM",1842,0.0970211450082948,0.0808257133481944,0.157378994185394,0.122547654566442,-9.65883573124855
4,"L7","PPCASTSNHINQ",1713,0.0716671496130523,0.061503034933773,0.12755768674767,0.0881594540171768,-9.66784287962565
4,"D18","WINEFWADSYDTADIA",1484,0.0808817725231228,0.0814209532453223,0.118981279245635,0.0644756387620233,-9.67271035525087
4,"P9","DMQRDISVAWTHTHA",1835,0.0600788141494416,0.0496107913536148,0.0979940525636882,0.0329185967590438,-9.67324160713226
4,"S5","ELGMDSIEIMDD",1921,0.0456461979692298,0.0389834507601353,0.107196644383812,0.0676525591078153,-9.67904234690697
4,"H15","TWLQTVPPDSVIMKD",1601,0.0613064892054217,0.0640604838071735,0.108212562817253,0.0598403865438071,-9.69077434932235
4,"L12","RWTILDRLLSIEFIE",1718,0.157668339742464,0.148875804581354,0.202480993176305,0.162026238522383,-9.6917818632645
5,"D25","ECVVSFAWCKTN",2061,0.278089454945163,0.26042856468191,0.324952900398908,0.289004674846946,-9.69219492912899
5,"R24","HHADSSYTVFMW",2480,0.230188559680209,0.215974724758775,0.249437760294471,0.18205051325897,-9.70646164701388
4,"F21","YEIESVESAVDEG",1547,0.101360088768589,0.1112436517937,0.1339927282322,0.078247623915003,-9.70940673975064
4,"T14","EAPMESRENLDLMC",1960,0.0846711525541181,0.0873334462386687,0.158261770690285,0.130702752612246,-9.71019144581808
4,"N19","SDEVWAMSRDFMDEVYC",1785,0.104729480109072,0.101737319638732,0.134711258426374,0.076511137298842,-9.72139170847528
4,"K20","CHRISIDFV",1696,0.129601253220185,0.137392728353041,0.168580744305036,0.123405934086014,-9.72527048352212
4,"H9","KPAESIYAIDQN",1595,0.0743416970097023,0.0794667837215386,0.150957646215452,0.124532392335307,-9.72642674699939
4,"M15","EMGIESMDTLIVRV",1751,0.144595292739045,0.143248100453886,0.187322974271816,0.146536373975463,-9.73316500562449
4,"L23","DMDWADSMEWMAI",1729,0.0451542590249645,0.0555138176003711,0.0938772927532867,0.0335136122028585,-9.73644590023322
4,"G4","REEAGIVSMDTIT",1560,0.0484766229046103,0.040955330382155,0.1276860112902,0.101070274430845,-9.74424214888615
4,"O15","DSVSEHRASVCYT",1811,0.115490578465069,0.109920695804087,0.180198250010964,0.151517216836082,-9.74840171076955
4,"R6","CASTSQHVWNCCVI",1892,0.0796065122524002,0.0592265008422616,0.119955946440529,0.0721357749163483,-9.7515667664193
4,"T13","CAQPCCSCSQSAFP",1959,0.0954074161836053,0.0874448334354691,0.134922938919898,0.0886787446683269,-9.75306108160515
