"TS","spot","seq","unique_seq_idx","sfp_1","sfp_2","AcpS_1","AcpS_2"
1,"I27","FSRYGLDSSESISLTSDFGD",237,0.0650698387829915,0.0802288053310649,0.088899434731469,0.0902331766236241
5,"F29","RECADSVDWLTTAVT",2125,0.228874534338303,0.253471936201223,0.088561455948707,0.0930685791347869
1,"I16","GHESTSSALISCD",226,0.0180435431836998,0.0295291836331116,0.0881474730428917,0.104923162435506
1,"I26","MEIDSSDTPSCGPI",236,0.00972925721786174,0.0180777963763043,0.0880694436875314,0.0993160357995383
3,"S5","CSKDVQLTGC",1372,0.03663493157422,0.0837705882643525,0.087800639173869,0.0874057038532415
4,"J25","FPMDSWALCST",1671,0.0365214027933431,0.0343084508810333,0.0876817360453649,0.06398204612737
4,"F3","KFCVDSYLLCTST",1529,0.174013317930323,0.168207483687149,0.0875574133471254,0.155211569555904
4,"D29","MFKMSIDVMHS",1495,0.124207861024636,0.128356820682468,0.0875188932250621,0.118038153917058
4,"C29","WMNKFPVDSTETMS",1465,0.0531909350430115,0.0548522813486621,0.0874150539004455,0.0872214886405515
5,"T30","CSHGCSCSNSCQNCQCC",2546,0.133238955456828,0.115439141804214,0.0873931182648179,0.124161889376954
