"TS","spot","seq","unique_seq_idx","sfp_1","sfp_2","AcpS_1","AcpS_2"
3,"A9","GDALSWLLRLLN",6,0.111150903895047,0.106568726879264,0.105693782870333,0.100368154455496
4,"A10","GDALSWLLRLLN",6,0.111150903895047,0.106568726879264,0.105693782870333,0.100368154455496
4,"R4","SYSEALWRVSVDSM",1890,0.219399074181357,0.193849055243912,0.105586461556178,0.0936059175515812
3,"A16","NAAAFVEDLGADALDTVELV",851,0.0804147280661704,0.0817643607091261,0.10547937499476,0.103583950415365
4,"A20","NAAAFVEDLGADALDTVELV",851,0.0804147280661704,0.0817643607091261,0.10547937499476,0.103583950415365
4,"M5","EEIGDASMEFME",1741,0.0360169290639483,0.0355500511068752,0.105235532054191,0.0807553688892593
4,"F14","SFEYAIHKESHEGHSE",1540,0.334086721866886,0.30715334104997,0.1051544520336,0.0470027235662556
5,"N19","SGDCTCSQTCNNHQCC",2355,0.120298236659212,0.106005445285185,0.105048688034378,0.151647881048879
5,"B11","HILNPILSLDFTI",1987,0.152225504161325,0.14670002666075,0.104852481251987,0.148959590507005
4,"G24","EPLESREWAIMSCS",1580,0.110914178318562,0.125358017518816,0.104791687693519,0.0753678567514046
