"TS","spot","seq","unique_seq_idx","sfp_1","sfp_2","AcpS_1","AcpS_2"
4,"L29","PPCMTCSNTLWGCPVI",1735,0.0386670527106502,0.0489861317209302,0,0.0465322615915509
5,"O29","PSDDECDDESSDTD",2395,0.0364827224009369,0.0418375602142102,0,0.0691237408146121
