"TS","spot","seq","unique_seq_idx","sfp_1","sfp_2","AcpS_1","AcpS_2","measure"
4,"I4","SHEGVESLDSVIVNSE",1620,0.227310783969202,0.226602687665004,0.162732703203497,0.107696695034804,-23.3281996902781
5,"I21","SCDWHVSFCFCKTQC",2207,0.331518824400344,0.329644450302317,0.374496134609626,0.409725658606042,-23.3414465895852
1,"H17","NASFVEDKGADSLDTVELGM",197,0.0581366310313711,0.0666360959512469,0.116856206035601,0.137409941271918,-23.3570402393458
4,"R18","MPPCCTCSQTAYNCCVA",1904,0.116005067058137,0.0975623193848131,0.166273706034762,0.17278954966041,-23.3623193267558
5,"A24","MPPCCTCSQTAYNCCVA",1904,0.116005067058137,0.0975623193848131,0.166273706034762,0.17278954966041,-23.3623193267558
1,"F20","LESSDSGLCTID",140,0.0177125183777344,0.0308639090819837,0.0953766556287095,0.107986882138947,-23.364346439671
5,"B22","HTKFHRASMLQCK",1998,0.499574641619501,0.486499833981333,0.537835799783457,0.584381637323468,-23.3767626218307
5,"K2","ENCIEGRMSMCFSRTD",2248,0.0446440282719667,0.0580970968910085,0.106031084155585,0.154329143678943,-23.3830052049297
4,"B11","FINCDCLDSLETAS",1417,0.186530988821643,0.242491908169264,0.131269046455116,0.0760287921309713,-23.3846783219196
3,"E19","NEAPCVDDDCTDSLDTVELV",966,0.0990557302858216,0.0844460246071808,0.148923704424269,0.172097659718307,-23.3952451258003
1,"D8","DIESTSTLALCSE",68,0.016795324836663,0.0256164279248865,0.0946162149244948,0.104675832383837,-23.4004516182466
4,"D10","AEDLGMESLETREMMVR",1476,0.200195519163646,0.19282489890513,0.155795212150429,0.10483854256824,-23.410729684453
4,"D14","THYAVGRLSMDWF",1480,0.20664426981398,0.18381637197854,0.161789804203805,0.111858893470752,-23.4205843633785
4,"O7","CVPPCCTCSNKAWP",1803,0.269145761438733,0.252699158241756,0.189088641078118,0.14147496502126,-23.4313986420805
4,"G7","QKCGAESLETCLTST",1563,0.284967390330831,0.28179084918268,0.125371257308195,0.0719929565392239,-23.4335287649858
1,"C27","NNASFTEDLGNDSLDTVELG",57,0.103438103208574,0.090360148404714,0.149587933128385,0.168983093623459,-23.4507630073512
4,"F14","SFEYAIHKESHEGHSE",1540,0.334086721866886,0.30715334104997,0.1051544520336,0.0470027235662556,-23.4508749527334
4,"N11","MFMLSREYLF",1777,0.253962056236682,0.227531069656747,0.227514463758348,0.182685683312738,-23.4536380602355
4,"M9","SMEEFADSLDYAIVII",1745,0.388646795969482,0.38463213711606,0.186600574995958,0.140343176450753,-23.4608392206453
4,"K18","EQRTMSLDYVETHNS",1694,0.344162428739967,0.362019283642173,0.141344647245487,0.0922010111463745,-23.4706335321259
