"TS","spot","seq","unique_seq_idx","sfp_1","sfp_2","AcpS_1","AcpS_2","measure"
5,"C15","DCCFCLLSFMFCIT",2021,0.224089274770817,0.199430454777859,0.263831203786747,0.231601005448489,-9.93848951544165
5,"I16","GYKYCILSWVFCISRDC",2202,0.275342944980463,0.202184104493542,0.297368600930827,0.250122581352007,-9.94054691763221
4,"N12","CCTCSNHIFGCCMV",1778,0.123160105636241,0.120399277398073,0.16255430819211,0.12680188662189,-9.94072888118581
4,"P19","PIMSCSQTVY",1845,0.150830159444522,0.132557958919951,0.186624642959965,0.150023406541264,-9.95496466194728
4,"I17","DPAESSLSI",1633,0.117598682737925,0.124958753840326,0.158314268818237,0.124615599138484,-9.97763311745131
4,"K13","SYINKWPVDSIDIQTAT",1689,0.11338030188753,0.120519781800051,0.141362532265234,0.096076252473278,-9.98379007812287
4,"I11","DPLESSLTQCMT",1627,0.10413503186815,0.104179915029657,0.139096407329496,0.100192531903536,-9.98586104154223
5,"D24","SMIYRADSYDAIIT",2060,0.189855493033187,0.170872860698265,0.215270608948888,0.17205008044245,-9.99221325532074
4,"M21","MEPMESACYAR",1757,0.153020928717201,0.129315292364141,0.183878429471895,0.144741351630003,-9.9938759046527
4,"E11","YPIDSSAVHCSSCC",1507,0.0864446338394049,0.0957165561928469,0.142852773560653,0.117228165151607,-10.0099218335951
4,"H6","HYPLESFMTA",1592,0.131411869173361,0.128874753670519,0.167412774754618,0.132572937377032,-10.0188176854114
4,"H16","WYSMEQGMVSVDWT",1602,0.0644422697260897,0.0584564028535037,0.0950739769589501,0.0377321213257643,-10.020029154467
4,"T12","PCITSSNHVWNCCL",1958,0.109809443965445,0.116688254477893,0.145981533017219,0.110216249849182,-10.0258087407477
5,"C21","HTNAMSICYCITGC",2027,0.178887137103018,0.167047060723245,0.219098027739932,0.189231982083967,-10.0288757436162
5,"B6","CEDHLCCMCSAVWCITG",1982,0.115466347970462,0.0891867975852773,0.163442317370917,0.135782170159172,-10.0291196204378
4,"G16","NYLEDMFMISMLHMENR",1572,0.149790506165485,0.139183865936319,0.189708964875421,0.158804254956417,-10.0299452088352
4,"M5","EEIGDASMEFME",1741,0.0360169290639483,0.0355500511068752,0.105235532054191,0.0807553688892593,-10.0303569226367
4,"B21","SWFQCDGVDSTLTHCDN",1427,0.0398816352275957,0.036625560904852,0.114304412963165,0.092970704639526,-10.0354831114386
5,"H10","QYNICSRCYCCTQ",2166,0.362994460493847,0.307452461571039,0.443531877764099,0.429622019761859,-10.0440438194616
4,"Q5","CDCVGRDSACSS",1861,0.0643447508591098,0.0572797008165926,0.112194227192176,0.0808690661078226,-10.0501826858738
