"TS","spot","seq","unique_seq_idx","sfp_1","sfp_2","AcpS_1","AcpS_2"
4,"K12","TFAHHDKLESICTMHV",1688,0.0982984308063568,0.0789580261955666,0.161348880620484,0.100829431935608
3,"M13","DSSDYMLKP",1200,0.225763333140345,0.20775245608225,0.161319794379339,0.143409379049371
4,"K6","TSWQKFCVCSFAAC",1682,0.15350541137242,0.154796424412542,0.161248436225384,0.158344233565008
4,"N7","LGVVSVDILETIAN",1773,0.187303389913749,0.182285875775222,0.161058908121112,0.128153636521042
5,"C26","YQHWHCNICSLLFCASECC",2032,0.245712975334122,0.220328719957581,0.160513664783169,0.162876912838324
4,"N29","VGPCCSCSHHLYPRC",1795,0.378800707572475,0.345759898782019,0.160453643396639,0.304237521401668
4,"R17","NDEDVPMESVESIEVML",1903,0.0477531867342754,0.0544151798122637,0.16036270101097,0.116471724108447
4,"O25","DEGRISIMQIDTIV",1821,0.143463698132079,0.163711303369019,0.160351055833744,0.15100724202155
4,"J17","SYGDHFTMESHMTADSKYC",1663,0.15267159863982,0.125770010330413,0.160113979750144,0.127605298064375
5,"J12","PQKDGYESKLFVCSVA",2228,0.205741277176599,0.176071485195766,0.15988899454119,0.214104161937944
