"TS","spot","seq","unique_seq_idx","sfp_1","sfp_2","AcpS_1","AcpS_2","measure"
5,"N21","GCSTSQSPNNCCCC",2357,0.1182604086944,0.0970826142352444,0.0827976080578569,0.125189392938406,-38.6834295623
5,"N22","WSEDHCVDSMTTKEVST",2358,0.0558638473631956,0.0473675332444947,0.0362733214480576,0.0893805538537311,-38.6834295623
5,"N24","CCYSHPCTCSNTCNQC",2360,0.133030060449708,0.127850295480705,0.0778484829245854,0.124649729303978,-38.6834295623
5,"N26","RPHGEQCADSSETG",2362,0.0631601671941267,0.0569546916853582,0.0356341534076272,0.0923116787467233,-38.6834295623
5,"N28","SPECTCSNTCNNHC",2364,0.0980143552944164,0.0910871531249177,0.0751947776789365,0.13262032406387,-38.6834295623
5,"N29","CCWTRPCSSSQTDNQHN",2365,0.09708384655458,0.108376481793035,0.047050439932775,0.131867566144149,-38.6834295623
5,"N30","CTGPCTTSNSCQNCNC",2366,0.0796408110475978,0.101881356152633,0.0402595105922715,0.11552101467048,-38.6834295623
5,"O5","ERGCLDSTCSILAT",2371,0.106426461899212,0.0809935673228771,0.0738234464915693,0.104376803491444,-38.6834295623
5,"O7","YPPECTCSQCEQQ",2373,0.0918635738632084,0.0581206762262344,0.0412071460524271,0.0909025824290491,-38.6834295623
5,"O8","PPDCCTSQTCQN",2374,0.0833170809212806,0.0520046314220637,0.0510527080111769,0.0952493458828221,-38.6834295623
5,"O10","TPGCSSSQSCNNCCCC",2376,0.142911401991524,0.115545263908335,0.0649181251427583,0.121900901586808,-38.6834295623
5,"O11","KECCSSNTPQQ",2377,0.100517034412532,0.0815679249071761,0.0532903069811521,0.107837392976116,-38.6834295623
5,"O12","GPCSCSNTCQQCCCC",2378,0.147440561406893,0.139664719886082,0.072020805800287,0.134969760695318,-38.6834295623
5,"O13","KTEDEAPADSSETCELPC",2379,0.0616632255155022,0.0488296029845519,0.031906443468681,0.0880553639465553,-38.6834295623
5,"O14","CWGPCCSCSQSNQQCQCC",2380,0.158059069322242,0.143733589295038,0.0844914666104269,0.136576495606055,-38.6834295623
5,"O15","LPMESWESQLVG",2381,0.0584282186232184,0.052282511321448,0.0309422668961989,0.0873012347269692,-38.6834295623
5,"O16","PWKDEQCAESKTML",2382,0.102248216142571,0.0962759956702886,0.0630901619545173,0.116646908997256,-38.6834295623
5,"O17","DDYCMESHEAQE",2383,0.0678457458544514,0.057910394446659,0.0378492272746401,0.080833870306744,-38.6834295623
5,"O18","PCCTSQTTQ",2384,0.106962912802647,0.0967989376234869,0.0723400735933548,0.127467779095591,-38.6834295623
5,"O20","YENCADSRTIAEMATE",2386,0.114539583384896,0.111860094590782,0.0439552086138329,0.0972205323014683,-38.6834295623
