"TS","spot","seq","unique_seq_idx","sfp_1","sfp_2","AcpS_1","AcpS_2"
4,"J24","MDGIVSIDSAIVQM",1670,0.105711890224168,0.111044675344604,0.172309780405275,0.136865044054319
1,"C19","NSASFVEHLGADSLDTVSLV",49,0.376183136826617,0.535398461365903,0.172178253260039,0.194798771868428
5,"R15","CCGPECSTSNSCNCR",2471,0.207152823336664,0.178778187579469,0.172031411572308,0.214421532150482
4,"O23","YIEEVRVVSLWMAHSDVT",1819,0.128367941914217,0.154574261716413,0.171938329597491,0.122376790875405
4,"O14","CPAISIAMSESH",1810,0.0882861023901721,0.0886564896136356,0.17182976771729,0.121795883667098
4,"F6","DWAKSMDFLLLL",1532,0.156330111991407,0.145364690220703,0.171610349060397,0.130048174496513
4,"O10","QGQWSAVYVETRM",1806,0.182156847854393,0.158075530660611,0.171562023471516,0.110734684714816
4,"S12","KEIIGMESHDQAETNLC",1928,0.0593744590337536,0.0622100989544671,0.170409587146095,0.125661026724912
1,"D27","NSASFVEDLGADSLDTVELN",87,0.237274665975782,0.219603853900788,0.170388732730618,0.19280683611385
4,"E22","FIDVLKYHSMEMIEEEL",1518,0.162709348891888,0.163402396145675,0.170170405826873,0.115278196725709
