"TS","spot","seq","unique_seq_idx","sfp_1","sfp_2","AcpS_1","AcpS_2","measure"
4,"P18","SELPMDSVLFMDTMAN",1844,0.296075294193902,0.290307280057296,0.184181848926729,0.144120418110559,-23.5960430691522
4,"T15","YRDELKVVSAEWGRTQA",1961,0.18970457918598,0.180539159079789,0.153663689531916,0.112210181199591,-23.605413844836
4,"D7","SFLSRFGLDSADTC",1473,0.182976129629992,0.194081704182418,0.15964140176814,0.119799653921303,-23.6324186912105
4,"N13","DKMESLDMVETKC",1779,0.196391637531119,0.193844511205549,0.131364351040723,0.0893228332987344,-23.6382400417377
4,"C16","IVLVKDMSMEYK",1452,0.209150052621145,0.201050598709855,0.183911525293166,0.146128579951549,-23.6498852517859
4,"R20","RVDDIGIDSIEILIQKGM",1906,0.392977432132138,0.399099073612638,0.189852348490782,0.152405253240599,-23.6516987911747
3,"R4","NAGFIESSSACICRCD",1341,0.0511714976615741,0.098950623196559,0.0986840003876691,0.118370572757946,-23.6587627737661
4,"E9","EDFLLPVDSLDLVS",1505,0.446753392310623,0.469589255189933,0.141320617213653,0.101274660463096,-23.659856264334
3,"F16","MDSLDSLELI",993,0.10725088457017,0.104931339420119,0.141134458900379,0.160930349930794,-23.680682042083
4,"G19","TDWHILSIEFVETNL",1575,0.20842103891176,0.228843510275533,0.163287764696507,0.126039161667941,-23.6885841256326
3,"C10","NSASFCEDLGADSLDTWELE",897,0.0404054831367864,0.0495523801812048,0.0944932909552725,0.108867384427933,-23.6941763528796
3,"P2","GLESKTSKVK",1279,0.471607206126642,0.806058051373961,0.494563511629513,0.5270788777105,-23.707261382547
4,"P7","PGCITTSHSAQNRCLA",1833,0.240360552085951,0.224373574691796,0.21345687616958,0.179229899143781,-23.7115107454128
4,"Q10","CIGGVESTSRKANG",1866,0.282421537308907,0.269154140650684,0.234091181910438,0.200469908828236,-23.7118290942274
4,"G20","WYNHFPVESRMAQ",1576,0.174912094315128,0.200429463619747,0.133455418996331,0.0948861971346338,-23.71199287887
5,"B3","RCCQIISMMCCCTRCS",1979,0.311312919854617,0.264052868519546,0.335694066289481,0.379766613333577,-23.7230707308456
4,"K16","GPCITSSQRVWGCCM",1692,0.23955920650172,0.22970294522365,0.204653292881197,0.17061849626081,-23.7241853575115
4,"D15","FIEMVYILSVLRVES",1481,0.240913432983212,0.219997112307466,0.209540758590251,0.17581433689408,-23.7281214487086
5,"H16","TNFGIVSHMWMVTKA",2172,0.354120901275778,0.322600478650299,0.377569619230892,0.383403957657117,-23.729623693664
4,"K25","TYDDVMPLDSLDTLE",1701,0.150880533428789,0.184251929707033,0.126760162802441,0.0882106788930671,-23.7305320155525
