"TS","spot","seq","unique_seq_idx","sfp_1","sfp_2","AcpS_1","AcpS_2"
3,"E7","APAESVESADAL",954,0.0329582262085674,0.0407150774869674,0.0432484585692018,0.0329334342084922
1,"G24","MSLDSSETNMYPTI",174,0.00556554377941269,0.00910635265224282,0.0432054591734181,0.0464560225692887
1,"C4","MDSSTSYLMGSE",34,0.0126760381903255,0.0120884748305956,0.0432053844684345,0.0395244393263471
5,"C25","ECIESMDFAST",2031,0.0691276866743759,0.0589039569856464,0.0431989878785269,0.0929275352299077
5,"K27","TTEIRIDSTSSA",2273,0.0782751163767558,0.0772506422200655,0.0431871415230813,0.110233739490451
5,"Q17","SEKCGLESTTSIADS",2443,0.0697752525560919,0.0606790190026396,0.0431485131607657,0.0984478456807697
3,"M7","DSSDAALRSV",1194,0.125913587028714,0.18973173386734,0.0429629694010294,0.0610140031701533
1,"D11","ASFVDHLGADSSDTVELVMT",71,0.0178538094534514,0.0210131765789518,0.04277482229551,0.0440192434577009
5,"F25","ASPAVSADLLDSVV",2121,0.0672951535683472,0.0662057313822142,0.0427363475618522,0.102082361698338
1,"C2","FGLDSTSSIVVSAE",32,0.0136488230415451,0.0148107253794476,0.0424476144673831,0.0435070873378452
