"TS","spot","seq","unique_seq_idx","sfp_1","sfp_2","AcpS_1","AcpS_2"
3,"D10","EADSIET",927,0.0432724060266599,0.0516131334047043,0.0528464233655742,0.0460413242583335
3,"H28","AGQDSLET",1065,0.07057154563557,0.0354188273740617,0.0527878228016794,0.0516505355282593
3,"B6","DSVDYLE",863,0.0469083095836695,0.0706590012771532,0.0527675891895117,0.0490132265845104
1,"H15","NEASFVDDLGADSIDTVELV",195,0.0628900665072768,0.046479855593557,0.052463423674852,0.0580029244629481
5,"H24","YQIMSAVPEVS",2180,0.0874425341027041,0.0797851641315625,0.0524352044493646,0.11445577179399
3,"I29","EDVPVESMDTIDMVA",1096,0.10298321501553,0.0634604800755258,0.0524079249007102,0.0534863167528655
4,"Q3","EAIAGHLSVEWLDSD",1859,0.0626546978158327,0.0496490078813873,0.0524030888918744,0.0414005070679268
4,"G27","NHFLSVDWSKTQV",1583,0.129579588884293,0.161611054663239,0.0523953507285058,0.144961288507633
1,"B13","DALEFIASKLAXXXXX",13,0.0153011717109563,0.019914277227087,0.0523504323871712,0.0468705027927394
3,"Q4","GMDSSDTMAT",1311,0.00941637706515597,0.0162329981003065,0.0523083986022628,0.0548128963430584
