"TS","spot","seq","unique_seq_idx","sfp_1","sfp_2","AcpS_1","AcpS_2"
3,"R6","LVSTDSHAHKAG",1343,0.389956350001766,0.384139698063755,0.24697683912496,0.284798943696493
5,"J6","TAEYKVSLVFCRSNC",2222,0.277018079601187,0.230743087368809,0.246132164946999,0.323161497556586
5,"C11","PNPAIDQLMSADYRKTQC",2017,0.32846540899019,0.302521814255952,0.241742299686522,0.285646932852159
5,"G10","CWQACSKCYCRTND",2136,0.263723826236854,0.242878625486687,0.241492018061922,0.269124226483314
5,"H29","CCVLSHAWYI",2185,0.196044119223716,0.151455685721074,0.241241371559844,0.181253216662379
5,"C18","CCNNCNSFCWCHT",2024,0.166285523477583,0.137262556240437,0.240248710218929,0.176234430568445
1,"F9","NEASFVDDLGADSLDTVELC",129,0.250444087556401,0.236709327243139,0.239807199481195,0.326707582184862
4,"M27","CAQGCCTCSHKMFQC",1763,0.466925413595803,0.473632954149512,0.238757977200877,0.402781345831977
5,"B24","HCCMFSMVFCLTGC",2000,0.185411930744685,0.157495558101718,0.236985367683386,0.209291442217495
5,"M2","CFSGCCTCSNSCNQK",2308,0.198234449472093,0.207477016140736,0.236977583630526,0.270794641131539
