"TS","spot","seq","unique_seq_idx","sfp_1","sfp_2","AcpS_1","AcpS_2","measure"
3,"S19","EFIDSTITCISR",1386,0.223365551597712,0.226310521575597,0.181706388041292,0.178883601452481,-25.5100653681706
4,"A30","EFIDSTITCISR",1386,0.223365551597712,0.226310521575597,0.181706388041292,0.178883601452481,-25.5100653681706
3,"P6","ESTEFCASGAV",1283,0.0505048576268007,0.0755117247295198,0.0637834894374012,0.0866290081714969,-25.5103263856939
1,"B16","DALEFIASKLAXXXXXXXX",16,0.00917759125883478,0.0120799570512085,0.0222341641223857,0.0316281485712916,-25.5175467638629
1,"F5","NSASFVEDLVADSLDTNELV",125,0.0584772013951305,0.0753856012620845,0.0714704258873528,0.0822193281352126,-25.5196161676449
5,"F20","WNHASMIWCRSNC",2116,0.280891435995444,0.247042778355275,0.27042930754282,0.301514929241641,-25.5277056944805
4,"R25","TCVQMLLSTSQSAQQCPAM",1911,0.068286691260874,0.055920916832192,0.0809220330889098,0.0924627837102323,-25.5313882599529
5,"J9","NKFCSNVCSYCNCCSERC",2225,0.207347720967049,0.169362303874504,0.197217152452378,0.250170148316079,-25.5354134724934
4,"T23","CYGELEPVISMDVKDSQ",1969,0.0526417529348056,0.051018656778028,0.0651217655909057,0.0754598170178598,-25.5365410594646
5,"L3","NNEQEAGADSMDIMMVT",2279,0.0243377803917842,0.0359674832001616,0.0367039984976778,0.0953536218100672,-25.5403329362219
1,"J16","ADSTETIDGPAD",256,5.02087929779833e-05,0,0.012020162593451,0.0171558841677427,-25.5536506616721
1,"F9","NEASFVDDLGADSLDTVELC",129,0.250444087556401,0.236709327243139,0.239807199481195,0.326707582184862,-25.5714798922485
3,"H16","EMDCDSVDCQDAIK",1053,0.0791783642987837,0.14643484671559,0.0905443791045401,0.0959267569827755,-25.5742953589435
3,"O15","SIIELCSVEFMMTPM",1262,0.116031503049331,0.103583161100669,0.0956887602075106,0.0908961816096923,-25.5921639751941
1,"C11","NEASFVDDLGADSSDTVELV",41,0.0139042613270935,0.0139064916751292,0.024209102421079,0.0345729850855791,-25.6116354742064
1,"D14","VDSTTSMEMPIE",74,0.00534042420386191,0.00707488872114146,0.0155043283231336,0.0195083438990311,-25.6167012644997
3,"H20","ESAEFCEKLCN",1057,0.182808256407265,0.150839455802796,0.118879896392278,0.115965972557253,-25.6191349066874
3,"R7","TEECACSLSY",1344,0.0585107102597668,0.0757981771223078,0.0684159216968347,0.0827472511325592,-25.6260669384842
3,"O9","EGMDSSDS",1256,0.0481676656574271,0.0566274217351658,0.0579079768163965,0.0649850839620099,-25.6320830701079
4,"G26","KETDKPADSMWAA",1582,0.00420405538167495,0,0.0138705630079378,0.0381390106621325,-25.6347874472015
