"TS","spot","seq","unique_seq_idx","sfp_1","sfp_2","AcpS_1","AcpS_2","measure"
3,"A1","DSLEFIASKLA",1,0.331320685980502,0.469349712137003,0.226499371713533,0.209399645779549,-24.3032539527325
4,"A1","DSLEFIASKLA",1,0.331320685980502,0.469349712137003,0.226499371713533,0.209399645779549,-24.3032539527325
5,"A2","DSLEFIASKLA",1,0.331320685980502,0.469349712137003,0.226499371713533,0.209399645779549,-24.3032539527325
3,"R16","DSDIFIADKLA",1353,0.269185135305091,0.169540954545808,0.149261729988947,0.130546792715569,-24.3146242232405
4,"O1","TEGMLSACFTNSMAC",1797,0.106617594499584,0.0948329446303622,0.118067796646396,0.166411063447583,-24.3182758569828
5,"H20","KTHEGLLSHMFMDFHMC",2176,0.159631556513575,0.131396766378247,0.167990709732912,0.19074755412242,-24.3213633523442
4,"L18","TCAPGCISSSNRIYN",1724,0.604744671564118,0.505310348561352,0.474184675071534,0.459500755951728,-24.3221969676095
3,"M13","DSSDYMLKP",1200,0.225763333140345,0.20775245608225,0.161319794379339,0.143409379049371,-24.3318703429419
3,"R5","GACSTIFRVHTL",1342,0.177299054834065,0.213695766735326,0.184774071056851,0.208090479333254,-24.3358469489059
1,"E23","NEASFSDDLGADSLDTVELV",113,0.141928189136046,0.124560170111506,0.150397697798016,0.173250816589392,-24.3438380263253
3,"R17","WESSETNIKGMG",1354,0.305616750427956,0.191498194335127,0.116364464968493,0.0966412788330665,-24.3582857834544
5,"D17","VDGRISALFTR",2053,0.361193983108613,0.308482102606306,0.365246952725744,0.394083983831803,-24.3739505124286
1,"F1","NSASFVEDLGADSLDTQELV",121,0.011594467620987,0.0211416839462274,0.0900965260647709,0.104876832657504,-24.3746944177233
1,"I26","MEIDSSDTPSCGPI",236,0.00972925721786174,0.0180777963763043,0.0880694436875314,0.0993160357995383,-24.3763804417394
4,"O21","IQVIDMCSHSLFNRCV",1817,0.313236912165179,0.299814893864111,0.272506118056909,0.257447741722825,-24.377263072781
3,"I10","NENSFDDDLGADSLDIVERV",1077,0.192932217908279,0.190524193088368,0.198988553370923,0.248371026564228,-24.3797250434367
1,"I4","APLDSTSSDTCPYI",214,0.0144802957915901,0.0225219609979089,0.0901205623932411,0.0947679075619008,-24.4049296299442
1,"D3","NSASFREDLDADSLDTVELV",63,0.143305335589675,0.140526694667234,0.150045874677796,0.189183386623265,-24.4131109852945
1,"G21","NEASFDDDLGADSLDTVELV",171,0.103703108077374,0.0952240649620798,0.113067486764065,0.146221122792759,-24.4150259940071
5,"H5","HFCSQLCSYCNC",2161,0.168459955470902,0.145746014607224,0.173985889944682,0.185457250655189,-24.4293073440252
