"TS","spot","seq","unique_seq_idx","sfp_1","sfp_2","AcpS_1","AcpS_2"
5,"M29","KSEEEQDLDSTEGET",2335,0.0467869229658521,0.0503219243173062,0.0200027536086991,0.0857508373856911
1,"G19","NEASFVDDLGADSPDTVELV",169,0.0099299662370275,0.0139201412843334,0.0195332988218966,0.0293688377950718
5,"P6","SGRADIDSSDSDE",2402,0.0683696394404866,0.0423055541647053,0.0193532473730646,0.0636712525695802
5,"N17","DEEEPMDSSECIDL",2353,0.0547709575327563,0.0506040309861292,0.0191675977123641,0.0726334971131995
3,"I6","DERGNDSNDGAE",1073,0.00543199795125378,0.0472926079619874,0.0190363532464901,0.0273346875034
1,"H26","IADSTTTHDEGTD",206,0.00311214619724262,0.00601109214333481,0.0188544546360087,0.0249435283307219
1,"E10","DADSTDTVEMTIM",100,0.00347824146664491,0.00478410866789071,0.0186938949500266,0.0224268548220328
4,"Q29","TLAMGIVSMEWLET",1885,0.057669141146759,0.0554536090920588,0.0186865834684376,0.0459127706819767
5,"L5","DEEIGIDSTDSEDVGCD",2281,0.0368713080118653,0.0225543738282262,0.0186079729620924,0.0724403723821921
5,"P5","RGDDKRCEDSTEGGT",2401,0.0793172585162334,0.0642465029825348,0.0183300822750062,0.056737331938988
