"TS","spot","seq","unique_seq_idx","sfp_1","sfp_2","AcpS_1","AcpS_2"
3,"B14","DDIGVESMESIDA",871,0.0432938560039445,0.0720909476846904,0.041487690591052,0.0303475107093247
5,"T27","TRENKCEDSSDPECDGE",2543,0.055804689725718,0.0488074124449988,0.0414744796178225,0.0864025762153466
3,"E20","LDSIESADHVAG",967,0.058941543136851,0.0612166555914208,0.041427596171288,0.0312721589762801
5,"L19","DDDCCMESTDTGTDGCT",2295,0.0650596918604147,0.0549842019642457,0.0413750140173764,0.0925919952941559
3,"C26","DDTPNDSAECCDLEE",913,0.0713095430021838,0.0583284649333517,0.0412984441965454,0.035119607922368
5,"L2","YTSDEPIESSMTVSATD",2278,0.00483232070655057,0.0233229514682336,0.0412958356046956,0.098384137374535
5,"O7","YPPECTCSQCEQQ",2373,0.0918635738632084,0.0581206762262344,0.0412071460524271,0.0909025824290491
5,"S16","DEEMELESPVTICMPSL",2502,0.0642463751492521,0.0560263119693577,0.0411004802030859,0.105101992570126
1,"I11","NNASFVEDLGADSLDTEELV",221,0.0120201490374996,0.0143477761339374,0.0410889736070665,0.0477137169873626
4,"H28","YNRFCLDSFMVCSTSC",1614,0.289459246727518,0.281120137468891,0.0410095916358174,0.145370158376195
