"TS","spot","seq","unique_seq_idx","sfp_1","sfp_2","AcpS_1","AcpS_2"
5,"G16","FCWNACSFCFCR",2142,0.455191436894271,0.381891396378059,0.541416512749184,0.500257018734099
5,"B22","HTKFHRASMLQCK",1998,0.499574641619501,0.486499833981333,0.537835799783457,0.584381637323468
5,"D21","SQMCSRMYC",2057,0.488054742964066,0.452242471504859,0.529827785128032,0.544448785306865
5,"I17","GDCKCCILSKAFCIC",2203,0.423953180181532,0.407816769789701,0.524968906357601,0.541810747191299
3,"B2","QPCIDRKMSLCFSKS",451,0.601293088332916,0.766980845712398,0.512829981849285,0.607129355947023
5,"E9","ACCICSRMECRTKCT",2075,0.450366460490328,0.417401845037056,0.512466282280406,0.498929086227193
3,"N27","NTAESNSSKVKGSM",1244,0.443891228070272,0.829649703413394,0.50998789887234,0.610791084432215
5,"D12","HDYLVSLCYIKT",2048,0.398607847875494,0.32353435316657,0.506130355154709,0.383802063149216
5,"D26","GRYRCNVLSKIPCCSG",2062,0.437641721791759,0.378256012366252,0.496624810354931,0.496635044396547
3,"M9","YIESKAYKMR",1196,0.37282828851064,0.867964221978477,0.495950209223648,0.604098108971416
