"TS","spot","seq","unique_seq_idx","sfp_1","sfp_2","AcpS_1","AcpS_2"
4,"G21","SWYQCYGADSSAACSS",1577,0.0938284148783731,0.0967105937132477,0.118203157607088,0.0726376075429706
4,"O1","TEGMLSACFTNSMAC",1797,0.106617594499584,0.0948329446303622,0.118067796646396,0.166411063447583
4,"O8","LDDEKVCSDVAMESN",1804,0.0493025096606646,0.0423689923683266,0.1179401359169,0.0603200665510706
4,"E6","NVEPVDSSVTMMS",1502,0.0774564883702586,0.0733523723055403,0.117745468003135,0.0738152662171392
4,"E21","MAIMPHYSKAWVELN",1517,0.164706460137637,0.172221704654269,0.117709091048867,0.0555426072310987
3,"B5","GIKNDSIETFENMVC",862,0.115856093975829,0.141222073407938,0.117677889671781,0.129486548230673
4,"F24","QRYCCDSYAACT",1550,0.114046935225955,0.115233259219687,0.117670779553757,0.113910284705812
5,"L13","CYPKGCSTSQSCQQHC",2289,0.185452166002502,0.172598439321615,0.117452673566743,0.172793239263115
4,"L20","CSIMPVDSADYAD",1726,0.0392788793890352,0.0394424860201715,0.117433987961458,0.0586269804860816
4,"J15","TISHDGADSYETACMSTC",1661,0.0822489154108372,0.0906374864408328,0.117430479235421,0.0693853536207499
