"TS","spot","seq","unique_seq_idx","sfp_1","sfp_2","AcpS_1","AcpS_2"
3,"J12","DSADTMEMIIC",1109,0.106827914647722,0.116951441084541,0.0713918304946078,0.0706523616364758
4,"P2","LVGMESKPFMA",1828,0.148247993707831,0.163468983784766,0.0712731502829313,0.114678926805329
3,"K14","SVQCILSALWQSS",1141,0.132529448541079,0.116006980771772,0.0709065639875844,0.0674441885248161
3,"P24","CCLDSSDFNA",1301,0.14330676860945,0.120420498258957,0.0708168586821774,0.0726819929594794
1,"H30","YAESSSTDERGLE",210,0.0103224064049228,0.0125700997042031,0.0707085471122039,0.0775339030686617
3,"B10","APAESLESVSLVM",867,0.122998325301142,0.121240143877741,0.0706606841859215,0.0666300317461595
3,"M23","ADSSETC",1210,0.101022181907066,0.0418720771736242,0.0706210452381077,0.0653743180526727
3,"Q7","KCGIESTAYYMWGVT",1314,0.0790368718560307,0.0980729637468486,0.0705750611005132,0.0767805914615707
3,"O8","EGLDSSDTC",1255,0.0728436747108818,0.0967420924823984,0.0705263259016153,0.0869168177909479
4,"K15","VGGCATCSQTMWN",1691,0.0410064487212949,0.0376956236824831,0.0705160999666948,0.0155525569487257
