"TS","spot","seq","unique_seq_idx","sfp_1","sfp_2","AcpS_1","AcpS_2"
3,"B7","ESPMDSLETSP",864,0.0334813571360567,0.0491783487499304,0.0448559362282687,0.0380921238060921
1,"I28","EDSSETKLAGAD",238,0.0022850887933138,0.00487359825691768,0.0447823506432946,0.0496686827210259
1,"B11","DALEFIASKLAXXX",11,0.0181515509598841,0.0222448686405168,0.0446278980897211,0.0442034818134461
3,"E22","PIESMESVDMVSS",969,0.0454177093103535,0.0389833524970278,0.0445579785403176,0.0359159374456242
3,"K4","MMELISLITQIHG",1131,0.080800536654988,0.127502846157315,0.0444864953183832,0.0654903145156314
3,"N3","DEAESHMSCMTHCV",1220,0.113596350072587,0.112996645512355,0.0444650636633898,0.0720732586562917
5,"F15","VEGLDSIDLYD",2111,0.136445132361227,0.135869020547707,0.0443612442711195,0.102330309855204
1,"I18","GADSTTSRDMTSV",228,0.00926949353442388,0.0132957510214328,0.0443502570182065,0.0467695846275393
3,"F6","DSVDSI",983,0.0509931756281937,0.0573511624811504,0.0440899727243757,0.0437758993612727
3,"L2","MESTESC",1159,0.0486275670222465,0.0642705376343869,0.0440874287322026,0.0633734728045938
