"TS","spot","seq","unique_seq_idx","sfp_1","sfp_2","AcpS_1","AcpS_2"
1,"F14","PAESSTSMMCGVI",134,0.0289614536269458,0.0428948756753506,0.0917144305706387,0.099563977600037
4,"J27","ERHLSVCFHHTD",1673,0.0987541451022617,0.103406583782833,0.0917008205093234,0.120926038817552
1,"B7","GDSLSWLLRLLNGSGSGSGS",7,0.41984136435759,0.516129207531909,0.0916835400599239,0.10066247458111
3,"M22","SECYIVSYDSHV",1209,0.13454629640525,0.0549320100050864,0.0913348211377734,0.0903327653486743
3,"O27","YMESTAYVISSLL",1274,0.178854677260746,0.154671135830857,0.0913113335821285,0.100519132964273
5,"T17","IGIDSFDTNMMPCG",2533,0.0847706480127379,0.0662795187001298,0.0911516481880549,0.124696267793151
3,"A24","NGAEAAAAKVVGCM",857,0.128762054382576,0.0905600998211636,0.0910555884154686,0.0876807991968525
3,"R27","MNICSSSSWPYTMC",1364,0.193752654076479,0.112066288143422,0.0909808956220135,0.0893832850443209
3,"Q23","PAESKESLARPCA",1330,0.151126028847423,0.14575863361854,0.0908543615927049,0.0946228619785652
3,"O13","DSHEFCV",1260,0.117832669660426,0.126523213442449,0.0908372340174929,0.0900141585490049
