"TS","spot","seq","unique_seq_idx","sfp_1","sfp_2","AcpS_1","AcpS_2"
4,"G11","YRDELPNESLEIFD",1567,0.131804146301433,0.124080647555089,0.145528528036677,0.107599771212355
4,"C30","TADIDPLLSAETYESQ",1466,0.0971911425274641,0.105658941259976,0.145474948841784,0.127118209399643
4,"B9","YVDVDGLISRDSMS",1415,0.0797526144200579,0.0719502451859832,0.145255606049237,0.0900468522963427
4,"B22","TYFTCDPIDSRDYL",1428,0.166747105543448,0.179799995506042,0.145064333064989,0.150263491055043
4,"J9","TYWNKEPADSHIICTSSTT",1655,0.0515140626051751,0.0581087256618169,0.144957402268243,0.111772581388703
4,"C15","NKECMDSYVVC",1451,0.0897626237542163,0.0681772369219761,0.144774720921264,0.100081866610801
4,"P12","MEWIASVCSMDLM",1838,0.0516066203979468,0.0432096394655182,0.144724365961108,0.0958830405547646
4,"O12","EEAYMDSMETMCS",1808,0.0681164001870178,0.0534207636219994,0.14451877358141,0.0894787085177325
4,"C22","TFLQRDPMDSLESC",1458,0.214922071651826,0.228425167461608,0.144002175312204,0.130953399964395
4,"O6","PLIESCSKTLYNCPLM",1802,0.154245139827877,0.147327976949664,0.143949127167737,0.113585208464779
