"TS","spot","seq","unique_seq_idx","sfp_1","sfp_2","AcpS_1","AcpS_2"
4,"B4","QREPVESTDVVTTS",1410,0.0377647536696024,0.0352652913694481,0.0579893790310323,0.0928384246497567
3,"P3","MQCIDSTEYNV",1280,0.0531484400124496,0.03647819876449,0.057981308869852,0.0692510814149065
1,"J15","NNASFVNDLGHDSFDTVELV",255,0.0831412827490539,0.0830355194500509,0.0579666783485299,0.063074220299368
3,"O4","EMESTDYRYTTIA",1251,0.0608110726385131,0.08369551011412,0.0579328399026931,0.076988672686411
3,"O9","EGMDSSDS",1256,0.0481676656574271,0.0566274217351658,0.0579079768163965,0.0649850839620099
3,"E5","GIDSAETMEMCCC",952,0.0793389844990584,0.0703409446969735,0.0578399102351132,0.0616823036852189
3,"Q26","ESSDSIL",1333,0.137017606751112,0.0904357220514284,0.0578290686870731,0.0562484335276821
1,"B9","DALEFIASKLAX",9,0.0573886924247522,0.0603507154400077,0.0578206674581021,0.0522525466427953
3,"M28","TSEPIDSRDMIV",1215,0.142138203180286,0.121280243814432,0.0577689003140483,0.0658431101052942
3,"S9","VDSVDTVV",1376,0.0612344295975882,0.0698198882556901,0.0577140713664566,0.0645647459123552
