"TS","spot","seq","unique_seq_idx","sfp_1","sfp_2","AcpS_1","AcpS_2"
3,"L24","IEGAESKDSALRGI",1181,0.127933999703925,0.0527732401082476,0.100470725960376,0.0892480126484198
3,"J14","NEAQFVDDDGQDSLDTVELV",1111,0.115832321778781,0.0996704073507274,0.100400292874746,0.0905566968101516
5,"C17","YCMCSLVNC",2023,0.133548193798404,0.124678497502692,0.100321092180457,0.144804666190616
3,"J18","MCMDSVEFALMCI",1115,0.277306773000627,0.26678213588916,0.100200781767634,0.112005288157169
4,"O17","WVDEVPQESAVPCNS",1813,0.0454312572274999,0.0410248017379001,0.100064542315239,0.0453686133488311
5,"E3","AQGVLSAEFTITQF",2069,0.0980702583977971,0.108441332512709,0.0999977864099681,0.146706801947303
1,"G4","DSDSTSTISCTFE",154,0.0153865560946597,0.0253085181358607,0.0998503448947875,0.114023803110724
3,"M19","MSSTLCISGC",1206,0.138218357331377,0.0803886246570341,0.0996807572280122,0.104806417455406
5,"O1","CCCTKGCSCSNSCNNCCC",2367,0.0977844066198202,0.121230600906702,0.0996217680065211,0.153734685187405
3,"D23","EEAPIESIDSLELVC",940,0.13421287453612,0.148787538158567,0.099437732022218,0.105110793128632
