"TS","spot","seq","unique_seq_idx","sfp_1","sfp_2","AcpS_1","AcpS_2","measure"
3,"P22","NRASFVDDLGNDSTDTQEQT",1299,0.0966300291509193,0.0898962176973817,0.0688137014962766,0.0619683237618237,-26.4055374495921
3,"I17","LGLESMDT",1084,0.0614595830628559,0.0713068628451144,0.0563801468192614,0.0625835174625227,-26.4136358040721
1,"H22","VWMDSTDSILHSIA",202,0.041765179421859,0.0559666249705403,0.0366440831121627,0.0430091645740835,-26.4169721513847
3,"H24","ESIESQEL",1061,0.085125589482193,0.0421537719468047,0.0588625655074049,0.0521707130254621,-26.4202870146757
3,"S30","TIDGVDSSDYAVHP",1397,0.038762716357947,0.0626640642626818,0.033593165205021,0.0376477888390342,-26.4208667131083
4,"N30","EDEIWRMSLMVMETQ",1796,0.065163973923772,0.0542064744605181,0.0599878924836025,0.111908186716478,-26.4213927471776
3,"F25","DQPCDSAES",1002,0.0763994616860676,0.0590789794264125,0.0539328115580636,0.0472658317332371,-26.4226972064647
4,"P4","CLQGCCTCSNTAYPHCMA",1830,0.10181856247855,0.0788245305044222,0.0785234869359172,0.0719146643900111,-26.4283554947681
3,"Q29","TACGMDSTDTMATSA",1336,0.162700746219504,0.0617505042037913,0.0634254077483818,0.0568285010588015,-26.4295187850327
3,"S4","GLESKSFN",1371,0.143267392725223,0.210764466217958,0.0845862754818219,0.0780045024221922,-26.4309981651558
3,"R1","ESTEFNASGMA",1338,0.0939575819810232,0.124747601838988,0.0530675879874622,0.0465204786161973,-26.4343949662807
3,"C25","MESAES",912,0.0533136028005063,0.046327345200221,0.0334864210683149,0.0269659905473046,-26.4370171888872
3,"L15","NSHEFIASFNA",1172,0.101997575318575,0.0896204942222798,0.074443733663227,0.0679233599259451,-26.4370227774109
3,"F24","GIDSPDTM",1001,0.0761635730469833,0.0539788840280327,0.0470772703243192,0.0406526698833752,-26.4464932950375
3,"K13","CVESSEM",1140,0.0664918129189429,0.0596539474653895,0.0486294901068815,0.0422194572533125,-26.4479416983576
3,"K22","PVESTETAVTP",1149,0.108161826198082,0.0535951431689882,0.0463019147562987,0.0399362732739121,-26.4523683554043
3,"J24","DEHPNESADQ",1121,0.0986169122320084,0.0504111062467636,0.0548391975136521,0.0486161696351203,-26.4667236911619
3,"S17","DSLEFAPSKLW",1384,0.326961881527306,0.254607727143902,0.0795857334711982,0.0733849935624945,-26.4689859120297
1,"G7","EATFVDDIGADSLDTVELSM",157,0.0820924698428057,0.0784267394833339,0.0763369326333961,0.106337117896201,-26.4692070114084
4,"D5","TTYNKDPMESKALCTSQ",1471,0.0894451150048922,0.0888346392202338,0.0836769330446825,0.104872700635838,-26.4702763216906
