"TS","spot","seq","unique_seq_idx","sfp_1","sfp_2","AcpS_1","AcpS_2"
4,"J8","RLRAERYDSLWWME",1654,0.264172328578227,0.240601063898054,0.190817646438852,0.163478530994165
4,"R20","RVDDIGIDSIEILIQKGM",1906,0.392977432132138,0.399099073612638,0.189852348490782,0.152405253240599
4,"G16","NYLEDMFMISMLHMENR",1572,0.149790506165485,0.139183865936319,0.189708964875421,0.158804254956417
4,"O7","CVPPCCTCSNKAWP",1803,0.269145761438733,0.252699158241756,0.189088641078118,0.14147496502126
1,"F26","NGAESSSSKVVGCM",146,0.144637326765111,0.177567754272026,0.188686026946158,0.162486211841777
3,"A19","NGAESSSSKVVGCM",146,0.144637326765111,0.177567754272026,0.188686026946158,0.162486211841777
4,"R10","CIPPCCSCSKHVYGCCVL",1896,0.177027742943437,0.170816169505939,0.188120612013564,0.148626520068893
4,"S6","NVAEVTSRTINNRCA",1922,0.215607110869118,0.221159454018011,0.187942577357825,0.16446302665185
1,"G5","NSASFVEILGADSLDTVELV",155,0.334787185467357,0.427959556877164,0.187755082769748,0.238613609650646
3,"N25","TLDPLESKETQMKG",1242,0.338392539792685,0.278468864351094,0.187591143040978,0.206797969230198
