"TS","spot","seq","unique_seq_idx","sfp_1","sfp_2","AcpS_1","AcpS_2"
5,"Q23","CCCSPPCCSSQSCQQC",2449,0.108509795739006,0.094557662937405,0.0732894118150733,0.115357944261517
3,"H21","DSLDSVDIMIN",1058,0.102741968974712,0.0744182247004796,0.0732776090648928,0.0709194977752379
5,"J5","PFADCIASHAEYVTGC",2221,0.0866391249997655,0.0817798068208962,0.0731322225976406,0.134522488389304
3,"I18","PRESIEFMETL",1085,0.142007568133443,0.129679627042667,0.0731015559321213,0.0713807396613753
4,"G25","QTVAPFVMSVEWL",1581,0.124870795574006,0.116469558067438,0.0729191031500591,0.078528541623406
5,"J16","FPIESVDYR",2232,0.145233756879725,0.129379299133945,0.0729023984369622,0.135290673432508
3,"R14","VCSKEWCLHTP",1351,0.0725689194462903,0.0622812457992754,0.0727875799678708,0.0607180127834057
3,"M29","SGCDSTSTALLSSE",1216,0.178252387157826,0.147338673073141,0.0727234624907168,0.0768765791311834
3,"G2","ESIETVELLC",1009,0.223614185304224,0.248164532068375,0.0727164628130995,0.119880285206296
5,"A18","ESIETVELLC",1009,0.223614185304224,0.248164532068375,0.0727164628130995,0.119880285206296
