"TS","spot","seq","unique_seq_idx","sfp_1","sfp_2","AcpS_1","AcpS_2"
3,"Q12","CSVISMATT",1319,0.136919849447229,0.145014284612113,0.0980214974957005,0.0928895619076131
4,"P9","DMQRDISVAWTHTHA",1835,0.0600788141494416,0.0496107913536148,0.0979940525636882,0.0329185967590438
5,"D29","KEPMESVVYCKDQCC",2065,0.185103585239897,0.175118439260969,0.0977965292367809,0.142042268318531
3,"M18","TLDPLESTDSQVRG",1205,0.138122209285049,0.127175929724295,0.0977502960975237,0.06314729163211
5,"D30","CCICSAVCC",2066,0.125676253450128,0.134787209101082,0.0976799873703742,0.15763777599731
5,"S24","SGGCTTSNSCQNCCC",2510,0.127737583183285,0.105268538224758,0.0976086659860485,0.132106772264375
4,"T21","DLRMDSHILSEDR",1967,0.098262059380653,0.10044617191766,0.0973544212901369,0.117052582414725
5,"R12","CFSHCCTCSNSNQQCQC",2468,0.146879370284084,0.110421755142002,0.0973419892001132,0.140931115465306
5,"Q27","CCYTPGCSCSNSCQ",2453,0.133690097245264,0.115658752667764,0.0972710813435956,0.14698920401328
3,"N7","MESSDTKI",1224,0.114750737738986,0.121629564752031,0.0971572944800989,0.106960720263355
