"TS","spot","seq","unique_seq_idx","sfp_1","sfp_2","AcpS_1","AcpS_2"
1,"G16","DMESTTSIDDGCL",166,0.0194388766582354,0.0314379862504919,0.0778846891596723,0.0885199332440287
5,"N24","CCYSHPCTCSNTCNQC",2360,0.133030060449708,0.127850295480705,0.0778484829245854,0.124649729303978
3,"N26","MMPIDSHTIMMT",1243,0.140125938644594,0.128965522903744,0.0778264741395696,0.0880917464073815
3,"G21","GVDSMDPACV",1028,0.0917844528008712,0.0746115636809521,0.0777459242478555,0.0786276723710053
1,"J19","SSASFVEDLGADSLDTVENV",259,0.113340694299681,0.104104775818757,0.077667596477358,0.0887746246732769
1,"H28","YELDSTDSGTVGR",208,0.0254112209931498,0.0333060516621077,0.0776397875472164,0.0855459774854684
3,"E27","DSLDTIDVCV",974,0.13729344164419,0.122956964896053,0.0775631561589991,0.0799055082227231
5,"R26","CCCSPGCSSSQTEQQCCCC",2482,0.119495922001368,0.108058326819142,0.0774421310401514,0.121525336836243
3,"N24","GIDSSDSCMTPCM",1241,0.103658166152613,0.079636896485502,0.0773705522864501,0.0813999469318817
4,"R2","CVPGLLVSSNSMQ",1888,0.0860537951292995,0.0703494037733892,0.0773608089236853,0.0857636946904517
