"TS","spot","seq","unique_seq_idx","sfp_1","sfp_2","AcpS_1","AcpS_2","measure"
4,"R13","TCLPGCCSCSQHIYNCC",1899,0.122317838528659,0.128629433855808,0.156810466770836,0.12606224342586,-10.175148006684
5,"E1","TTTAEPAESKFWMISQ",2067,0.0369144521895388,0.0486534976550094,0.10573570367473,0.0850574167538847,-10.176207978447
5,"C4","YQGYCCCMVSHVFCLSNE",2010,0.153790416640557,0.130653609737293,0.212906883997422,0.194793145843312,-10.1828481170723
4,"G9","FNMCPLDSKLSQ",1565,0.131957499269856,0.131657132442898,0.183415543160189,0.162757299412238,-10.20563779243
4,"R5","PCMTTSNSAQNC",1891,0.0670397590174349,0.0647332053840841,0.121623729273435,0.0996635831015615,-10.2240839414817
5,"J11","NGTCQWCLSYCWC",2227,0.205316200462125,0.135276487854822,0.230064639261449,0.196784501797474,-10.2348365833703
5,"E9","ACCICSRMECRTKCT",2075,0.450366460490328,0.417401845037056,0.512466282280406,0.498929086227193,-10.2556873339619
4,"T8","FTEEAPMLSICFVESNY",1954,0.15464408064734,0.14874149329358,0.173762260222099,0.13463736100295,-10.283457066272
5,"K10","NYCILSRVWC",2256,0.320734479251987,0.249373177494093,0.374746805436869,0.359073069856158,-10.2852669991965
5,"D27","KCWQICSECFCRS",2063,0.235129806474851,0.185433507781598,0.314274250182864,0.303285934448724,-10.2864219782011
5,"B28","CYNACSWCPC",2004,0.154685240710074,0.103483392343532,0.18342008903497,0.153967406202018,-10.2958740304884
4,"H20","FCIESSEMLMATC",1606,0.145017923421739,0.145496700360844,0.152848716786935,0.0947702748737287,-10.314013819959
4,"G18","IIHMLSLCTYDSAAT",1574,0.139650041128479,0.163104441219924,0.161384859286931,0.126167945162602,-10.3270526270946
5,"I22","GTMDKHLSFVWTRSQ",2208,0.285430762229717,0.25061128883632,0.356125161731942,0.344663479442001,-10.3286651036838
5,"D4","EDKFHTNVLSMCWCMSREC",2040,0.110019928361138,0.0865456101278737,0.174358478499838,0.159837083862272,-10.3362366928715
5,"E30","YDECHCCICSIVWCM",2096,0.156869177095004,0.141150157622893,0.181103652204626,0.149618071560998,-10.3410550024274
4,"F6","DWAKSMDFLLLL",1532,0.156330111991407,0.145364690220703,0.171610349060397,0.130048174496513,-10.3411707452159
5,"G2","TAWGRASADPCHWNCT",2128,0.0739675532918413,0.0778315814882048,0.150832297689426,0.138257509259488,-10.341441409742
5,"E15","LHCMIEPMDSADVWMTSWT",2081,0.122235058862273,0.0812215411516745,0.137073643707846,0.0925460853174209,-10.348981708498
4,"J13","CDNGILSLAWVAVN",1659,0.14721917259674,0.14431880405744,0.153932970030712,0.0956779454430852,-10.3543028997722
