"TS","spot","seq","unique_seq_idx","sfp_1","sfp_2","AcpS_1","AcpS_2","measure"
4,"Q30","CAPPCCSCSQHAFPC",1886,0.0717928790854409,0.0664209660945999,0.0335486745223351,0.0722516727262386,-38.6834295623
4,"R27","DNGHASAEWMLS",1913,0.0506124680953758,0.0494604302893146,0.0286871923520443,0.0448213996388424,-38.6834295623
4,"R28","LVLSCSQTLFGHGIA",1914,0.169563674697608,0.171306750878458,0.0741988019171557,0.153747076027764,-38.6834295623
4,"R29","DDQPLASREWVDSHA",1915,0.0347272552581002,0.0305652118939954,0.0131030244457628,0.0354803540248713,-38.6834295623
4,"S24","CVPPICACSHHVY",1940,0.117226572816842,0.101903322681244,0.0678028305712022,0.0830187259711413,-38.6834295623
4,"S27","VLLSSNSMQQCPLA",1943,0.0778496168069217,0.0698962233320132,0.053134971211076,0.0987480637564719,-38.6834295623
4,"T24","WYGEVIGLLSRDTGDL",1970,0.122439663723712,0.127302545525303,0.061576605701106,0.0911188092337696,-38.6834295623
5,"A14","DPVLSKRAVE",627,0.222735046720307,0.143256113956321,0.0762086992142242,0.137299599166193,-38.6834295623
5,"A18","ESIETVELLC",1009,0.223614185304224,0.248164532068375,0.0727164628130995,0.119880285206296,-38.6834295623
5,"A20","PVDSAESIDVVMC",972,0.133391869932824,0.126832371574286,0.0654023426897943,0.0902098697445638,-38.6834295623
5,"A22","SACPIDSSDTVIRPV",1375,0.101323114875342,0.101341312198698,0.0790379647369547,0.104048533731064,-38.6834295623
5,"B9","LEGHESHLWL",1985,0.109400011618652,0.101219232720061,0.0815119501022752,0.109736357601865,-38.6834295623
5,"B10","RCCAASVCDCVSQ",1986,0.10570646103295,0.0961273643420977,0.0758747876717144,0.123321625384589,-38.6834295623
5,"B13","PCHPPVESHLICE",1989,0.0730836736732688,0.0723630475708328,0.0531942955541625,0.10377771686286,-38.6834295623
5,"B14","ECADSAEFSITTCT",1990,0.0795080663781071,0.0729268684227454,0.0611026986581509,0.108507872903929,-38.6834295623
5,"B17","FGKMSAECVC",1993,0.109433824211835,0.100979363554414,0.0829054901654573,0.128972209322639,-38.6834295623
5,"B26","PRCVAFHADSWEML",2002,0.134382448972296,0.102720671798318,0.0834785180817467,0.0980771376172265,-38.6834295623
5,"B29","YDPHVDFMDSAEFCMSNIT",2005,0.0960834949370011,0.0966100614119975,0.0698272353792987,0.1188845275522,-38.6834295623
5,"C5","NTHVHGVMSVANADSQLG",2011,0.0855976452875821,0.0751697130517617,0.0663028108458127,0.126475900761886,-38.6834295623
5,"C19","REKILSMEWMV",2025,0.117500690991683,0.112534324698676,0.067029135953105,0.113568569349991,-38.6834295623
