"TS","spot","seq","unique_seq_idx","sfp_1","sfp_2","AcpS_1","AcpS_2","measure"
4,"I3","ANCWPVDSSATCLSTCS",1619,0.0610771349285662,0.0574361788556125,0.137902245613363,0.0989835514794791,-9.40219998470694
4,"I23","MTCDPVDSTISCC",1639,0.0933738748012158,0.0898469694078916,0.16576945817354,0.126922405673567,-9.40369279619563
4,"L11","EDKQASKEFTDSRI",1717,0.108004699106006,0.0996518681860832,0.1827070080937,0.145867760977267,-9.40587574991465
4,"F17","VDVDPLDSMCSV",1543,0.0921924052529497,0.0967305175737632,0.145903677231365,0.0947189032917498,-9.41335675834116
4,"L14","QFTEAMPVDSADTVEAIC",1720,0.100817658418181,0.0995759594426569,0.156568440538611,0.108801807548224,-9.43117628003387
5,"J21","IHDGADSVVWLWSNC",2237,0.194788214676567,0.157502985139446,0.221209987231721,0.145022874281657,-9.43164768498101
4,"J4","ECIESYMICSSSC",1650,0.112867814115184,0.112421023784986,0.169366736869558,0.123123696022815,-9.4327805939627
4,"G5","ACEMDSMEMMVSSCT",1561,0.0821045452158321,0.0803137516926074,0.147120427556744,0.104600658645788,-9.43594446155442
4,"H13","YNRECIESKLVCSTT",1599,0.107199742799126,0.107058942002607,0.158291680208992,0.107523459595337,-9.43738897174383
4,"G12","YCMCSSAMMT",1568,0.0748779920671542,0.076738787767263,0.137976270249706,0.0937543841131117,-9.44171426677033
4,"I10","MAGVDSRDILI",1626,0.0910325706851064,0.0829843063414199,0.176592133118549,0.14548324431939,-9.45435000156684
4,"F7","VQGMASVDFSE",1533,0.054222427501753,0.0505886625836849,0.123933817598115,0.0823434133949046,-9.45687419387969
4,"G23","WPIDSAEVHS",1579,0.0840896207194185,0.0898931671312507,0.143037806702381,0.0976947140412659,-9.46070931492869
4,"H21","APQMSIEYM",1607,0.074482720681277,0.0716372599794923,0.137072763812065,0.0934151996365718,-9.46192116783843
4,"E12","TYLSKEGIDSSDSLV",1508,0.0686437418265201,0.0695803835373199,0.140884795507651,0.102809964129937,-9.46557403918571
4,"O11","IPNDSVVGCDTHLV",1807,0.0901142729136239,0.0853323799087007,0.142737782177064,0.093444589756295,-9.47000794048112
4,"R7","TLIDKNISLCFTD",1893,0.131010022162498,0.151623345726282,0.18483894796612,0.139582774343204,-9.4710273267208
4,"C10","TWFQHFCLESHVACT",1446,0.0742588852325348,0.0712799995274114,0.130198676386794,0.0826295880714778,-9.48599026247579
4,"C19","CDCMESSATCSSTCD",1455,0.0196822546455983,0.0232649229790065,0.101704653627667,0.0617987661187772,-9.48935827261048
4,"Q6","EDGMCSVQSM",1862,0.0568185370860699,0.0502372278218131,0.124194468527468,0.08296136389055,-9.49108404886446
