"TS","spot","seq","unique_seq_idx","sfp_1","sfp_2","AcpS_1","AcpS_2"
1,"G28","VDSTSSECAGVE",178,0.0137608046292339,0.0235569240989082,0.0750343765395101,0.087545295009253
3,"B22","MPAESIESADAVCP",879,0.0967253623832954,0.0966779131648379,0.0750031605002275,0.0698275187305381
1,"H21","NSASFVFDLGADSLDTVELP",201,0.102807675885017,0.115810664800668,0.0749533403085602,0.0812752569502723
3,"R15","SICGAMSTELNTH",1352,0.10610311726713,0.0846412811996379,0.0748103495585481,0.0660695639700212
3,"L11","CACSHIWNDRPL",1168,0.109550187690779,0.0983731792535007,0.0748085007270269,0.0645740004053594
3,"B19","ADAQSLDTVDICCY",876,0.137832868850718,0.161926675647064,0.0747827206202958,0.0822272611112736
3,"K7","VDSSEYCLSGVL",1134,0.154435803120172,0.200697197487371,0.0744740101282176,0.100679748695528
3,"S23","CCFVDSSEMNA",1390,0.10086887466201,0.090809365105592,0.0744620001186561,0.0727317592938666
5,"E5","TREYVDSADFCM",2071,0.112997683053836,0.126054069425308,0.0744450274375701,0.115486503623874
3,"L15","NSHEFIASFNA",1172,0.101997575318575,0.0896204942222798,0.074443733663227,0.0679233599259451
