"TS","spot","seq","unique_seq_idx","sfp_1","sfp_2","AcpS_1","AcpS_2"
4,"L8","CMPGCLTSSQRVFQCCVI",1714,0.327033248561589,0.296708723229903,0.322446270931485,0.317953953849148
5,"D7","EPWIYCACSMCYCVC",2043,0.210350907107602,0.178041854152037,0.321874818321423,0.228446101558754
3,"B1","ISAGYMVSKIQ",688,0.544186289840664,0.491863398381117,0.321035631274827,0.380625128371317
5,"K5","FCAMSILYCAT",2251,0.16454129480997,0.144542955260129,0.320029243713587,0.230866702939453
4,"T19","PLVTCSQSVYPK",1965,0.404544250037201,0.387166807540743,0.31854587623802,0.382958639217204
4,"M6","CAGGCITSSQKIFP",1742,0.439355872912309,0.414944601440328,0.318263205682023,0.348201057188189
5,"D19","QKHHWCMLSACYCATG",2055,0.245081739725264,0.21986990413501,0.3175672937451,0.280642916800523
5,"G12","GNHCLEYYMSICWCHDQCS",2138,0.230058810334135,0.188373769368,0.317293051832792,0.265967151368793
5,"H8","ECMFCVRSRMWCCWHR",2164,0.380771330555845,0.352209783539873,0.31662559362525,0.491981395460455
5,"G15","WQFNLLSAMYCKTPHC",2141,0.403981688494339,0.352937542663587,0.316539433890161,0.365078077671853
