"TS","spot","seq","unique_seq_idx","sfp_1","sfp_2","AcpS_1","AcpS_2"
1,"I5","TPFNRYGLDSSSSITLASDF",215,0.13014207446816,0.159591045646778,0.0841760440577394,0.0845602462052555
5,"P20","HGCCTSQSDQNCNCC",2416,0.114144632711707,0.0939490987118627,0.0838326438365261,0.124422150663859
3,"S14","ESSESC",1381,0.0896659976368938,0.079543807346756,0.0837133016094839,0.08136759881453
4,"E30","YIDDVHIVSLEFMHT",1526,0.114924340829556,0.127012222253726,0.0836996733826214,0.119578812356128
1,"J23","SFNRYGLDSSSSISLTSDFG",263,0.070288714815913,0.0830559409583952,0.0836828417560741,0.0826105619031514
4,"D5","TTYNKDPMESKALCTSQ",1471,0.0894451150048922,0.0888346392202338,0.0836769330446825,0.104872700635838
3,"M15","GVESSETIVRGA",1202,0.10560644742273,0.0934422463604457,0.083637839702116,0.079975078831274
3,"S16","PMDSTDSCL",1383,0.128186367955187,0.108962038443898,0.0835710007449628,0.0816152204146369
5,"B26","PRCVAFHADSWEML",2002,0.134382448972296,0.102720671798318,0.0834785180817467,0.0980771376172265
5,"G14","TGKVDWLESLEWIVTQ",2140,0.276173801614324,0.365874929135196,0.0829208393446898,0.106140866492959
