"TS","spot","seq","unique_seq_idx","sfp_1","sfp_2","AcpS_1","AcpS_2"
5,"H12","WQLVSAWFCCT",2168,0.198948344486774,0.144625860323548,0.250843511590576,0.200288230090404
4,"T11","MQGAETCSKHVYGC",1957,0.159132678587003,0.141032328311257,0.250742723243344,0.225248518268588
4,"C12","HGKIRHHASMGFHHT",1448,0.271003903895714,0.244438679066481,0.249837566756161,0.228154692528111
5,"R24","HHADSSYTVFMW",2480,0.230188559680209,0.215974724758775,0.249437760294471,0.18205051325897
5,"I6","WEGKCQFRVSLVQCKT",2192,0.329947748467159,0.295517574236658,0.249381106984752,0.302371420282411
5,"F23","CCENRASWCWCRSQC",2119,0.307018778122704,0.285848325895053,0.249335594600689,0.332262586211551
5,"G19","CEPKRCCVKSVCWCLSP",2145,0.288644197033164,0.267293925133932,0.249173394399228,0.281346879300043
1,"B18","DSLEFIASKAA",18,0.24143154614048,0.462555840494575,0.24850924684724,0.284728663814134
4,"L13","VGGCASTSHKMQGCC",1719,0.281738552974424,0.261922594880164,0.247040884511415,0.206728904033625
5,"G7","CCVLSMLNCCTPRC",2133,0.296631543736538,0.274909718308585,0.247027331025848,0.299775578206445
