"TS","spot","seq","unique_seq_idx","sfp_1","sfp_2","AcpS_1","AcpS_2"
3,"D29","ELGLDSMESLDVAVQ",946,0.0981727367764614,0.0717543946446086,0.0451782689109948,0.0373240690598044
3,"G8","ELKATSIESV",1015,0.0565836548930983,0.0742914195738019,0.0451420170225278,0.0401775718226293
3,"B12","GVDSMESVD",869,0.0648606572389186,0.0770061513047577,0.0451327876555742,0.0371316335524188
3,"D3","PIESAETMDLMVG",920,0.0829969084031189,0.0918165968688947,0.0451019491458011,0.0410009660510249
3,"D12","GMESAETLDMIM",929,0.0740577474992608,0.0849949228325951,0.0451013427290622,0.0334744044892404
3,"L22","NGAESQSSWVVGCT",1179,0.0947383774504623,0.0283754628282008,0.0450736250468969,0.0415433168362544
3,"S15","MESKDSAAWP",1382,0.0658721265381497,0.0484948293084835,0.0450485105195133,0.034860533248046
3,"R28","EGLDSTDSM",1365,0.129062822582583,0.058425850493886,0.0449682268595382,0.0424243854740905
5,"S21","RWCLESTIEIDPPS",2507,0.0689536987055337,0.0556954464959381,0.044935853323146,0.0833812026499798
3,"E4","GADSMETIDVI",951,0.0680913945583299,0.0639937703957996,0.0448700908823947,0.0473351126062795
