"TS","spot","seq","unique_seq_idx","sfp_1","sfp_2","AcpS_1","AcpS_2","measure"
4,"N1","TCIQACCLCSKRMFGCPVV",1767,0.403550802265878,0.384593512789973,0.3064785708202,0.38151901237106,-37.2162655918761
4,"M3","CVPGCCTTSRTLNGKCLM",1739,0.465786480121666,0.45008330056153,0.30157092519491,0.355013990132622,-37.2185908609413
3,"S25","DSLEFIAGNAGFGSGKGSG",1392,0.674056308401047,0.569473716537606,0.29683732563059,0.355926590869632,-37.2208860848493
5,"I23","FHFNIISHCCCASNRC",2209,0.31649514617836,0.289274333863593,0.287021381090444,0.343542441802248,-37.2258204346461
5,"E24","PCQEQYASWCWCKTQC",2090,0.306010045359795,0.284952613068572,0.283618849959705,0.31763675894991,-37.2275892975838
5,"K12","CHCCACSWLFCRTQH",2258,0.311208601956397,0.272599456707022,0.282570921843487,0.335207109846976,-37.2281404434
3,"F1","ESIECMDKVK",978,0.48783273894391,0.422580803293391,0.281244458068902,0.402810840938282,-37.2288424663265
4,"L5","PLETCSKHAWPR",1711,0.399839683914404,0.348912733194803,0.270620471786219,0.287049387174633,-37.2346503696949
3,"A29","DVVDYHISKAA",556,0.47416775604252,0.304054159349657,0.266141205465975,0.275565141216249,-37.2372039215007
4,"N2","CMPPCCSCSNKAYN",1768,0.417445538193329,0.398578868605405,0.265443014611707,0.329193033933699,-37.2376078882485
5,"K8","YCWQLCSDCWCCSWR",2254,0.288147462966185,0.220011621676048,0.265144714056467,0.376889540510269,-37.2377809809811
5,"J13","WCCCIISILFCRTN",2229,0.319648415302796,0.276244199994014,0.264480393795234,0.345697782365284,-37.2381675413487
4,"L26","GCCSCSNRLYP",1732,0.322981694839746,0.358449766737174,0.263457341199824,0.313542624023964,-37.2387657819437
5,"N23","CCWPPGCSTSNSCNNRCCC",2359,0.285196550979489,0.240038417571141,0.26054509289659,0.294840869935493,-37.2404886091864
5,"E18","WQLCSWCQCKT",2084,0.334810512028049,0.311330462148627,0.256028542175823,0.28934721412576,-37.2432206405993
3,"O30","PDEPLLSKLTVLRAAG",1277,0.467694225085278,0.529374289591972,0.253612191919859,0.278814149991331,-37.2447135120646
5,"I6","WEGKCQFRVSLVQCKT",2192,0.329947748467159,0.295517574236658,0.249381106984752,0.302371420282411,-37.2473824761376
5,"F23","CCENRASWCWCRSQC",2119,0.307018778122704,0.285848325895053,0.249335594600689,0.332262586211551,-37.2474115760868
5,"G19","CEPKRCCVKSVCWCLSP",2145,0.288644197033164,0.267293925133932,0.249173394399228,0.281346879300043,-37.2475153534317
5,"G7","CCVLSMLNCCTPRC",2133,0.296631543736538,0.274909718308585,0.247027331025848,0.299775578206445,-37.2488986631683
