"TS","spot","seq","unique_seq_idx","sfp_1","sfp_2","AcpS_1","AcpS_2"
5,"P28","NCADSSETGCDPS",2424,0.050663591496579,0.0465688247766314,0.0105844875016085,0.0767974491537008
1,"H8","GMESTSTADQSIE",188,0.00426356333704722,0.00474202237284432,0.0100453923809708,0.0173123287350119
1,"G14","YWAESTSTDEPGHE",164,0.00472233882397337,0.00561247593965537,0.00975546233965561,0.0134457090847967
1,"I12","IESSETVSMPAL",222,0.0012762242566879,0.00162858883772834,0.00764846430622007,0.00893628415642372
1,"C16","GADSSSTALMGWE",46,0.00618507991588225,0.00560033413611904,0.00614935940050723,0
5,"O30","ELGVESSALMDM",2396,0.0405815056834782,0.065114892763716,0.00452679161531015,0.0951018168723307
4,"R30","SWSCEVGMDSHASA",1916,0.00366329829298241,0.00130661492857689,0.00423668237652945,0.0268077747030083
3,"J4","APVDSAEWLEL",1101,0.0139808629721363,0.0617317892817644,0.00183591928182218,0.00952016342215294
1,"D10","IGLESTDTISAGWE",70,0.0043362693697599,0.00370745606281028,0,0.00275635669999282
3,"N2","GLDSTDW",1219,0.020637546663493,0.0134910314244555,0,0.0100983902806307
