"TS","spot","seq","unique_seq_idx","sfp_1","sfp_2","AcpS_1","AcpS_2"
5,"C13","KEGHESMAFMRY",2019,0.20726886331787,0.196829934880698,0.225284306449404,0.242855920522888
4,"C17","DPIISAATAR",1453,0.223351699973724,0.225274808967164,0.224848306122188,0.207497570584157
5,"F11","DNEWCCQVRSKMWCCSFE",2107,0.176469191076167,0.153642857758341,0.224292277562784,0.201513915051116
1,"B24","DSAEFIASKLA",24,0.108604730979121,0.0910982854109832,0.223401387444828,0.146426303350092
3,"K24","SEPIESVDAQVK",1151,0.263664159670287,0.141002688887472,0.223136274984741,0.215237964590435
4,"H18","HWGVESHIIKS",1604,0.299040666218839,0.289553639643379,0.222909251351385,0.195744945836921
4,"I24","ILDWGASLFERR",1640,0.226286835865913,0.221846098994522,0.222600293799238,0.196211471198252
3,"P18","CYEADSHVSMAKSIQ",1295,0.391505861323807,0.290905451919715,0.222146247891135,0.226201198320431
5,"I14","YESTIERWLSMDFRI",2200,0.189138113074915,0.157836326292108,0.221709504498818,0.198962383102043
5,"J28","CMCCVWSALWCASGD",2244,0.175331198587359,0.110143724286567,0.221350002882532,0.158959994754778
