"TS","spot","seq","unique_seq_idx","sfp_1","sfp_2","AcpS_1","AcpS_2"
5,"B9","LEGHESHLWL",1985,0.109400011618652,0.101219232720061,0.0815119501022752,0.109736357601865
3,"C28","GIDSIDSMEAVMC",915,0.120940594146932,0.0918045814520292,0.0814829008436535,0.0853489055655074
3,"R9","VDPLESTESCA",1346,0.0897900938017731,0.0944025087669105,0.0811858305948326,0.0948887198724372
3,"R13","CPTDSSETQLAPEC",1350,0.0845018901426865,0.0894687601398022,0.0810761874903014,0.0749444864149257
3,"C8","ESVDSADMVC",895,0.0696706465896161,0.0907604781367694,0.0810329987859669,0.0695600928562676
5,"I5","CHDPQLSFEYCI",2191,0.122965629764053,0.124118601508116,0.0809327679191937,0.127509489466489
4,"R25","TCVQMLLSTSQSAQQCPAM",1911,0.068286691260874,0.055920916832192,0.0809220330889098,0.0924627837102323
3,"J22","KMDSICTAD",1119,0.127883338646464,0.0798945604249515,0.0808512956240667,0.0813796995328228
3,"K27","SLDPIDSILSNC",1154,0.149806335800525,0.101480438875633,0.0807904616716943,0.0799987348833731
5,"Q15","CSKVFIDSSDML",2441,0.109631169943089,0.111879749068672,0.0806719778232334,0.136597922166448
