"TS","spot","seq","unique_seq_idx","sfp_1","sfp_2","AcpS_1","AcpS_2","measure"
1,"H20","NLESTDTNMASTI",200,0.00693060059486608,0.0130863512027105,0.0357489866750259,0.0383090983188857,-15.0974770630181
1,"I10","LESSTTYEMPAI",220,0.00555597719616103,0.00810046110263009,0.0126617289925271,0.0143346209169655,-15.1288312983689
3,"S12","PVLSHETQIA",1379,0.0788072369140274,0.0793727757765854,0.0675914315823077,0.0636494203114648,-15.1344792895042
1,"E12","LESTTSLSDPVD",102,0.00726482127040128,0.0103123855647223,0.0169677802754278,0.0188545679252018,-15.1439139135018
1,"I13","STSTSFNRYGEDSSDSISLT",223,0.0485821163924206,0.0539839927808944,0.0385390684021681,0.0359016219762193,-15.1543253055915
3,"K1","VDSIESVELVAP",1128,0.0245969517297685,0.0359148577652677,0.0406181629406693,0.0428681409701316,-15.167737101999
1,"D19","STSTWFNRYGLESSASISLT",79,0.0758632785166772,0.0813633629643392,0.0691532640588309,0.0687110779284379,-15.2187213795777
3,"P4","TDEPMVSTTW",1281,0,0,0.0223293736267736,0.0248573125602983,-15.2187584827649
3,"B24","RPCDSAEPVDQAEP",881,0.0612956017550296,0.0522483484429949,0.0488616441833313,0.0441176168285548,-15.2461335239407
3,"F6","DSVDSI",983,0.0509931756281937,0.0573511624811504,0.0440899727243757,0.0437758993612727,-15.2685256312849
1,"H9","STITSFNRYGLDSSASISLT",189,0.0967760818103158,0.082327935348105,0.0896075259184326,0.0892384526356212,-15.2798636672287
1,"I2","LGNDSTDSLTISVD",212,0.00903871811075288,0.00885015795235329,0.0298969157567175,0.0324794786337162,-15.3066609474314
3,"B9","PIDSQECITIAIP",866,0.0854343835996266,0.100988267981966,0.08901330995458,0.0907659369770255,-15.3243189460964
1,"B8","GDALSWLLRLLNGSGSGSGS",8,0.094002676762013,0.0995269190945972,0.080237279826662,0.0735101455358375,-15.3327465947056
3,"R3","EPLDSRESMVRPLM",1340,0.0818229855722214,0.100000867724883,0.0736045120591393,0.0730575924379813,-15.3426842377332
3,"F20","ELPPESVDSDE",997,0.0457345904562599,0.0362503427682947,0.0309418816410603,0.0213297997885655,-15.4003311997823
1,"F3","NNASFVEDLGADSLDTGVLV",123,0.0326133022977863,0.0304172547187792,0.0534612954931636,0.0561513034981742,-15.414036508819
3,"O22","LGFLESTDWCCHRS",1269,0.168059329433688,0.126692448768482,0.153825681528836,0.154688015445177,-15.4387266229545
1,"E30","IDSSDSLSISIE",120,0.0355517151380871,0.0476234071553768,0.0335594769872145,0.0349676038637065,-15.4621515245228
1,"D7","NEASFVDHLGADSQDTVELV",67,0.0128865030218622,0.0129923117439488,0.0319188808425811,0.0346368720549814,-15.4923141936156
