"TS","spot","seq","unique_seq_idx","sfp_1","sfp_2","AcpS_1","AcpS_2"
4,"L1","VDGIISVDTAKM",1707,0.0856071516732191,0.0822535608900253,0.195819610413241,0.157750098357724
4,"G17","WETEDPVISAEYIKTL",1573,0.21871283138985,0.205333413124071,0.195115892732771,0.153479581926456
5,"B25","NRFRCQVLSVVGCAYQHC",2001,0.213515610303156,0.173015289361902,0.194591664398345,0.203231668113436
1,"J21","NRASFSDDLGADSLDTVELV",261,0.269432661987162,0.241572397313112,0.194425546783291,0.246957292716167
5,"D9","CREPIMSMEYIATLCC",2045,0.32617672268924,0.345573061123275,0.192770220354374,0.171692171177648
5,"J24","RCCVLSVAWCVTGC",2240,0.165288339990541,0.132912123604443,0.191992617798869,0.196312688937624
1,"J13","NNASFVEDLMADSLDTFELV",253,0.0943052961746312,0.113714418131309,0.191873773953803,0.239130211145328
5,"A10","ISIEYMATRLN",577,0.164299332894756,0.156384979791464,0.191639635326854,0.202367463510925
1,"E11","NSASFCEDLGADSLDTVELV",101,0.262920678255023,0.277036912467929,0.191495001010753,0.239119342407795
5,"F21","EDRCCCICSWAWCITE",2117,0.153960631653941,0.109681557239655,0.191286628529673,0.137301341859771
