"TS","spot","seq","unique_seq_idx","sfp_1","sfp_2","AcpS_1","AcpS_2"
5,"A16","MESIDYHMRSC",1306,0.230508976476388,0.195175029533074,0.113584343118491,0.145929726202982
4,"J7","WQREPAESSVTHTS",1653,0.0264824489670588,0.0232605245828985,0.113488567778196,0.0835072816967572
3,"Q9","ICSTLICACPLE",1316,0.134814105380902,0.154218312393228,0.113200419075126,0.140954177394295
1,"G21","NEASFDDDLGADSLDTVELV",171,0.103703108077374,0.0952240649620798,0.113067486764065,0.146221122792759
4,"R16","SADNWAESMETVD",1902,0.0139508929390498,0.0155414850556703,0.112953913794462,0.0682191869235113
5,"L7","CCCSGECTSSQTPNCRQC",2283,0.185382668739,0.141869402825309,0.112916589738332,0.176527374502136
3,"A20","NGAEASSSKVVGCM",853,0.141282322605177,0.194923146433898,0.112875187424574,0.11217827729896
5,"O22","GGCCCCSNSENQK",2388,0.158309466839394,0.135369627738524,0.112743054009894,0.163248849357996
5,"O25","LYLDSSDIMVLS",2391,0.162270350040026,0.154376111682325,0.112369930301104,0.149922614406048
3,"R21","ADSSCYVLTSCV",1358,0.162748759131621,0.185677659396204,0.112215272896735,0.130986849823061
