"TS","spot","seq","unique_seq_idx","sfp_1","sfp_2","AcpS_1","AcpS_2"
3,"S6","IEPLDSTDWLVR",1373,0.0168522062276991,0.0486125803937656,0.0773083575940781,0.0907602786129788
4,"K28","DADFMASMCSLHVVLT",1704,0.0942902938227023,0.105730946790962,0.0772554902443071,0.135356245287462
3,"R11","ESSESCITP",1348,0.114364841851351,0.12422084110889,0.0772083727854134,0.0745482986720609
5,"E8","MWRNDSVEWL",2074,0.195285265556599,0.241239544680779,0.077168399956312,0.0872025582741734
5,"M13","CCCTKPCSTSNTCQNCQ",2319,0.143246532599941,0.128785045542074,0.0771287499370586,0.129913092442609
1,"H18","VPADSSDTMSGTCE",198,0.0153293247988112,0.0276722019157915,0.0770749244900418,0.0865978999890071
5,"P25","CCSGPCTSSNTCQQCNCC",2421,0.136068067224978,0.116334884821905,0.0769961534616291,0.115940175329258
5,"L26","CFPHDCCCSQTCQQHNC",2302,0.116282688806227,0.104624016267776,0.0769813151108656,0.123598056582404
1,"C20","DGIDSTSTIACPLE",50,0.0209956015460453,0.0319712204023116,0.0769162137524036,0.0831339742014655
4,"C28","ECMDSSDSVVMS",1464,0.0786060485240613,0.0772557303879789,0.0768976950189388,0.108811196737886
