"TS","spot","seq","unique_seq_idx","sfp_1","sfp_2","AcpS_1","AcpS_2","measure"
5,"B25","NRFRCQVLSVVGCAYQHC",2001,0.213515610303156,0.173015289361902,0.194591664398345,0.203231668113436,-37.2905014950675
1,"J21","NRASFSDDLGADSLDTVELV",261,0.269432661987162,0.241572397313112,0.194425546783291,0.246957292716167,-37.2906650764324
1,"E11","NSASFCEDLGADSLDTVELV",101,0.262920678255023,0.277036912467929,0.191495001010753,0.239119342407795,-37.2935957691575
1,"G5","NSASFVEILGADSLDTVELV",155,0.334787185467357,0.427959556877164,0.187755082769748,0.238613609650646,-37.2974651230189
3,"N25","TLDPLESKETQMKG",1242,0.338392539792685,0.278468864351094,0.187591143040978,0.206797969230198,-37.2976382104932
5,"S2","DCCTSNSGNCK",2488,0.266240128316278,0.326368492648851,0.18743717113897,0.259968514383721,-37.2978010472183
3,"F15","DSLEFQAKRAGSMSGSGSV",992,0.268399349100197,0.307063881614747,0.186742248350371,0.190586943712131,-37.2985392967571
4,"S21","DLFQASIAYAESRC",1937,0.379698104250252,0.387514892530744,0.186617701372237,0.197970379394934,-37.298672186798
4,"R24","PMVTTSNTLQQRC",1910,0.255246710257385,0.247140808956228,0.185793264549998,0.252127958895813,-37.2995563322207
4,"N5","AETSSHRANPR",1771,0.258274668141564,0.242788115387952,0.185517744208682,0.198449839343065,-37.2998535580585
4,"M4","TCAGPCCTSSNRAYGCCA",1740,0.207890849791795,0.203464182163538,0.185445445486228,0.198193323747377,-37.2999316990222
3,"H25","CSSSFCEILGADSLDTVELV",1062,0.276965814102441,0.210966470862715,0.184293981278087,0.223804778887034,-37.3011845109537
1,"C29","NSASFVEKLGADSLDTVELV",59,0.355390157616388,0.452943738078038,0.183776949012318,0.20625372791305,-37.301752197371
5,"S19","KDCCTSNTPQCR",2505,0.275412067828538,0.253147561838013,0.18172370066522,0.245260494836413,-37.3040389638899
5,"H22","WQIASRCCCATQ",2178,0.207078343467864,0.213066586620107,0.18069569485929,0.240905446445955,-37.3052038354834
5,"R10","RECTCSQSCNQKN",2466,0.29471352870839,0.221561396881958,0.180659255761841,0.239123642252434,-37.3052453760334
5,"F8","CCQAVSVMGCRTP",2104,0.237891523466128,0.221043798772979,0.17730014505096,0.223454484343398,-37.3091508356633
1,"F17","NSASFVEDLGADSLDTVCLV",137,0.320835658911363,0.443792283519413,0.176718560695234,0.207451226246325,-37.3098427788192
4,"H25","PNVVGGDSVAIRFLHLS",1611,0.23061095511452,0.18743604807624,0.17608190745447,0.205306515152876,-37.3106057705309
4,"K26","GCCSCSQRVWGCC",1702,0.223164969837403,0.230672340074465,0.17551825432419,0.181749942978454,-37.311286168936
