"TS","spot","seq","unique_seq_idx","sfp_1","sfp_2","AcpS_1","AcpS_2"
5,"T16","YYTELEIDSSVTQA",2532,0.119635780563973,0.0988182163404062,0.120690644954997,0.157085599251613
4,"B13","YLTKCPMDSTDTCTSSPD",1419,0.0493312486645096,0.0443213559281454,0.120272016275184,0.0658282444466909
4,"R6","CASTSQHVWNCCVI",1892,0.0796065122524002,0.0592265008422616,0.119955946440529,0.0721357749163483
3,"R24","DSKAAVLIPI",1361,0.299894963894697,0.211003827886061,0.1198188957359,0.128935130428357
3,"P26","DRLWAIESKLA",1303,0.191184279018594,0.158161286737104,0.119697937782459,0.137911852296308
1,"I29","NNASWVEDNGADSLDTQELW",239,0.018576664689039,0.0231461396389614,0.119690326350569,0.173060093696057
5,"D20","CCFGRVSMDCI",2056,0.160819547862491,0.151327554224661,0.119579787636443,0.1608277051711
3,"B4","NRASFSEDLGADSLGTVELV",861,0.217493827082882,0.258153367429855,0.119379554203862,0.119064404084283
3,"M21","CWMDSTDWKA",1208,0.238501951131714,0.089158204092575,0.119361982909085,0.0838693115403389
5,"D11","RLDPHVSPDFCHSNCC",2047,0.118580476282174,0.108662452936774,0.119361347653072,0.148905738418551
