"TS","spot","seq","unique_seq_idx","sfp_1","sfp_2","AcpS_1","AcpS_2"
3,"K28","CNELDSTEICETS",1155,0.100897107965444,0.0497200377252254,0.0625409119580038,0.0588869695865254
4,"Q26","CCSCSQHVWQCC",1882,0.0817977805680477,0.0735188414032691,0.0625370103988108,0.0676517033222992
5,"E28","VDGADSIDYVITTVC",2094,0.383302292439298,0.39491736386062,0.0624002759446739,0.115415253168381
3,"K26","TMVGVDSTAVM",1153,0.110528331099376,0.0565822486224653,0.0623747389808814,0.0539854287742798
5,"P3","PKRPKCSIDSTESCCLPCI",2399,0.0890914308423468,0.105823180948746,0.0623556392665573,0.0955269769680189
3,"P1","LEGLESTEYCITPVA",1278,0.127663970360255,0.0996570568875435,0.0623222617469846,0.0620913761365757
3,"A15","NSASFVEDLGADALDTVELV",850,0.0703614662284131,0.0747502628566482,0.0623024422730777,0.0541501860189788
4,"H30","PFSDDEGHESRLTSH",1616,0.0894762905126383,0.0794680362449336,0.0622914944066352,0.114557503066106
4,"B24","SRECMDSSDTA",1430,0.0641047699025894,0.0672832847593699,0.0621949001271334,0.0963789071337891
5,"M27","TKCCSCSQTDNQHQ",2333,0.0980744921722417,0.0945421748465331,0.0621203419437121,0.120490376831774
