"TS","spot","seq","unique_seq_idx","sfp_1","sfp_2","AcpS_1","AcpS_2"
3,"Q8","ECAESSDTCISPI",1315,0.110281259138801,0.131329671471491,0.0757145908695721,0.0909925783176697
3,"C7","GAESIESAPTNCS",894,0.0666960460359948,0.0870156974872511,0.0756706034700206,0.0678398308831945
4,"L27","GFTEAMPHVSVEYV",1733,0.0838492874972739,0.0829460024282943,0.0756487213122767,0.0949138756833249
3,"N18","MESLLFNMTT",1235,0.116840226266973,0.0839763553123707,0.0756330647948148,0.0684009803899407
3,"K20","CLESTDSCVTPCM",1147,0.144884655827366,0.125024660360409,0.0755759137148325,0.0720027847546851
3,"S26","CEEIESSTTRDS",1393,0.144742593014847,0.0863158176600115,0.075547131105711,0.067699360291407
3,"R8","TVCGLESTDSLMTG",1345,0.0686959050292684,0.0776853257772775,0.0754770382050806,0.086915130507693
3,"O19","EPIESTDSCM",1266,0.0962586573219774,0.0502274524204918,0.0753743762883733,0.0718516280356166
5,"N28","SPECTCSNTCNNHC",2364,0.0980143552944164,0.0910871531249177,0.0751947776789365,0.13262032406387
3,"G10","PNESMETIDDRY",1017,0.0545350903958479,0.0634657717136606,0.0751753384821306,0.0737671035683032
