"TS","spot","seq","unique_seq_idx","sfp_1","sfp_2","AcpS_1","AcpS_2"
5,"H27","YQRFKWNACSYCDCCTER",2183,0.273526770948479,0.234224798120309,0.362007570477909,0.354467387846598
3,"L30","AQCIASTSWKL",1187,0.71705116842533,0.50329656284557,0.361460761414035,0.393609471791716
3,"O29","TCIGVCSKSQIAHRII",1276,0.486749769720397,0.682654064423371,0.360228877576156,0.41076317735132
3,"L10","CQPLCSKTLMIHR",1167,0.686045256815941,0.654778321568929,0.359108677952808,0.400928241864168
5,"F14","NGTVFGYASLDFCRT",2110,0.441646123585492,0.450928972710573,0.357486592577079,0.231839097387574
5,"I22","GTMDKHLSFVWTRSQ",2208,0.285430762229717,0.25061128883632,0.356125161731942,0.344663479442001
5,"C3","RFCESIMFARTTCF",2009,0.273026724745029,0.240248940880398,0.355310365998868,0.311861843824087
5,"H9","EDCFWQACSVFYWACGES",2165,0.265387901201887,0.146316145422085,0.354432665388623,0.246278799261269
4,"S25","IPPLCSSSRTINQK",1941,0.729145133818812,0.700631177051272,0.35261276114693,0.62866461244334
5,"B2","EGFHYCACSKAFCVS",1978,0.280950363223428,0.258741993102237,0.348714743409644,0.259968800071193
