"TS","spot","seq","unique_seq_idx","sfp_1","sfp_2","AcpS_1","AcpS_2","measure"
3,"G17","VESIDTIEVILQ",1024,0.0592582816903158,0.0656267019581782,0.0646117363775792,0.0604212213631938,-13.8211169582335
3,"G20","EIGMDSAESLD",1027,0.0429410008220603,0.0316867660749222,0.0387226669119091,0.0289339422935454,-13.8217571024853
1,"B11","DALEFIASKLAXXX",11,0.0181515509598841,0.0222448686405168,0.0446278980897211,0.0442034818134461,-13.8241048430118
3,"F12","DDAGAESVESVDMM",989,0.0530585049225051,0.0586018338722194,0.0476721355639174,0.0367773892852139,-13.8340390973454
3,"N16","CMESLDTQDKQC",1233,0.124236862878428,0.0959313067164546,0.113869725667092,0.110386143876534,-13.8369740678161
3,"P13","IEGLESSDY",1290,0.0658432617539025,0.0689278831264492,0.0654503071929714,0.0589373494784598,-13.8497297472885
4,"I21","IWCDDNPIMSMDSIKVMV",1637,0.354073157879024,0.298900580914223,0.33728833379784,0.291685910845616,-13.8551074669932
3,"B6","DSVDYLE",863,0.0469083095836695,0.0706590012771532,0.0527675891895117,0.0490132265845104,-13.8566146462594
1,"C16","GADSSSTALMGWE",46,0.00618507991588225,0.00560033413611904,0.00614935940050723,0,-13.8656337135923
3,"E17","DLPVESMDTIDII",964,0.0428494361042119,0.0469489184924946,0.0403458226622755,0.0326032720750165,-13.8663863973801
1,"J12","PAESTSSMSDGVM",252,0.0044568924205617,0.0074592204500723,0.0206472621847081,0.0192443538875781,-13.8742469979068
1,"B9","DALEFIASKLAX",9,0.0573886924247522,0.0603507154400077,0.0578206674581021,0.0522525466427953,-13.9005430339596
4,"H3","QRYCAESKIIC",1589,0.115731498796587,0.113193510306729,0.116458277631796,0.117504534971268,-13.9047041612252
4,"B28","AQREPVESKETL",1434,0.074011800252592,0.0821317165792993,0.116002408772164,0.118854426593299,-13.9180901980478
1,"C3","NSASFVEDDGIDSSDTVELV",33,0.0145364547890961,0.0140615575843447,0.0346382543027548,0.0339956981070349,-13.9280948920325
5,"E21","EHHCYQLCSFCPCCSFK",2087,0.493834997128406,0.465286795243268,0.479249271886993,0.471311421199467,-13.9374796372655
3,"G23","DLGVDSVDTMELMQ",1030,0.0572434504906754,0.0459613240468569,0.0565107630685688,0.0506944083504774,-13.9407616944721
1,"F10","PIESSETMVLGMI",130,0.0129216996380453,0.015043456506926,0.0318504137251202,0.031182163283134,-13.9537338499744
3,"F21","NQQSFCEDLGEDSQDTVELV",998,0.0667741052125899,0.0533774577983821,0.0683298696825136,0.0637714500903047,-13.9561830300709
3,"G9","DDIPADSIDSLELAV",1016,0.0700815368952268,0.0756132367968565,0.0868922416895854,0.0860662225112914,-13.9775241833004
