"TS","spot","seq","unique_seq_idx","sfp_1","sfp_2","AcpS_1","AcpS_2"
3,"H22","LCSLDTLE",1059,0.127216270834366,0.0873039946713154,0.0940763424706192,0.100598861358884
4,"L23","DMDWADSMEWMAI",1729,0.0451542590249645,0.0555138176003711,0.0938772927532867,0.0335136122028585
4,"S22","PLCSCSKTLWPCGMM",1938,0.14701899765576,0.149029777573584,0.0938657044743204,0.0953989104628175
3,"D20","GMCSAETMDQDK",937,0.102295369447658,0.136019397905166,0.0938390708285188,0.0790473457333172
4,"E25","ACDDWKVSADWHK",1521,0.197566003055963,0.185448788632068,0.0937939747344665,0.14412650641323
4,"T2","SCMGGCMSCSQSAYN",1948,0.0757420996434397,0.0669247426554429,0.0937316901057833,0.0683200962613631
5,"L28","PRECTCSNTDQNKN",2304,0.159207660647755,0.160454236326388,0.0936903197275387,0.149246792122511
3,"Q13","FCPACSSDFQM",1320,0.105056244301687,0.101409681420758,0.0934995809892762,0.0891130129447619
4,"I30","EDQFIDSLDQMSTKY",1646,0.274388706857258,0.279690833504508,0.0934173461850171,0.220605123862462
5,"S26","CCSHGCTCSNTCNNCCCC",2512,0.144694253050499,0.130252308170298,0.0930724848569765,0.142842650339818
