"TS","spot","seq","unique_seq_idx","sfp_1","sfp_2","AcpS_1","AcpS_2"
5,"B20","EQKHKWQACSFCECHWNKC",1996,0.37147174418414,0.343751534833666,0.310043471502704,0.324631930974479
4,"Q2","CCSSSNKIYQCCV",1858,0.544811020207336,0.518692366770265,0.30936748514451,0.508410707570107
4,"M13","TCANPCCSCSKHLW",1749,0.365994648556769,0.356465886193323,0.306592727695975,0.282682753804403
4,"N1","TCIQACCLCSKRMFGCPVV",1767,0.403550802265878,0.384593512789973,0.3064785708202,0.38151901237106
5,"D3","CSKYAFGVESLDYVKSQCT",2039,0.416449002186202,0.531621926152727,0.305876449080497,0.304870471442895
4,"M3","CVPGCCTTSRTLNGKCLM",1739,0.465786480121666,0.45008330056153,0.30157092519491,0.355013990132622
5,"B19","PYQWQLCSFCDCKTWHC",1995,0.297125052070607,0.23452746500333,0.300290247871001,0.250419010672855
5,"D15","YDERHWCMASKIFCVT",2051,0.321586389553325,0.288263109466594,0.300078910835864,0.302302426757946
5,"I16","GYKYCILSWVFCISRDC",2202,0.275342944980463,0.202184104493542,0.297368600930827,0.250122581352007
3,"S25","DSLEFIAGNAGFGSGKGSG",1392,0.674056308401047,0.569473716537606,0.29683732563059,0.355926590869632
