"TS","spot","seq","unique_seq_idx","sfp_1","sfp_2","AcpS_1","AcpS_2"
4,"N12","CCTCSNHIFGCCMV",1778,0.123160105636241,0.120399277398073,0.16255430819211,0.12680188662189
5,"S27","THGCCSSNTTQNKNCC",2513,0.324716502523655,0.312992337318294,0.162518544897809,0.23299630306127
4,"A6","GDSLDWMSCIDY",1398,0.228131853147846,0.265601389286896,0.162495445652647,0.218230178176922
5,"A30","GDSLDWMSCIDY",1398,0.228131853147846,0.265601389286896,0.162495445652647,0.218230178176922
4,"I16","TSLEVMPVLSLDYATTV",1632,0.200331581761013,0.195235074330041,0.162394329250897,0.116543463385709
1,"H3","NEASFGDDLGADSLDTVELV",183,0.141962670886667,0.121206228345993,0.162271083774957,0.194973813600107
4,"T20","PGCCSSSNRVWGCCI",1966,0.214158917532357,0.214151876907585,0.162208992651783,0.172246713783681
4,"D14","THYAVGRLSMDWF",1480,0.20664426981398,0.18381637197854,0.161789804203805,0.111858893470752
4,"Q14","DEDGMDSVEFMDTQV",1870,0.0677361294456399,0.068567296009935,0.161759780888578,0.113138928543657
4,"G18","IIHMLSLCTYDSAAT",1574,0.139650041128479,0.163104441219924,0.161384859286931,0.126167945162602
