"TS","spot","seq","unique_seq_idx","sfp_1","sfp_2","AcpS_1","AcpS_2"
4,"I21","IWCDDNPIMSMDSIKVMV",1637,0.354073157879024,0.298900580914223,0.33728833379784,0.291685910845616
5,"B3","RCCQIISMMCCCTRCS",1979,0.311312919854617,0.264052868519546,0.335694066289481,0.379766613333577
5,"I12","HFHFNMCSHLWCKT",2198,0.376575631280065,0.335897472627512,0.334595955357484,0.393891916144442
4,"P6","QLVDTTSRSVQGRG",1832,0.448029768089155,0.419574335706505,0.334246230391352,0.344761117276787
1,"B23","DSLAFIASKLA",23,0.470358306443568,0.603812286652346,0.33304348262505,0.221937805572478
3,"A30","LEKLDSMATHDKKAQ",453,0.654172634314193,0.510484149517347,0.331759416142373,0.397395769502262
5,"B5","EDGFCWNIISIVFCVYG",1981,0.23049347784378,0.14609288142209,0.331324950394907,0.2127923707732
5,"F24","CYQVHSYCWC",2120,0.234474233863233,0.174840468787954,0.330348343663015,0.22375585605751
5,"H21","DGCLDGQMSFEWCFTQCC",2177,0.270674330219103,0.234795985627529,0.32814540805343,0.229030532420029
5,"D25","ECVVSFAWCKTN",2061,0.278089454945163,0.26042856468191,0.324952900398908,0.289004674846946
