"TS","spot","seq","unique_seq_idx","sfp_1","sfp_2","AcpS_1","AcpS_2"
3,"E26","DVPLESIETIDV",973,0.0824709459971467,0.0674605701282595,0.0477569599541085,0.0372238887469524
5,"H11","RPMMNYNDSIDICDSVIP",2167,0.208028955436015,0.219766952107968,0.047725633542846,0.102899399299237
3,"F12","DDAGAESVESVDMM",989,0.0530585049225051,0.0586018338722194,0.0476721355639174,0.0367773892852139
4,"D2","QLEGLDSVEYMSLT",1468,0.172580506859155,0.22893809035608,0.0475596245039372,0.0944388169178481
3,"E29","EVPAESVESIEAAV",976,0.101863762497319,0.0893743845018767,0.0473749026179226,0.0380906580852848
3,"O2","SACCVDSALTA",1249,0.102599458014519,0.0590506764444626,0.0473498176718434,0.0638171260410437
1,"F16","GIDSTSSMLITQL",136,0.0187458985980339,0.0231051379058867,0.0473436483581906,0.0515508707356351
3,"Q10","LDSTEWCASG",1317,0.0325768729087143,0.0424649833804065,0.0472698889875204,0.046450873921116
5,"S7","EELDAESGITIEISN",2493,0.10918336909231,0.0909425976101141,0.0472648176135602,0.0992641404942422
4,"B5","ICMAGVDSMEYAE",1411,0.0778252517679111,0.0768495923950425,0.0472133985914485,0.0776389648049607
