"TS","spot","seq","unique_seq_idx","sfp_1","sfp_2","AcpS_1","AcpS_2"
1,"H20","NLESTDTNMASTI",200,0.00693060059486608,0.0130863512027105,0.0357489866750259,0.0383090983188857
5,"N26","RPHGEQCADSSETG",2362,0.0631601671941267,0.0569546916853582,0.0356341534076272,0.0923116787467233
3,"O3","DCLDSTET",1250,0.0662764575914473,0.0601514828178998,0.0354298683914081,0.0473442477964273
1,"I8","LDSTETITATSA",218,0.00360233371796655,0.00657845031816502,0.0353611744289611,0.0402552140861525
3,"D17","DMGIDSMESI",934,0.0592599316885685,0.0631573760141121,0.0352825387051494,0.0239135928795828
3,"B17","EVGADSADSVEMAVG",874,0.0377266396773676,0.0562657698242982,0.035029973528706,0.0292396132549271
1,"E20","MDSSTSAMIGGD",110,0.00912073842122488,0.0126364431535911,0.0349714758820607,0.0337612759556628
3,"G29","VDSIDSMDVLAN",1036,0.103971278783992,0.0771939801849707,0.034763298070093,0.0271738502096972
1,"C3","NSASFVEDDGIDSSDTVELV",33,0.0145364547890961,0.0140615575843447,0.0346382543027548,0.0339956981070349
5,"M11","GEMPADSFDSL",2317,0.0737122307717642,0.0674082472875249,0.0346168749995439,0.097555615137265
