"TS","spot","seq","unique_seq_idx","sfp_1","sfp_2","AcpS_1","AcpS_2"
3,"H29","PMDSMESMEV",1066,0.0884190267352055,0.0520140842244714,0.0364138904802335,0.0302941312027149
5,"N22","WSEDHCVDSMTTKEVST",2358,0.0558638473631956,0.0473675332444947,0.0362733214480576,0.0893805538537311
5,"E14","TCCNPLQSMEWSASECS",2080,0.0828849767172516,0.0759482537911603,0.0361325517171256,0.0754016944409646
3,"C30","ESIETVEAV",917,0.0989791174039911,0.0359860035972532,0.0361244078359754,0.0372751378454121
5,"N15","EEYPVDSSATMGD",2351,0.0733133631371847,0.0677065666362664,0.0361023155367992,0.0936396398223767
5,"E20","AICIHEPAESADEAM",2086,0.0853306006845189,0.0800464086740846,0.0360912719118047,0.0883292810946173
3,"J2","ESIETLDMAI",1099,0.0205115764265243,0.054881763716376,0.0358763242271393,0.0451893143876652
5,"O3","HDIPVDSTLTV",2369,0.0369413812991013,0.0491835345426226,0.0358526177161637,0.088774182194614
1,"I21","NNASFVNDLGAGSLDTVEVV",231,0.09400288701659,0.112871634121141,0.0357685220282348,0.0371044425243086
3,"L3","SMEPVESTETIISGV",1160,0.0785660316139067,0.0957554932531072,0.0357651281041303,0.0469719376681092
