"TS","spot","seq","unique_seq_idx","sfp_1","sfp_2","AcpS_1","AcpS_2","measure"
5,"G20","SVDKRMSWLFTHT",2146,0.306036571252744,0.274288171862624,0.343482838231084,0.338843911364319,-11.4072522521609
4,"K3","WLAMLYQESKEKWD",1679,0.0804526542818488,0.0767649742447535,0.0927035006142557,0.0296567580390431,-11.4163054257144
4,"K22","NPAVTTSNSVNGKGA",1698,0.208203808443472,0.205147894019358,0.203995283469645,0.172104237720763,-11.4462528865223
4,"N4","CMGPMDSSSKSAQNCPA",1770,0.0891286336969722,0.0789773966155123,0.103866806476181,0.0890853161415034,-11.4529638341347
4,"H17","DHCEMGHASIDLYHSQ",1603,0.162083930631501,0.156136799215882,0.151057104374044,0.0784009073264382,-11.4594433387372
4,"J25","FPMDSWALCST",1671,0.0365214027933431,0.0343084508810333,0.0876817360453649,0.06398204612737,-11.4733038648042
4,"O10","QGQWSAVYVETRM",1806,0.182156847854393,0.158075530660611,0.171562023471516,0.110734684714816,-11.5339048974036
4,"O25","DEGRISIMQIDTIV",1821,0.143463698132079,0.163711303369019,0.160351055833744,0.15100724202155,-11.5563021429619
4,"I24","ILDWGASLFERR",1640,0.226286835865913,0.221846098994522,0.222600293799238,0.196211471198252,-11.5607341248818
4,"C17","DPIISAATAR",1453,0.223351699973724,0.225274808967164,0.224848306122188,0.207497570584157,-11.6001784122743
4,"M25","SYTYDNFADSIETMEI",1761,0.138702094333622,0.150096374065541,0.129809738847085,0.0829545909594657,-11.6360216620794
5,"F16","PSMEGAESRWFME",2112,0.103441190096785,0.0916968646164504,0.113692854409751,0.100644868045956,-11.6369858294142
4,"P23","WDEACFIDSAIYHHIAM",1849,0.189629311764266,0.183636212508819,0.186422597238478,0.162833879990419,-11.6574015979268
4,"S2","PPCITTSHHLNPCC",1918,0.105588127568182,0.0804607629850372,0.101602786776066,0.0692508730396535,-11.6721132222021
4,"K10","LLDRCLSAYWS",1686,0.194022034743195,0.178204135058577,0.18340729291248,0.13189574207266,-11.6787936991428
4,"M8","CEICSRTLYNC",1744,0.261995062821143,0.248137788450185,0.266614777379462,0.254119371791704,-11.6841622440154
5,"I10","HCIDCMASAIYCV",2196,0.15772860450607,0.137393767240298,0.17641529284215,0.169984931414294,-11.7381445633822
4,"H8","QFLMVHFIESKCWASFAI",1594,0.172951119651334,0.164260083386728,0.164991260670646,0.131142870877653,-11.7649634303464
5,"E2","GSKNGLNSAEWSAF",2068,0.0481085230198597,0.0556378416667307,0.119220164394331,0.118426713378473,-11.7799849826501
4,"M2","YSCNEYQISVCYT",1738,0.136816504513418,0.132393208400834,0.133231050190812,0.110478144668113,-11.7994587866235
