"TS","spot","seq","unique_seq_idx","sfp_1","sfp_2","AcpS_1","AcpS_2"
1,"H10","IESSSTLPISVE",190,0.00779518844078222,0.00922546930000768,0.0232067856562437,0.0283415483777246
1,"C7","EASFHDDLGADSSDTNELTM",37,0.0107951848466745,0.0107405494689465,0.0231883522015428,0.0258615797987911
1,"I6","WPMDSSTSVEVSQL",216,0.0132536495641493,0.0156969976794062,0.0231761005842339,0.0233858730700347
4,"D3","QRWGADSVEVK",1469,0.0314036290933008,0.0297809283495779,0.022539619843443,0.0627773446308936
3,"P4","TDEPMVSTTW",1281,0,0,0.0223293736267736,0.0248573125602983
5,"S1","EKDRIESTITC",2487,0.0445628089254786,0.0778026583087599,0.0223272663938842,0.10361278948533
1,"E4","MESTDTVAGPIE",94,0.00212926912632894,0.00215587112506939,0.0223018841900106,0.0235814491707488
1,"B16","DALEFIASKLAXXXXXXXX",16,0.00917759125883478,0.0120799570512085,0.0222341641223857,0.0316281485712916
5,"M20","MPVESWESQAAPT",2326,0.0485851826597102,0.0435570704042947,0.0221507143449634,0.0848630064292537
5,"O27","SEPHKCDESSDGD",2393,0.048400912667217,0.0434567148213358,0.0219153926969529,0.0783300767342265
