"TS","spot","seq","unique_seq_idx","sfp_1","sfp_2","AcpS_1","AcpS_2"
4,"T28","SCAGICASCSQSMWQKGAM",1974,0.247215964044013,0.242819632371984,0.123700401969246,0.210013873413574
1,"G29","NNASFEEDLGADSLDTVELV",179,0.15642360223172,0.11004970968182,0.123375000256209,0.151389707084658
4,"E17","YVQHEDMDSMESA",1513,0.0600516309854369,0.0590747124838601,0.123126317491288,0.0665948571119847
5,"E10","HCFQMASKAWCMSND",2076,0.13849969381551,0.122730892718969,0.12296969400645,0.131325245616233
5,"T20","CTRPCCSSQSCNNC",2536,0.153828779821238,0.125843244203947,0.122955536760311,0.170361896033472
4,"B16","TYYNCDPLCSWAACTTTCT",1422,0.0731744061528123,0.0738086112342761,0.122730950448191,0.0830332743249145
5,"I30","QKYKWCLCSVIFCHSQDC",2216,0.185642973864376,0.154301539392942,0.122497712826343,0.169914880846183
5,"F13","LSVVENLLSYEPIDSNLY",2109,0.168797562981375,0.159740546306664,0.122211089404955,0.14825588512621
3,"N10","EMESIESLCRGAT",1227,0.170542373100458,0.167840906563969,0.121962401420235,0.12421102705012
4,"E24","DGAESFIAQTST",1520,0.0834289758966063,0.0860475707672367,0.121792413648438,0.121042890217018
