"TS","spot","seq","unique_seq_idx","sfp_1","sfp_2","AcpS_1","AcpS_2","measure"
3,"H4","ESIDSVTLQ",1041,0.0344268468755301,0.0701379933830086,0.0370360444730841,0.0512861675615249,-25.9344752381379
5,"T26","DGMESSDTVALEC",2542,0.0599778952746867,0.054156177831204,0.0620005161800052,0.101549583131983,-25.963949267999
4,"C5","ASMEGKESIVTAES",1441,0.0524001280720388,0.042691269550701,0.054265312045505,0.0713470585337252,-25.9720102230045
3,"F28","DMPVESADTMDAID",1005,0.0673436805353393,0.0574977262933404,0.0269789334614192,0.0145167715676903,-25.9765779792181
3,"S10","ESTETCMS",1377,0.076350043219883,0.0863668892500823,0.0779429209440988,0.0852669956329509,-25.9861078737511
5,"G26","KYCMVSVIFC",2152,0.293829159469644,0.267277410541911,0.280711871094139,0.303308132365291,-25.9883405930386
3,"A21","NGAESASSKVVGCM",854,0.153399135699477,0.204399814946798,0.0954763664423591,0.093573985351559,-26.0199167231183
3,"D12","GMESAETLDMIM",929,0.0740577474992608,0.0849949228325951,0.0451013427290622,0.0334744044892404,-26.0298406658332
3,"L20","MDGMESTDSQIH",1177,0.113317581849282,0.0669993480356094,0.0392807625902144,0.0276820292481984,-26.0316897788759
4,"R30","SWSCEVGMDSHASA",1916,0.00366329829298241,0.00130661492857689,0.00423668237652945,0.0268077747030083,-26.0407270238203
3,"D17","DMGIDSMESI",934,0.0592599316885685,0.0631573760141121,0.0352825387051494,0.0239135928795828,-26.0468834260008
3,"A20","NGAEASSSKVVGCM",853,0.141282322605177,0.194923146433898,0.112875187424574,0.11217827729896,-26.0583583155857
3,"C18","EVGLESADTLDALVP",905,0.0677316541985518,0.0728973156609987,0.0416987236162039,0.0305420936681257,-26.0611300332498
3,"I3","EELGADSADTADIAQC",1070,0.0345714967223468,0.0729748454417431,0.0346075377120978,0.0474263622481662,-26.0707623415406
5,"M17","YDRRHAESTWSMSAD",2323,0.107072933335833,0.100367116001218,0.0956319787378596,0.105651169597368,-26.0950173517606
4,"C24","SKCERVDFPSAVTM",1460,0.0864032132730869,0.0948278762798801,0.0859935646692698,0.116625496540177,-26.0963777870325
3,"E26","DVPLESIETIDV",973,0.0824709459971467,0.0674605701282595,0.0477569599541085,0.0372238887469524,-26.1041846048975
3,"O12","SLDGLESRIS",1259,0.177075266182167,0.171302293290447,0.0799527930860844,0.0695187970246854,-26.1111993466531
1,"B22","DSLEAIASKLA",22,0.299870628380807,0.382332643142486,0.219805929965841,0.220031473870741,-26.1123379161129
5,"C12","NKCCCCMLSECFC",2018,0.15526503739949,0.142417071379723,0.142185066343239,0.16910601390698,-26.1138953611986
