"TS","spot","seq","unique_seq_idx","sfp_1","sfp_2","AcpS_1","AcpS_2","measure"
5,"L20","FPADSTDTPTM",2296,0.0688780091868916,0.0705691764298375,0.0438541132273194,0.110283591954298,-38.6834295623
5,"L21","CSHPCSTSNTCNQC",2297,0.106298901443327,0.0880499173711076,0.0826038337919843,0.128497910981784,-38.6834295623
5,"L22","EDKDGLDSSTSC",2298,0.055276303154558,0.0428249939375115,0.032969428862149,0.0898827638605919,-38.6834295623
5,"L24","KPHDDLWADSIETHVCTC",2300,0.105461247729404,0.101129806355222,0.0815268614285343,0.130379620084229,-38.6834295623
5,"L26","CFPHDCCCSQTCQQHNC",2302,0.116282688806227,0.104624016267776,0.0769813151108656,0.123598056582404,-38.6834295623
5,"L27","WSPDCCCSNSPQNC",2303,0.0964213328569677,0.0876038120480629,0.0528588758514112,0.100040153374176,-38.6834295623
5,"M5","DWGMDSFESIEMG",2311,0.143607843487067,0.137161989319006,0.051524932442935,0.105110420350547,-38.6834295623
5,"M6","DFPLESTDTPTLGCT",2312,0.0582731530340368,0.0357909853848855,0.0259710545129384,0.0805068438576551,-38.6834295623
5,"M8","DERCLDSVTSHGQTYM",2314,0.115847070857421,0.0881349962016666,0.0806292141828362,0.131227397657106,-38.6834295623
5,"M9","SCEDFEIESTDTCEM",2315,0.066422592816147,0.0475427328377289,0.0284890739871792,0.0774173338302391,-38.6834295623
5,"M10","TVVEMESKVSLICP",2316,0.0915740643345209,0.0903380488155386,0.0369528692626969,0.103479744829664,-38.6834295623
5,"M11","GEMPADSFDSL",2317,0.0737122307717642,0.0674082472875249,0.0346168749995439,0.097555615137265,-38.6834295623
5,"M12","CCCTGGCSCSQSCNNC",2318,0.129518619767497,0.112988642030916,0.0683247915515782,0.117036301021461,-38.6834295623
5,"M13","CCCTKPCSTSNTCQNCQ",2319,0.143246532599941,0.128785045542074,0.0771287499370586,0.129913092442609,-38.6834295623
5,"M14","HFCDDNPIDSTDTMD",2320,0.0683662697016429,0.0574129942573546,0.0297642477965657,0.0838103338015275,-38.6834295623
5,"M15","RMDLESTETVG",2321,0.0740122527335965,0.0614338596419712,0.0483132079079166,0.109321082292705,-38.6834295623
5,"M18","EGEPRTDIESSDTC",2324,0.0587987458900871,0.0465928871712217,0.0392651221646283,0.0950116539061976,-38.6834295623
5,"M19","WGPPCSTSNSENNRN",2325,0.126668828747298,0.113272167686622,0.0661734252921878,0.131421579431759,-38.6834295623
5,"M20","MPVESWESQAAPT",2326,0.0485851826597102,0.0435570704042947,0.0221507143449634,0.0848630064292537,-38.6834295623
5,"M22","YCEDDCVESSDPMEIPST",2328,0.0585288499695409,0.0489314077456041,0.0339417786901336,0.0855506276053805,-38.6834295623
