"TS","spot","seq","unique_seq_idx","sfp_1","sfp_2","AcpS_1","AcpS_2"
3,"H17","APLESIETVDMVM",1054,0.0552995081048531,0.054937180275374,0.0522736257790127,0.054934892035368
5,"K28","CWPHDCTCSQSCQN",2274,0.103420424441176,0.103657686200458,0.0522707663327065,0.104714886045695
3,"F8","NNRSFVQDPGADSKDTVELV",985,0.0570982710147899,0.0669033217949629,0.0521902065007777,0.0441378471843485
5,"N7","HCCCCSQSGNNC",2343,0.0986126423456923,0.0561217463850415,0.0521851904015817,0.100271617363913
1,"G13","NSASFVEDLGMYSLDTVELV",163,0.0701540467593703,0.0880464867391344,0.0520390620155655,0.0611684799548323
3,"C3","LGIDSMETVEKMAN",890,0.0975217411695652,0.124953999999812,0.0519326568745532,0.0495851815213941
4,"C25","MELKRESKDAKETA",1461,0.0878154168052367,0.0883790411174211,0.0518771972401907,0.106731589031812
3,"P21","LESSES",1298,0.0637376806503656,0.0534356172707251,0.0518383368856694,0.0443294305284741
5,"K16","DQFEHTEIESSESCTGPC",2262,0.0671007455581363,0.0504956143500265,0.0517885199328917,0.0974307697120427
3,"H9","MHQESADSLE",1046,0.0374479733058068,0.0564587204276599,0.0516699305200694,0.0454053718606196
