"TS","spot","seq","unique_seq_idx","sfp_1","sfp_2","AcpS_1","AcpS_2"
1,"F13","NEASFVDDLGADSRDTVELV",133,0.0204318459488432,0.0235129067544976,0.0403886143859045,0.0451833403048981
3,"D21","PAESVES",938,0.0572250764360594,0.064638160843333,0.040385432028785,0.031214859518674
1,"H13","SEKSFVDDLDIRSSSTVEIA",193,0.0314374115252236,0.034841712055777,0.0403815174124634,0.0427941756438542
5,"M4","CYHHHPGDESSESIEM",2310,0.0527247196214291,0.0417045679329425,0.0403593897205257,0.0828141987244911
3,"E17","DLPVESMDTIDII",964,0.0428494361042119,0.0469489184924946,0.0403458226622755,0.0326032720750165
5,"Q7","NYDDEEPLDSSDALLVG",2433,0.0922322002517551,0.0609283380171024,0.0402955361619122,0.0975481015567539
5,"N30","CTGPCTTSNSCQNCNC",2366,0.0796408110475978,0.101881356152633,0.0402595105922715,0.11552101467048
5,"C1","EGMESWDNCWD",2007,0.000616863816696064,0,0.0400224618575329,0
3,"C16","DSVETIEMVL",903,0.04372314073452,0.0639058029802024,0.0399232241484935,0.0357209795349888
3,"E15","EIPVESMDTAEIAM",962,0.0438605387371646,0.0583278823676856,0.0398656737209026,0.035340386379783
