"TS","spot","seq","unique_seq_idx","sfp_1","sfp_2","AcpS_1","AcpS_2","measure"
4,"J8","RLRAERYDSLWWME",1654,0.264172328578227,0.240601063898054,0.190817646438852,0.163478530994165,-23.9330853321341
4,"K27","APVIESTSKTVNG",1703,0.0721587069362246,0.0722350340518613,0.101739001210659,0.123050318527566,-23.9382207945154
4,"F9","YGMDSFMLCSSTC",1535,0.333618883762413,0.343747909282909,0.176238093178345,0.148571456383688,-23.9387011231457
1,"I23","SASFSEDLNADSLDTVELVM",233,0.0727867284193139,0.0883182356448613,0.102036567563321,0.119036105968376,-23.9419188256419
5,"C13","KEGHESMAFMRY",2019,0.20726886331787,0.196829934880698,0.225284306449404,0.242855920522888,-23.9482377760322
1,"H3","NEASFGDDLGADSLDTVELV",183,0.141962670886667,0.121206228345993,0.162271083774957,0.194973813600107,-23.9504857888183
5,"H25","MCCCCSIIYC",2181,0.159256161846155,0.160617721730035,0.178484415718046,0.188206049803611,-23.9583843937796
4,"R15","MPGCCSCSNKAWGC",1901,0.239273460369515,0.240234103671775,0.197727807361003,0.171555287988727,-23.9646465808466
5,"J23","WCWCMISLCWIMSTIP",2239,0.186533909773689,0.136897272787302,0.16843605485714,0.141378673458791,-23.9681904215494
4,"M13","TCANPCCSCSKHLW",1749,0.365994648556769,0.356465886193323,0.306592727695975,0.282682753804403,-23.9723221178822
4,"O9","AQVIDTCSRTLFN",1805,0.316729332274932,0.286636396142657,0.276954974045217,0.252738231772829,-23.9761836714961
4,"P11","TCMNPCCSCSKSLWNCCI",1837,0.329159377092219,0.30022222612354,0.272034052159246,0.247774846936737,-23.977371393863
4,"E14","ANCMEWPSLATMKM",1510,0.241071453471156,0.243403104374889,0.220125997096014,0.195013322573727,-23.9814693881391
1,"J7","NEASFVDDDGADSLDTVELV",247,0.077898921279886,0.0673924059837241,0.104147935838296,0.120196573105853,-23.9872230306313
3,"F4","ESVCSVDICR",981,0.0968963510911084,0.101017323444568,0.119360444681259,0.130300347100761,-23.9916779086971
1,"C17","NSASFVEDLCADSLDTVELP",47,0.0824416396187627,0.103268948876845,0.107296806925379,0.115512942502534,-23.9947406331016
5,"J14","FQACSYCGCHS",2230,0.211784831789731,0.176911223518395,0.227517526889646,0.270524552195601,-24.0128297776521
3,"M18","TLDPLESTDSQVRG",1205,0.138122209285049,0.127175929724295,0.0977502960975237,0.06314729163211,-24.0240953076913
3,"D22","NWAHFVDDLGADSLDTVIEV",939,0.12520695999925,0.120450815947169,0.143532408173984,0.177217081632884,-24.0357507405643
5,"F18","DYKMSWMFCKTNC",2114,0.421665876337543,0.393413237764647,0.433712051830116,0.469747653684504,-24.037168402638
