"TS","spot","seq","unique_seq_idx","sfp_1","sfp_2","AcpS_1","AcpS_2"
1,"B30","AGADSTSTALLSSE",30,0.00644348279096577,0.00803361505135277,0.0314534687948115,0.024376987739945
3,"G5","IPIDSMESVDAVD",1012,0.0222846115859288,0.0369256334697065,0.0312181858142355,0.0348544658456344
3,"B26","RAGAESAETNEH",883,0.0743661953207648,0.0379792762977503,0.0310552963618947,0.0178786408449336
5,"O15","LPMESWESQLVG",2381,0.0584282186232184,0.052282511321448,0.0309422668961989,0.0873012347269692
3,"F20","ELPPESVDSDE",997,0.0457345904562599,0.0362503427682947,0.0309418816410603,0.0213297997885655
4,"P29","TFEDEEGHASACSIE",1855,0.0470267269506657,0.0439904858527123,0.0308692595915805,0.0654304508878077
5,"T12","DNKCDDSTDGDSDPET",2528,0.0709235270685513,0.0551996464407784,0.0308377659865594,0.0752824199214445
3,"M2","LDSSLIHIVGAP",1189,0.0660767059511311,0.0654855268784007,0.0308292360341387,0.0535436332537368
3,"L1","DEPAMSREYM",1158,0.0343470154785895,0.034680473939283,0.0307865797932823,0.0431563084981518
1,"E2","EVESTSSNMAPAQ",92,0.000957646521678511,0.000806120524980245,0.0307383740156363,0.0325233818080294
