"TS","spot","seq","unique_seq_idx","sfp_1","sfp_2","AcpS_1","AcpS_2"
1,"I22","EMDSTDSVAIS",232,0.00167747409135786,0.00520319928537649,0.0289395900682497,0.0320975842312374
4,"J29","QRECMESTVTCSSNC",1675,0.0493124611645496,0.050668940594768,0.0288022785660668,0.11232091984537
5,"R11","DFWDDPPEESSETMC",2467,0.0594482702524986,0.0323661246823362,0.028746531535509,0.0844171339918525
3,"M17","ESTDW",1204,0.0249373198878394,0.016567706349112,0.0287174415080542,0.0175820198573736
4,"R27","DNGHASAEWMLS",1913,0.0506124680953758,0.0494604302893146,0.0286871923520443,0.0448213996388424
3,"G28","DEAPAESADTVDLIIP",1035,0.0689514306845944,0.0568795513007863,0.0285957144407006,0.0208163543811171
5,"L17","KEKKCEESTDGPCD",2293,0.0636174724365163,0.0475560471614608,0.0284943525480246,0.0755526517011189
5,"M9","SCEDFEIESTDTCEM",2315,0.066422592816147,0.0475427328377289,0.0284890739871792,0.0774173338302391
3,"E21","EDQPWESVEF",968,0.0367036203903679,0.0306932731519142,0.0279334334085146,0.0200501062209407
5,"L30","EVPIESFESQAGPSD",2306,0.0450270840550491,0.0540848963837413,0.0278491275414628,0.0907851363093492
