"TS","spot","seq","unique_seq_idx","sfp_1","sfp_2","AcpS_1","AcpS_2"
4,"K13","SYINKWPVDSIDIQTAT",1689,0.11338030188753,0.120519781800051,0.141362532265234,0.096076252473278
4,"K18","EQRTMSLDYVETHNS",1694,0.344162428739967,0.362019283642173,0.141344647245487,0.0922010111463745
4,"E9","EDFLLPVDSLDLVS",1505,0.446753392310623,0.469589255189933,0.141320617213653,0.101274660463096
5,"B27","CCIISICECMTKC",2003,0.243476102368042,0.198764829164894,0.141307560334315,0.193289058441229
4,"D16","YPMESHMVCTS",1482,0.0611777948306957,0.0614042020993734,0.141265293138785,0.0981693326884772
3,"F16","MDSLDSLELI",993,0.10725088457017,0.104931339420119,0.141134458900379,0.160930349930794
5,"C24","WCIVSRMWCLSECC",2030,0.157725983598081,0.133310255094358,0.141045067476792,0.145425436498317
4,"E12","TYLSKEGIDSSDSLV",1508,0.0686437418265201,0.0695803835373199,0.140884795507651,0.102809964129937
4,"J16","SMDEGIESLDYH",1662,0.101727296326401,0.101459346830398,0.140857787800207,0.0870135327601469
4,"M12","EVHGAASIDAANTQPN",1748,0.0653839931615848,0.0643736729128216,0.140536179868239,0.0901500844805953
