"TS","spot","seq","unique_seq_idx","sfp_1","sfp_2","AcpS_1","AcpS_2","measure"
3,"L1","DEPAMSREYM",1158,0.0343470154785895,0.034680473939283,0.0307865797932823,0.0431563084981518,-26.2990164460349
3,"B12","GVDSMESVD",869,0.0648606572389186,0.0770061513047577,0.0451327876555742,0.0371316335524188,-26.3009760765026
3,"B18","EAGIDSMDSL",875,0.06062686357433,0.0759134037563697,0.0378810935941265,0.0299276669143608,-26.3050842600664
3,"I25","DSIDEIDNM",1092,0.099530766819798,0.062146867318937,0.0509911135387581,0.0430522423208339,-26.3063405011389
3,"N19","ESSDSILT",1236,0.097196854476581,0.0582475854000267,0.060484907771902,0.0525927894881674,-26.3103863246288
3,"D29","ELGLDSMESLDVAVQ",946,0.0981727367764614,0.0717543946446086,0.0451782689109948,0.0373240690598044,-26.313679707513
3,"S26","CEEIESSTTRDS",1393,0.144742593014847,0.0863158176600115,0.075547131105711,0.067699360291407,-26.3142391746634
3,"G28","DEAPAESADTVDLIIP",1035,0.0689514306845944,0.0568795513007863,0.0285957144407006,0.0208163543811171,-26.3202118768247
5,"K4","SIGGMDSRLLCE",2250,0.049745726477703,0.0636709679410349,0.045784096158351,0.110785373429951,-26.3280359408525
3,"B27","DEIGIDSLDS",884,0.0849818970417698,0.0330544603441906,0.0423034985927556,0.0346760228589789,-26.3336012813876
3,"G29","VDSIDSMDVLAN",1036,0.103971278783992,0.0771939801849707,0.034763298070093,0.0271738502096972,-26.3369818904003
3,"N14","NEAHFVDDLGADSTDYHELT",1231,0.0862860475125349,0.0726064454785754,0.0637589073734958,0.0562583867945595,-26.3449322628803
3,"B20","GCESMDYVPLMSS",877,0.0960462760654063,0.106665928691251,0.0508594471531468,0.0433741725572175,-26.3463016705816
3,"J7","DEGNGSIDSL",1104,0.038007363454157,0.0748126216565019,0.0337722652121394,0.044606383587992,-26.3483105741526
3,"B25","GLESIDIADLS",882,0.105682652897584,0.078933909641376,0.0507914841064287,0.0433612537621951,-26.3512614602905
3,"H10","NNYGFNEDLGAMSLDTVELV",1047,0.130841031810583,0.140166197411507,0.0779308813532329,0.0706787786975376,-26.3674824652992
3,"N18","MESLLFNMTT",1235,0.116840226266973,0.0839763553123707,0.0756330647948148,0.0684009803899407,-26.3693219616927
3,"L2","MESTESC",1159,0.0486275670222465,0.0642705376343869,0.0440874287322026,0.0633734728045938,-26.371421767057
3,"Q14","CIESRDAQEHG",1321,0.0894335515867563,0.0787458622990382,0.0701350539891279,0.0631773729951899,-26.3948843125956
3,"K19","SLCPVESTESAMS",1146,0.108822905127633,0.085473427706676,0.0596007817478282,0.0526885044655368,-26.399177671741
