"TS","spot","seq","unique_seq_idx","sfp_1","sfp_2","AcpS_1","AcpS_2"
4,"Q1","AGTLSMEVIDS",1857,0.0327558300474534,0.0502938826590979,0.0859528065489774,0.108867067306578
4,"F25","YEEIPVESHDLADYL",1551,0.0938958737454169,0.0900166135067843,0.085919217609453,0.125959109045666
4,"Q27","SCLGPCVTSSQHIFG",1883,0.124309460301763,0.116980296328081,0.0858560605407821,0.132021249131345
3,"M25","ECPVDSSSLVIMGMM",1212,0.127380720660214,0.0983293897342574,0.0858006176062281,0.081292335755402
3,"P20","PADSTEIVVA",1297,0.0751360519128992,0.0482414132436834,0.0856665995069218,0.0869106310856799
3,"N23","TECWVDSSICCLSCHG",1240,0.0855554649528837,0.047518376431212,0.0855121998889262,0.0822969339794157
5,"T6","CTGECSTSNTSNCC",2522,0.118089099235921,0.122443895074082,0.0854673192621983,0.128609843333276
5,"N3","CCTGGCSCSNSCQ",2339,0.0623719075153913,0.0609950304006031,0.0854194716622772,0.112473757820159
5,"K14","QDPKLSVIWC",2260,0.170259741627656,0.159755702294222,0.0853069920984566,0.136902693561476
5,"R14","YSHCCSCSNSENQ",2470,0.11022479120212,0.0921455965747892,0.0852772667465992,0.134843001164034
