"TS","spot","seq","unique_seq_idx","sfp_1","sfp_2","AcpS_1","AcpS_2","measure"
4,"K2","TWFTRYCLESSDSCT",1678,0.0319855719045619,0.0276376860500537,0.147070224325281,0.10087720921842,-8.88563599817357
4,"I5","LEAGHVSMDSV",1621,0.0402273252268598,0.0377027601529894,0.150989983393255,0.104661150456266,-8.90903988391628
4,"S12","KEIIGMESHDQAETNLC",1928,0.0593744590337536,0.0622100989544671,0.170409587146095,0.125661026724912,-8.91018912450811
4,"R17","NDEDVPMESVESIEVML",1903,0.0477531867342754,0.0544151798122637,0.16036270101097,0.116471724108447,-8.92979853723121
4,"M22","VLAGAISRESP",1758,0.0745308930053932,0.0695193011754762,0.158415794280278,0.101151476250812,-8.93407176565022
4,"G6","DPGHDSKESFLAN",1562,0.0585605199534551,0.0504668765298609,0.169072364238074,0.126380742343926,-8.95944579552729
4,"J12","DHVESACTVEQ",1658,0.0339162223692018,0.0277076817179176,0.123926534620827,0.0688300466248806,-8.98654435479791
4,"Q14","DEDGMDSVEFMDTQV",1870,0.0677361294456399,0.068567296009935,0.161759780888578,0.113138928543657,-8.98691028914226
4,"N14","DGADSHDEVMMAP",1780,0.0504100621387754,0.0477917487142341,0.143540028677878,0.0932443114945204,-8.9941679557898
4,"L24","FYDEDMPNISHDVHESNI",1730,0.0580628860482645,0.0546851131681083,0.157133781650605,0.111163311003292,-9.00168675995201
4,"P12","MEWIASVCSMDLM",1838,0.0516066203979468,0.0432096394655182,0.144724365961108,0.0958830405547646,-9.01929923179839
5,"G16","FCWNACSFCFCR",2142,0.455191436894271,0.381891396378059,0.541416512749184,0.500257018734099,-9.02593519353207
4,"T7","CFNDECPMESKDHT",1953,0.0325555376845985,0.0259270012485647,0.109017161112816,0.04382758814454,-9.02822627995815
4,"L1","VDGIISVDTAKM",1707,0.0856071516732191,0.0822535608900253,0.195819610413241,0.157750098357724,-9.03676548764788
4,"F13","NKDCADSKVAC",1539,0.0843411383751331,0.0845795550914131,0.166819041410851,0.115424927265193,-9.03730684163561
4,"O19","LDQLESKDTAI",1815,0.0621705380707697,0.062444233443976,0.165094986198742,0.122976329756948,-9.03831386513377
4,"J19","KDPIESTATNTSSS",1665,0.0368699696285385,0.0313956349048699,0.133834001052709,0.0867780450371398,-9.04337635289521
4,"J22","FVNDDGALSIDSYDDNL",1668,0.0757403676707871,0.0786653143910039,0.154845352596923,0.100889214666659,-9.04378036860029
4,"O14","CPAISIAMSESH",1810,0.0882861023901721,0.0886564896136356,0.17182976771729,0.121795883667098,-9.04517518307774
4,"I20","YYNHCGADSTESV",1636,0.0349496816443454,0.0167389556781773,0.127730714356524,0.0781173978104722,-9.04753370948341
