"TS","spot","seq","unique_seq_idx","sfp_1","sfp_2","AcpS_1","AcpS_2"
4,"N17","PTECPIDSHDKTE",1783,0.0563044347629456,0.0510668643645094,0.10754493759975,0.0441939621494761
4,"M26","SDDNGIASRELADSLL",1762,0.0851208489789419,0.0833156424720698,0.107344428131285,0.0832367801206355
4,"J20","WHHMEEWGMSAYEK",1666,0.111614834645195,0.110637313956724,0.107336803764436,0.0498904862116757
1,"C17","NSASFVEDLCADSLDTVELP",47,0.0824416396187627,0.103268948876845,0.107296806925379,0.115512942502534
4,"H19","WAQKEPMESSATNVASCE",1605,0.0749687885318047,0.0766188950627571,0.107283490094757,0.0550818278582328
4,"K21","DDIQIDSKKWVETL",1697,0.236035933794377,0.243728847842938,0.107244211329226,0.0563578529647198
4,"S5","ELGMDSIEIMDD",1921,0.0456461979692298,0.0389834507601353,0.107196644383812,0.0676525591078153
3,"P12","ICGLCSTDF",1289,0.1571585650516,0.144237700305489,0.107085667655282,0.105267608211748
5,"L23","CPGDCSTSQTGNQHCC",2299,0.110771869743447,0.100005576258158,0.106941964291144,0.148914994692641
3,"L13","SYMESHLTCVSSC",1170,0.160660798379795,0.141059319124941,0.106858912166874,0.109565255008123
