"TS","spot","seq","unique_seq_idx","sfp_1","sfp_2","AcpS_1","AcpS_2"
5,"O16","PWKDEQCAESKTML",2382,0.102248216142571,0.0962759956702886,0.0630901619545173,0.116646908997256
3,"Q21","DPMDSSETNITG",1328,0.0846915380899988,0.0844420680153645,0.0630113582315536,0.0604653634200646
5,"M25","SPPCSCSQTCQNCNC",2331,0.109615041278539,0.0921863848998727,0.0630062401346252,0.107189368083596
5,"K24","CCSHECTCSQTDQ",2270,0.0848017820955584,0.082891145271172,0.0629117368678771,0.113212317072526
3,"D27","KFGAESADS",944,0.107223629043478,0.0865856912048819,0.0627879898024924,0.0594286386411468
3,"G7","NSASFSEDLGTCSSDTLETV",1014,0.0599930198011219,0.0739408849577311,0.0627770595105393,0.0565594219878065
3,"N28","PMDSTDTMI",1245,0.128765232156989,0.092848175022331,0.0627177194140359,0.0689910864042637
3,"K9","TVVYMDSMISM",1136,0.0793022363898262,0.0929966564465055,0.0627119214783855,0.0675283992981747
3,"K15","VESSDSCATGC",1142,0.127691205516598,0.116701301951613,0.0626416510899291,0.0626514689608795
3,"H12","DSLDSMDVA",1049,0.0553103043897162,0.0655084168543688,0.0626083277505916,0.0572343693763006
