"TS","spot","seq","unique_seq_idx","sfp_1","sfp_2","AcpS_1","AcpS_2","measure"
4,"R4","SYSEALWRVSVDSM",1890,0.219399074181357,0.193849055243912,0.105586461556178,0.0936059175515812,-24.8225588499185
5,"E3","AQGVLSAEFTITQF",2069,0.0980702583977971,0.108441332512709,0.0999977864099681,0.146706801947303,-24.842863726087
1,"I28","EDSSETKLAGAD",238,0.0022850887933138,0.00487359825691768,0.0447823506432946,0.0496686827210259,-24.8442218847631
5,"O1","CCCTKGCSCSNSCNNCCC",2367,0.0977844066198202,0.121230600906702,0.0996217680065211,0.153734685187405,-24.8529842979489
3,"J6","NSASFVPDLGADSLDTQELN",1103,0.0282909515215508,0.0707114079135424,0.0697078851638255,0.0999521205742976,-24.8623657101538
4,"C13","DPSASHDYALMRGR",1449,0.504768282167583,0.458686942018578,0.286021047973361,0.278484416768662,-24.8846039089171
5,"J1","HHCCLCSVVFCM",2217,0.0503500041758121,0.069700213015661,0.0900610780572658,0.156215709468411,-24.8917028115519
3,"K24","SEPIESVDAQVK",1151,0.263664159670287,0.141002688887472,0.223136274984741,0.215237964590435,-24.8921684423272
5,"Q20","CWGGCCTCSNTCNNRCCC",2446,0.285199085483919,0.237873526647058,0.280835783485597,0.31048571584067,-24.9035890636869
1,"H11","ASFVDDLGADSLDTVELSMA",191,0.13922927728436,0.128828476977317,0.13677946487184,0.190188143292068,-24.9140122054741
3,"L24","IEGAESKDSALRGI",1181,0.127933999703925,0.0527732401082476,0.100470725960376,0.0892480126484198,-24.9242251734675
5,"M1","YSKDCTCSNSCN",2307,0.0531759190122387,0.0693607732385229,0.0906058158064437,0.145386497295897,-24.9323294623227
5,"L1","WENDEPFDSKCMME",2277,0,0.0234151554244178,0.0367599463776059,0.0913907366122922,-24.9445813856022
5,"L2","YTSDEPIESSMTVSATD",2278,0.00483232070655057,0.0233229514682336,0.0412958356046956,0.098384137374535,-24.950050742083
4,"L15","CIPIVEACSHSLYQKGV",1721,0.435924394755552,0.409155816978575,0.340592491624096,0.334049616737385,-24.9528246638364
4,"A16","GDSLSWLLRSLN",1404,0.323367895385799,0.384444899432736,0.214979682235843,0.207976248099816,-24.9793659958725
1,"G22","IESTDSVTLSRD",172,0.00887104008562749,0.0142296382372201,0.0432546150526207,0.0468971138668122,-24.9892921146727
4,"N6","EHRASLCWTETR",1772,0.216573874519403,0.203128797178193,0.0871050911457043,0.0480019142838019,-25.0003363511521
1,"F18","ADVESSETNMAGR",138,0.0155272164066457,0.0198358713323557,0.0490424210087953,0.0541137108893056,-25.0061421655178
4,"A13","GDSLSWLVRCLN",1401,0.3160190179991,0.366028785800223,0.199331769312203,0.192671844499736,-25.0258954124549
