"TS","spot","seq","unique_seq_idx","sfp_1","sfp_2","AcpS_1","AcpS_2","measure"
4,"P13","CIQAMCTCSKRAY",1839,0.951441005650253,0.897367036564564,0.734775918149334,0.870037205679298,-37.1062084040468
4,"M18","TCLPPCCTCSRTIFQK",1754,0.809227556929574,0.804863581549715,0.729869296692725,0.855019319069997,-37.1069758294699
4,"Q11","CAPGCESCSHKIFNKGMI",1867,0.876604522215822,0.831734053327664,0.718270889836092,0.833611819934541,-37.1088136544531
4,"N21","NGAETCSRKMYQ",1787,0.703905331196764,0.765832010588451,0.685092395393732,0.800384113447093,-37.1142655076122
4,"Q20","TCVPGACITSRKLN",1876,0.783292147121507,0.806195887772114,0.629484322342893,0.766794238529245,-37.1241273103495
4,"P17","LPGVCMCSKRMF",1843,0.982545355740284,0.966908475362835,0.629025570638085,0.727324456938612,-37.1242128509904
4,"S9","CMQPCDTCSRRMYQ",1925,0.630442037876598,0.559639512057676,0.599217311868002,0.644687582464741,-37.1299339729993
4,"Q24","LDTSSRKAQQK",1880,0.802471483877551,0.79060974880099,0.593922321854284,0.828416150458373,-37.1309853860111
4,"L2","GEGCWLESIVYKMSRC",1708,0.712096886667606,0.618558562099146,0.593882739631367,0.604924804364421,-37.1309932875313
4,"O27","KITIMKMLSKHSM",1823,0.939417357941475,0.986822228305885,0.584828045355235,0.599806497898906,-37.1328174203491
4,"R8","CCICSKRVWQKP",1894,0.760492429767702,0.731727837534605,0.578425928997195,0.63877606062989,-37.1341275525282
4,"R19","SSILKLDSKMIT",1905,0.639877531333073,0.61156910288527,0.574911797625216,0.641130302133578,-37.1348540501216
4,"O3","TCVQPCISTSKKINGR",1799,0.920233676576065,0.904536596991257,0.543735647784938,0.861579159560806,-37.1415414576447
3,"B2","QPCIDRKMSLCFSKS",451,0.601293088332916,0.766980845712398,0.512829981849285,0.607129355947023,-37.1486438935665
4,"Q22","TCMQPCCSCSKKIFPCCM",1878,0.685093935885249,0.666942142681735,0.488108437952631,0.584789711585268,-37.1547122266931
4,"S14","VQGCCSCSKRAYPHCVL",1930,0.574230571882986,0.541585756356178,0.479635490453479,0.521207757412168,-37.1568797834581
4,"S7","PGCITTSRKANQCC",1923,0.527366386162443,0.499829218799548,0.45855155569551,0.492265580279041,-37.1624866628963
4,"M20","LPPCDSCSRSIFPRCA",1756,0.492403083580626,0.482361614918451,0.456324083644443,0.470446228251223,-37.163097802297
4,"P14","GACSTSKKANGC",1840,0.536843857939141,0.529609739350811,0.449836012981533,0.508377820955276,-37.1648994827441
4,"Q12","CLQPVCSCSKSAF",1868,0.482328580281761,0.466957150096502,0.448181904697129,0.468257251156195,-37.1653640544093
