"TS","spot","seq","unique_seq_idx","sfp_1","sfp_2","AcpS_1","AcpS_2","measure"
3,"E12","DSAESL",959,0.0464290360171429,0.058065193799365,0.0510515037715654,0.0408920595863899,-13.2869207332904
3,"C7","GAESIESAPTNCS",894,0.0666960460359948,0.0870156974872511,0.0756706034700206,0.0678398308831945,-13.2927950524928
3,"D16","ESIESWDA",933,0.0103172761111098,0.0276471101040254,0.0120901157336434,0,-13.2932931114368
1,"G30","QGMDSTESNMLGLV",180,0.0152681196914582,0.0148054348332444,0.0743074410204358,0.0739777459492955,-13.2943712477731
3,"B7","ESPMDSLETSP",864,0.0334813571360567,0.0491783487499304,0.0448559362282687,0.0380921238060921,-13.3039165841446
1,"I20","FVDSSETMMVGRM",230,0.039877955364526,0.0492927861043317,0.0662544865805643,0.0631799712803192,-13.3244073245342
1,"F4","VPCDSSETAMAGVD",124,0.00964168618655801,0.0129331898901281,0.0569679847753988,0.0560619881691024,-13.3247135469173
3,"E18","GIESADSVDL",965,0.0335558311312633,0.0329127997930246,0.0366137417723455,0.0259746519836173,-13.3258035572234
4,"D22","DRFPKESVPFMLIHIC",1488,0.19439073942991,0.211531889249789,0.181029078404417,0.167393896436265,-13.3430963792734
4,"K7","CWGVDSSLTVATTCE",1683,0.122425074055775,0.119838496458533,0.107675348411816,0.0810336458880699,-13.3590001385627
1,"B26","VDMESTTTITIPCD",26,0.0105208236491998,0.0199328999497222,0.0918494785047246,0.0926161218382372,-13.3622169876915
3,"D10","EADSIET",927,0.0432724060266599,0.0516131334047043,0.0528464233655742,0.0460413242583335,-13.3641434769524
3,"H8","DLHMESVDPASDVQ",1045,0.0259939298800075,0.043498284957272,0.0365739844993143,0.0301590803692613,-13.3658442387246
3,"R14","VCSKEWCLHTP",1351,0.0725689194462903,0.0622812457992754,0.0727875799678708,0.0607180127834057,-13.3782846049888
3,"S5","CSKDVQLTGC",1372,0.03663493157422,0.0837705882643525,0.087800639173869,0.0874057038532415,-13.3864962834042
3,"D7","DNSMESMDSDEH",924,0.0390854845346561,0.0285787296985683,0.0382271061109758,0.0253692752036741,-13.391721994485
3,"F10","PLDSLET",987,0.0536476561504497,0.0683564104814695,0.0600406261620397,0.0522371135866856,-13.3974203118522
1,"B10","DALEFIASKLAXX",10,0.0162533726390916,0.0176336285698153,0.0471099898457651,0.045267578118687,-13.430081292634
1,"C25","SASWVEDLSADSTDTVELVA",55,0.00936482295961743,0.0105410694243552,0.0306516041771958,0.027487424662313,-13.434183056693
1,"F2","VGMDSSDSLIAPQA",122,0.0041451689847612,0.00424431423877911,0.0298744855853944,0.027521601030241,-13.4529304987162
