"TS","spot","seq","unique_seq_idx","sfp_1","sfp_2","AcpS_1","AcpS_2"
3,"O11","MESSEGMIKGMD",1258,0.064755281424585,0.0568404465804422,0.0689112014753768,0.0642841455940842
5,"S28","CCCSGPCSCSQTCNNCQC",2514,0.123757950410113,0.111975304249197,0.0688380282118401,0.123301370142831
3,"P22","NRASFVDDLGNDSTDTQEQT",1299,0.0966300291509193,0.0898962176973817,0.0688137014962766,0.0619683237618237
5,"R25","WTHPCSSSNTCQN",2481,0.114304508099067,0.122567860183477,0.0687405816001045,0.116668678382615
3,"R7","TEECACSLSY",1344,0.0585107102597668,0.0757981771223078,0.0684159216968347,0.0827472511325592
3,"F21","NQQSFCEDLGEDSQDTVELV",998,0.0667741052125899,0.0533774577983821,0.0683298696825136,0.0637714500903047
5,"M12","CCCTGGCSCSQSCNNC",2318,0.129518619767497,0.112988642030916,0.0683247915515782,0.117036301021461
5,"K30","FSGGCSSSQTCQQ",2276,0.102025352559902,0.102556552379256,0.0682922444805592,0.118293782997796
3,"J26","IGLDSIEKVDEP",1123,0.102141797388067,0.0470699707832185,0.0681803066077773,0.0682486647288385
3,"K25","EYLDSTVANMITM",1152,0.13711104554105,0.0666864131785785,0.0681745678347356,0.0656626389700797
