"TS","spot","seq","unique_seq_idx","sfp_1","sfp_2","AcpS_1","AcpS_2"
5,"S2","DCCTSNSGNCK",2488,0.266240128316278,0.326368492648851,0.18743717113897,0.259968514383721
4,"M15","EMGIESMDTLIVRV",1751,0.144595292739045,0.143248100453886,0.187322974271816,0.146536373975463
5,"H1","EPRCWNACSFCECRS",2157,0.0760103638619515,0.0881243688956493,0.186867256843824,0.221745216198994
4,"I12","ASHDPVESFDSALLTTC",1628,0.210948838320441,0.20400163121379,0.186779652786466,0.157161929198038
3,"F15","DSLEFQAKRAGSMSGSGSV",992,0.268399349100197,0.307063881614747,0.186742248350371,0.190586943712131
4,"N20","EMLYRVSMDTVDFIA",1786,0.127807399239629,0.13235912811311,0.186693869176376,0.139973843873032
4,"P19","PIMSCSQTVY",1845,0.150830159444522,0.132557958919951,0.186624642959965,0.150023406541264
4,"S21","DLFQASIAYAESRC",1937,0.379698104250252,0.387514892530744,0.186617701372237,0.197970379394934
4,"M9","SMEEFADSLDYAIVII",1745,0.388646795969482,0.38463213711606,0.186600574995958,0.140343176450753
4,"P23","WDEACFIDSAIYHHIAM",1849,0.189629311764266,0.183636212508819,0.186422597238478,0.162833879990419
