"TS","spot","seq","unique_seq_idx","sfp_1","sfp_2","AcpS_1","AcpS_2"
5,"P27","PCSCSNSCQNCCCC",2423,0.14366651150437,0.139054434761554,0.0793090631430205,0.13568406508132
4,"D13","SDPRMSGEWSH",1479,0.0480215544290166,0.0447925668807189,0.0791964605898661,0.0228380546551309
1,"J8","EMESTDSLCGGTA",248,0.012627322204844,0.0230952445844867,0.0791859192400995,0.089835866150648
5,"N1","CCCCSQSNNNH",2337,0.056063641195319,0.0780625140556093,0.0791410978774104,0.137417759504572
3,"I11","LESMDTMEMCVP",1078,0.0707166028893628,0.0838798193267663,0.0791314090085129,0.0755416994708375
1,"H14","ADLDSTESVTIPC",194,0.0197326653786213,0.0308688028372216,0.0791312912208489,0.0935301969389161
3,"S8","SACPIDSSDTVIRPV",1375,0.101323114875342,0.101341312198698,0.0790379647369547,0.104048533731064
5,"A22","SACPIDSSDTVIRPV",1375,0.101323114875342,0.101341312198698,0.0790379647369547,0.104048533731064
5,"R16","CGGDCTTSQTGNNCNCC",2472,0.120428763637327,0.101886850952904,0.0788202246234404,0.118438169446096
4,"K24","WQEDDGVDSRDWA",1700,0.0126290748949889,0.0179209882216298,0.0787598423082225,0.0178842790678342
