"TS","spot","seq","unique_seq_idx","sfp_1","sfp_2","AcpS_1","AcpS_2"
3,"G3","LGVESMDSLD",1010,0.0205878633827739,0.0318931885093149,0.0296317700438577,0.0427820383943356
1,"H2","TVESSDSLVNPRE",182,0.00369371035711325,0.00447696600806445,0.0296211609860387,0.0347007794160114
3,"D1","NDSADSL",918,0.0502841652679199,0.071104566917524,0.029593447464087,0.0446208021903521
1,"G2","VGLESTSSEIMGTN",152,0.00168081713913152,0.000825854262318138,0.0295531420984794,0.0336443503627638
1,"E6","GADSSTTIEMTMD",96,0.00338148231032804,0.00434433201475044,0.0294774285976103,0.0307161941998874
4,"F2","TFLQCDPMESSDTMIT",1528,0.0793208541866021,0.0649702527186977,0.0294659398714518,0.0947403957337105
1,"F25","NNASFVEDLGADSRDTVELV",145,0.0225538823177247,0.0288846628419078,0.0294599476314501,0.0447715313846685
1,"D18","LESTDTDTMPSD",78,0.00800151125715281,0.0122674804613806,0.0291564773118592,0.0275329591668375
4,"O28","CFAWDMPIDSADQMI",1824,0.0366432866993336,0.0335079719178342,0.0291159966059723,0.0664526255592141
5,"Q2","TKPCTTSQTDQ",2428,0.0568558466366321,0.0889038153713562,0.0290053512930893,0.0885731439206349
