"TS","spot","seq","unique_seq_idx","sfp_1","sfp_2","AcpS_1","AcpS_2"
5,"N25","RPCSCSQSCNNH",2361,0.172409980624149,0.161352545596954,0.104179063378975,0.159850082642243
1,"J7","NEASFVDDDGADSLDTVELV",247,0.077898921279886,0.0673924059837241,0.104147935838296,0.120196573105853
4,"E18","WQREGLESSDSAMSN",1514,0.0690699245209253,0.0786592848016374,0.104141150920122,0.053269249684186
4,"P27","SWPCEDYIDSIDFRETLV",1853,0.304136658161115,0.295339336489322,0.10389590045316,0.142315859869348
4,"N4","CMGPMDSSSKSAQNCPA",1770,0.0891286336969722,0.0789773966155123,0.103866806476181,0.0890853161415034
5,"L29","DCTTSQSGNCCCC",2305,0.0967707200528001,0.0957665189968737,0.103785895734071,0.150567153911411
3,"N5","TLCWVCSRTCCIHG",1222,0.194759601158277,0.244261773562743,0.103716859973283,0.151923580786294
4,"E4","GSEYPKESVGYLR",1500,0.257235895526588,0.250328160583501,0.103009084171805,0.177153665677741
4,"J1","KWCLDSSDMIAST",1647,0.0248450889900759,0.0349235855102257,0.10296587942633,0.103701814892754
4,"E20","CQPCMERHVSVCWSHENLS",1516,0.0775941068074657,0.0808832420390105,0.102917383142668,0.0390489062738308
