"TS","spot","seq","unique_seq_idx","sfp_1","sfp_2","AcpS_1","AcpS_2","measure"
4,"T18","EQPHDSALTRD",1964,0.0599733399504474,0.0545001183755143,0.148338676202972,0.140170307776507,-10.5480520786429
4,"T9","TCLGPCVTCSQTAWGCGV",1955,0.0324221170794138,0.038963089972854,0.0899052252182277,0.0314472324957606,-10.5649528128898
4,"E10","STWNKDCVDSYIICTSS",1506,0.164230725412087,0.168731737549077,0.182985411280193,0.155542807452652,-10.6016671048257
4,"L6","CEIYNVSLIWA",1712,0.105674462001591,0.079097085420861,0.134937429010128,0.113193234247406,-10.6264947986548
5,"J27","RFPVLSRMYMRT",2243,0.778103775480795,0.574500962356634,1,1,-10.6297161149599
4,"D23","WMQKDPLESADSCMSTCD",1489,0.0678303017891893,0.0661360315864665,0.0983837677129524,0.0723873514070576,-10.6490510771784
4,"O18","CCTCSKHMWNCPV",1814,0.149947499212026,0.150908446152256,0.156343578614838,0.115930158582865,-10.7036205788721
4,"B2","ACENYAESMEQLRPIVW",1408,0.0396754717710034,0.0325130896723531,0.0925471631616869,0.0409530534980969,-10.7454808874154
4,"L19","TLAEKHMSICWTES",1725,0.0320202113576132,0.0379017657305367,0.0680151559116739,0,-10.7590124233279
4,"M26","SDDNGIASRELADSLL",1762,0.0851208489789419,0.0833156424720698,0.107344428131285,0.0832367801206355,-10.8073793298662
4,"T17","AWHVSVALIRE",1963,0.129735671911305,0.123762739640372,0.164517658519961,0.150215444811069,-10.8087596565854
5,"T25","WPEEGIESFMSVPPP",2541,0.0673127798946064,0.0655645606495734,0.136835476015509,0.129463277518096,-10.8369588002708
4,"E5","TVLPPRDSHDSFDPAI",1501,0.0776443046589213,0.0666059317587429,0.12761409188948,0.116853062134407,-10.8464631288521
4,"D12","QKFCICSSAILS",1478,0.161583155691161,0.1469433357536,0.16824938780451,0.134864144164708,-10.8490077208997
4,"J17","SYGDHFTMESHMTADSKYC",1663,0.15267159863982,0.125770010330413,0.160113979750144,0.127605298064375,-10.8529012590157
5,"B21","FQIRSWCPCCTWHC",1997,0.185432321984867,0.153209976185397,0.220292223074414,0.208251025582313,-10.884335372458
4,"J11","DCAESFAICTTS",1657,0.179432014539881,0.166761693019473,0.18280172473062,0.146144473111134,-10.8927455334057
4,"I8","WNRDCLESHIVCTT",1624,0.0683512145810491,0.0685063010334444,0.138316559777061,0.132230500915531,-10.9527607449903
4,"D13","SDPRMSGEWSH",1479,0.0480215544290166,0.0447925668807189,0.0791964605898661,0.0228380546551309,-11.0308212774347
5,"F2","DYMDSHCWATSN",2098,0.0261687582337311,0.0401195595846395,0.0945641769616847,0.0857097555272312,-11.0544718178634
