"TS","spot","seq","unique_seq_idx","sfp_1","sfp_2","AcpS_1","AcpS_2"
5,"I2","YQKKKCQMMSVACCLTG",2188,0.195821140436301,0.232100604947679,0.268519417198232,0.353611639593255
4,"M8","CEICSRTLYNC",1744,0.261995062821143,0.248137788450185,0.266614777379462,0.254119371791704
3,"A29","DVVDYHISKAA",556,0.47416775604252,0.304054159349657,0.266141205465975,0.275565141216249
4,"N16","GCDSSSRRINQCC",1782,0.314744990658062,0.299785008073337,0.265466342898333,0.237964537447784
4,"N2","CMPPCCSCSNKAYN",1768,0.417445538193329,0.398578868605405,0.265443014611707,0.329193033933699
5,"J25","KRMECMCSAIYW",2241,0.227809927273201,0.182297033519609,0.26514515190944,0.226288361220954
5,"K8","YCWQLCSDCWCCSWR",2254,0.288147462966185,0.220011621676048,0.265144714056467,0.376889540510269
5,"J13","WCCCIISILFCRTN",2229,0.319648415302796,0.276244199994014,0.264480393795234,0.345697782365284
5,"C15","DCCFCLLSFMFCIT",2021,0.224089274770817,0.199430454777859,0.263831203786747,0.231601005448489
4,"L26","GCCSCSNRLYP",1732,0.322981694839746,0.358449766737174,0.263457341199824,0.313542624023964
