"TS","spot","seq","unique_seq_idx","sfp_1","sfp_2","AcpS_1","AcpS_2"
3,"M26","DQPMDSRTYQIHT",1213,0.102384815649231,0.0946556820960163,0.0743194626037003,0.0774495907505096
1,"G30","QGMDSTESNMLGLV",180,0.0152681196914582,0.0148054348332444,0.0743074410204358,0.0739777459492955
3,"N11","CPVDSSDVVASSM",1228,0.0876669127168745,0.0832535855091631,0.0742769690600178,0.0604120691297807
4,"R28","LVLSCSQTLFGHGIA",1914,0.169563674697608,0.171306750878458,0.0741988019171557,0.153747076027764
3,"M11","DEGAVSIVTIMH",1198,0.0874451407295073,0.0820544711795534,0.0741701805513552,0.0660825679813697
3,"B29","IGCESVDQICM",886,0.154887393382682,0.0823664836409462,0.0741318431809324,0.0815013202732979
5,"Q29","YTRCCTCSQSEQ",2455,0.125579971082997,0.122795501908961,0.0740478704655764,0.149682036985957
5,"O5","ERGCLDSTCSILAT",2371,0.106426461899212,0.0809935673228771,0.0738234464915693,0.104376803491444
3,"R3","EPLDSRESMVRPLM",1340,0.0818229855722214,0.100000867724883,0.0736045120591393,0.0730575924379813
5,"T7","HCLESYDSC",2523,0.110853290698242,0.0962175756784037,0.0733326133084438,0.115102396817899
