"TS","spot","seq","unique_seq_idx","sfp_1","sfp_2","AcpS_1","AcpS_2","measure"
5,"H11","RPMMNYNDSIDICDSVIP",2167,0.208028955436015,0.219766952107968,0.047725633542846,0.102899399299237,-38.6834295623
5,"H18","DGADSIIWC",2174,0.0911752831035015,0.0836571264670956,0.0423590399246504,0.0780975842695907,-38.6834295623
5,"H19","IQFQDSIDICIDSV",2175,0.262955842593554,0.287057453675414,0.0545329093943545,0.106646704730713,-38.6834295623
5,"H24","YQIMSAVPEVS",2180,0.0874425341027041,0.0797851641315625,0.0524352044493646,0.11445577179399,-38.6834295623
5,"I5","CHDPQLSFEYCI",2191,0.122965629764053,0.124118601508116,0.0809327679191937,0.127509489466489,-38.6834295623
5,"I7","EGCMSAPYC",2193,0.0783302706492823,0.0669849363282389,0.0502857598780239,0.114783541030506,-38.6834295623
5,"I15","REGADSMMFL",2201,0.117883372359338,0.104277692894695,0.0898529276187682,0.150458135572133,-38.6834295623
5,"I25","DPMLSIEFMFEI",2211,0.117411378511732,0.115811097514819,0.063519476794887,0.118453225175866,-38.6834295623
5,"I26","VFPMESLEFVTTE",2212,0.311230001238113,0.439665326554268,0.0535969256883231,0.1092753722972,-38.6834295623
5,"I27","CTNTMDPHLSMEWR",2213,0.130772162617338,0.0924846136749834,0.0907097815624491,0.116754670311658,-38.6834295623
5,"I28","MQKKESLEKKE",2214,0.169599820036846,0.203409384571402,0.0512436605578879,0.118834075144661,-38.6834295623
5,"J16","FPIESVDYR",2232,0.145233756879725,0.129379299133945,0.0729023984369622,0.135290673432508,-38.6834295623
5,"J19","ISPMLSLDIM",2235,0.1061207661036,0.0882976060602156,0.0604954938847751,0.119049597773466,-38.6834295623
5,"J26","VENIVSYEGL",2242,0.073395907338261,0.0667873046657693,0.0532908421347862,0.113551942339126,-38.6834295623
5,"J30","EPKESKEIS",2246,0.0662389276485744,0.0599356208320027,0.0299818120739903,0.0967284641998601,-38.6834295623
5,"K7","KVEGKISVVFSHTD",2253,0.151064960343332,0.139537524317187,0.0598511202589949,0.128509052793188,-38.6834295623
5,"K13","FEFVDSVEFKET",2259,0.119261653148767,0.115838662089802,0.0464665629928126,0.117586049423647,-38.6834295623
5,"K14","QDPKLSVIWC",2260,0.170259741627656,0.159755702294222,0.0853069920984566,0.136902693561476,-38.6834295623
5,"K20","HDMCLDSSESCDLP",2266,0.0564556541474645,0.0495522597937288,0.0271906696450399,0.0879144057479177,-38.6834295623
5,"K22","CCTPPCCTSNSCNQCCCC",2268,0.129781632204423,0.121079976958633,0.0824185246835965,0.139803021344997,-38.6834295623
