"TS","spot","seq","unique_seq_idx","sfp_1","sfp_2","AcpS_1","AcpS_2","measure"
5,"N27","HGCTTSNTCQQRQ",2363,0.225208517687085,0.23164417423072,0.136627082325359,0.20514328869419,-37.3749751132898
5,"F22","KCCMCSRMDC",2118,0.204010412259614,0.189057087030187,0.136346005041634,0.193682592933777,-37.3756208484409
5,"O6","CCWTPECTSSQCGNNKC",2372,0.287873131662887,0.20712797555873,0.135751230427668,0.168106964817731,-37.3770011625299
4,"B3","TECMGCDSIESLFFDI",1409,0.249488693785268,0.252123405278377,0.134020494583112,0.143476231676092,-37.381129651265
5,"P8","CCCCSNTENQKQCC",2404,0.215821116497138,0.140793327708636,0.13308721131198,0.176942164142594,-37.3834287220501
5,"Q24","TKGCCCSNTCQ",2450,0.21142113040411,0.193087100351517,0.132737439761769,0.177566819799913,-37.3843041590084
3,"D25","AGIDSLDTLDVIMC",942,0.161803676799124,0.142286445153668,0.131328611487767,0.140604739327877,-37.3879100060308
5,"Q10","PRCCSCSQSNQ",2436,0.196443361273723,0.14045086881047,0.131023439972425,0.184271476234302,-37.3887085145311
5,"P2","GECSTSNTPNQRCC",2398,0.17185838029651,0.196079019098702,0.130153353138883,0.191406892238828,-37.3910208171196
5,"O2","CYTHECSTSNSGNNKNC",2368,0.183459411894873,0.193178730674706,0.127677099973267,0.181403831097567,-37.3979102293511
5,"B4","HRFCDSAAFLAT",1980,0.208529059241838,0.189797254741324,0.126237488047222,0.171245698796556,-37.402145119131
3,"F11","PADSICSLSCL",988,0.201100401850819,0.204020200594555,0.12568251667256,0.129938774229519,-37.403826794846
3,"A4","GDSLDMLEWSLM",841,0.183946387381759,0.2492020630177,0.125591715070432,0.20225293253475,-37.4041046543368
4,"A4","GDSLDMLEWSLM",841,0.183946387381759,0.2492020630177,0.125591715070432,0.20225293253475,-37.4041046543368
5,"T24","CCCTHCCSCSNSQQNCCCC",2540,0.146562672435153,0.132026192730091,0.124306313183096,0.172957852384426,-37.4081232207057
5,"H28","GQGTLEFRISAIYCHT",2184,0.155110317424549,0.146258208489564,0.124234140417989,0.170145973442207,-37.4083537156488
4,"T28","SCAGICASCSQSMWQKGAM",1974,0.247215964044013,0.242819632371984,0.123700401969246,0.210013873413574,-37.4100749875895
1,"G29","NNASFEEDLGADSLDTVELV",179,0.15642360223172,0.11004970968182,0.123375000256209,0.151389707084658,-37.4111391123763
5,"T20","CTRPCCSSQSCNNC",2536,0.153828779821238,0.125843244203947,0.122955536760311,0.170361896033472,-37.4125277584817
5,"I30","QKYKWCLCSVIFCHSQDC",2216,0.185642973864376,0.154301539392942,0.122497712826343,0.169914880846183,-37.4140657367343
