"TS","spot","seq","unique_seq_idx","sfp_1","sfp_2","AcpS_1","AcpS_2"
4,"A4","GDSLDMLEWSLM",841,0.183946387381759,0.2492020630177,0.125591715070432,0.20225293253475
4,"H24","FTRWCAESKIMCSTSP",1610,0.0834086912677432,0.0803866310771248,0.12542041740489,0.092882852143548
4,"G7","QKCGAESLETCLTST",1563,0.284967390330831,0.28179084918268,0.125371257308195,0.0719929565392239
3,"I2","NEACFVNDLGADSLDTTTCV",1069,0.0510019756188746,0.0980936691015683,0.124425015425124,0.167012528853315
5,"T24","CCCTHCCSCSNSQQNCCCC",2540,0.146562672435153,0.132026192730091,0.124306313183096,0.172957852384426
4,"K8","ECMNPMMSIDTVET",1684,0.0308516875710384,0.0246109195733978,0.124267431062956,0.0802175688199474
5,"H28","GQGTLEFRISAIYCHT",2184,0.155110317424549,0.146258208489564,0.124234140417989,0.170145973442207
4,"Q6","EDGMCSVQSM",1862,0.0568185370860699,0.0502372278218131,0.124194468527468,0.08296136389055
4,"F7","VQGMASVDFSE",1533,0.054222427501753,0.0505886625836849,0.123933817598115,0.0823434133949046
4,"J12","DHVESACTVEQ",1658,0.0339162223692018,0.0277076817179176,0.123926534620827,0.0688300466248806
