"TS","spot","seq","unique_seq_idx","sfp_1","sfp_2","AcpS_1","AcpS_2"
5,"N10","IEYPDSTESEDIICD",2346,0.0521451533415068,0.0326377550011934,0.0173863874916109,0.0690696601761806
1,"D28","VGEDSTETMIVPSE",88,0.000773295308600213,0.00181650903886569,0.0173401659423811,0.0144422683192875
1,"E12","LESTTSLSDPVD",102,0.00726482127040128,0.0103123855647223,0.0169677802754278,0.0188545679252018
4,"E2","CPIDSSDSLLVNGD",1498,0.036480451914524,0.0216802769851941,0.0167553047931762,0.0637025221268074
1,"G20","EVDSSSTITLGH",170,0.00662745554580553,0.0131498377571488,0.0166473332483158,0.0171645506094906
1,"G10","MESTETPSIGQD",160,0.00451000272670173,0.00494107917373938,0.0161257243766403,0.0172023974703941
4,"F26","SWWSKWGAESWATATTT",1552,0.0349135450623911,0.0350153983879232,0.0161223685482257,0.0525380665392575
3,"O1","TDCFAESHESW",1248,0.0481999526602724,0.0157228404916951,0.0157625311327224,0.0185361700163921
1,"D14","VDSTTSMEMPIE",74,0.00534042420386191,0.00707488872114146,0.0155043283231336,0.0195083438990311
5,"O23","EECEDESSETDTVP",2389,0.0438177798279768,0.0321675872835583,0.014991477678377,0.06822965330254
