"TS","spot","seq","unique_seq_idx","sfp_1","sfp_2","AcpS_1","AcpS_2"
5,"B14","ECADSAEFSITTCT",1990,0.0795080663781071,0.0729268684227454,0.0611026986581509,0.108507872903929
5,"Q19","FSGECTCSNTCNQ",2445,0.118757430773246,0.104766820692384,0.0610711489189045,0.111536131537369
3,"E3","EKYPQDSADCI",950,0.0765415856096334,0.0725970516072078,0.0609715793908816,0.078510431749687
3,"Q22","KPVDSSEQQRAPWA",1329,0.0610961760402942,0.0582587026948234,0.0609065301026409,0.0564743249646574
3,"F9","DMPVDSLETMDVL",986,0.0397366023636452,0.0615335227666986,0.0608743456435204,0.0540432906596375
5,"L4","YKPCVESSCSIAAG",2280,0.0713447732251951,0.0755632252865049,0.060864312039327,0.122039317166946
3,"I15","GIESLDTIQ",1082,0.104468681960949,0.0950987232851669,0.0606159381594701,0.0630699833811578
5,"N20","CGLESSESCC",2356,0.0743682065999961,0.0669024841329739,0.0605741857941522,0.114521308500045
5,"J19","ISPMLSLDIM",2235,0.1061207661036,0.0882976060602156,0.0604954938847751,0.119049597773466
3,"N19","ESSDSILT",1236,0.097196854476581,0.0582475854000267,0.060484907771902,0.0525927894881674
