"TS","spot","seq","unique_seq_idx","sfp_1","sfp_2","AcpS_1","AcpS_2","measure"
3,"Q23","PAESKESLARPCA",1330,0.151126028847423,0.14575863361854,0.0908543615927049,0.0946228619785652,-38.6834295623
3,"R22","AESKETVARHAV",1359,0.147894802639641,0.132367172375867,0.0860389985472412,0.0930160229354053,-38.6834295623
3,"S8","SACPIDSSDTVIRPV",1375,0.101323114875342,0.101341312198698,0.0790379647369547,0.104048533731064,-38.6834295623
3,"S21","GADSSECQMSPSN",1388,0.103221935133097,0.103718995995173,0.0783344147163687,0.0867820907795332,-38.6834295623
3,"S22","DSSEFHAHGI",1389,0.0857160647828095,0.0722174372549656,0.0637769519691423,0.0694094985649507,-38.6834295623
4,"A24","DGVESTLS",1180,0.127628502571301,0.0937772655186541,0.0929262590930466,0.117905827117177,-38.6834295623
4,"B5","ICMAGVDSMEYAE",1411,0.0778252517679111,0.0768495923950425,0.0472133985914485,0.0776389648049607,-38.6834295623
4,"B26","EPAASIEWIEV",1432,0.138314396658667,0.159765476004955,0.0241732637203103,0.0631683897097072,-38.6834295623
4,"B27","WYSCDGADSMESLATT",1433,0.0993958850032392,0.102319859531204,0.0545082676159777,0.0803184537067845,-38.6834295623
4,"C2","TYATRDCMESLDSVASSC",1438,0.2676229171451,0.321597761253889,0.0870421427039869,0.10015431496749,-38.6834295623
4,"C4","SHPPLESIDTHVA",1440,0.0596410947558422,0.0539961379155139,0.037060700658691,0.0858606918659443,-38.6834295623
4,"C25","MELKRESKDAKETA",1461,0.0878154168052367,0.0883790411174211,0.0518771972401907,0.106731589031812,-38.6834295623
4,"C26","SDNKHSFFHT",1462,0.170761495241933,0.171603074610951,0.0922580251701289,0.20256352696576,-38.6834295623
4,"D2","QLEGLDSVEYMSLT",1468,0.172580506859155,0.22893809035608,0.0475596245039372,0.0944388169178481,-38.6834295623
4,"D26","HEPIDSTITCTS",1492,0.0759732446038851,0.089217882250648,0.0453659120871745,0.114070120989198,-38.6834295623
4,"D27","TWLTKDPVESVESVI",1493,0.0905775609204501,0.0898715246921235,0.0375168729757098,0.112948430687781,-38.6834295623
4,"D28","TFNCDCADSKMAC",1494,0.102444010094406,0.100001875653854,0.0589605185338025,0.112012714804512,-38.6834295623
4,"D29","MFKMSIDVMHS",1495,0.124207861024636,0.128356820682468,0.0875188932250621,0.118038153917058,-38.6834295623
4,"E1","ADGVDSLAMLCLSC",1497,0.34071125306372,0.435468944974207,0.0532901896645303,0.118884550243464,-38.6834295623
4,"E2","CPIDSSDSLLVNGD",1498,0.036480451914524,0.0216802769851941,0.0167553047931762,0.0637025221268074,-38.6834295623
