"TS","spot","seq","unique_seq_idx","sfp_1","sfp_2","AcpS_1","AcpS_2","measure"
4,"B15","CVENNASMCYFRTNW",1421,0.423930425425617,0.353604074134942,0.381206128268129,0.340713251785785,-23.4711683641836
5,"M2","CFSGCCTCSNSCNQK",2308,0.198234449472093,0.207477016140736,0.236977583630526,0.270794641131539,-23.4809546316277
5,"H14","CGKYACCMMSVVFCV",2170,0.257816386032057,0.224630786274713,0.294088328080314,0.316766869166708,-23.492415408981
4,"I16","TSLEVMPVLSLDYATTV",1632,0.200331581761013,0.195235074330041,0.162394329250897,0.116543463385709,-23.4989274450974
5,"I9","EQKISMFWCHS",2195,0.162626188701678,0.13162531384004,0.201753747109258,0.213766793602372,-23.5022010610442
4,"C11","AQIYGCESLETCSA",1447,0.2789811057342,0.284630552746717,0.129779317244037,0.0816238444819799,-23.516846650205
4,"F10","CYSCDMGLDSLEYLDTLPT",1536,0.306728423136066,0.364956188847351,0.142530786306952,0.0962258926835162,-23.5234922622903
4,"I6","YMSHDDMDSIDTLT",1622,0.186876473332626,0.174655794537489,0.13502290916283,0.0881116522833507,-23.5278476736099
4,"L13","VGGCASTSHKMQGCC",1719,0.281738552974424,0.261922594880164,0.247040884511415,0.206728904033625,-23.5379087867776
4,"L16","TCLNAMITCSNSIYQ",1722,0.178397498467865,0.176058242070008,0.156093055575777,0.111836960910526,-23.5411947715786
4,"O16","SEEAPIESIEFTMM",1812,0.285440776618886,0.297043467389325,0.159093111168078,0.11510948472397,-23.5422573341049
4,"F5","MDIPKVSLLAHWT",1531,0.193979997712035,0.166596592958944,0.168999572397366,0.125794847128611,-23.5447897148274
4,"D11","YRDIFTMDSMNWVTDRIM",1477,0.317664538796378,0.335282890124389,0.152491983662421,0.108269460055201,-23.5477688255227
4,"G17","WETEDPVISAEYIKTL",1573,0.21871283138985,0.205333413124071,0.195115892732771,0.153479581926456,-23.5493199159065
1,"I7","NNASFVEDLTADSLDTVELV",217,0.101720533569389,0.111506990633489,0.142625764830166,0.175317324526257,-23.5497498134934
4,"K21","DDIQIDSKKWVETL",1697,0.236035933794377,0.243728847842938,0.107244211329226,0.0563578529647198,-23.5601443066208
4,"E19","MVHIESLDFMHSL",1515,0.47461587121615,0.521251417708473,0.163339371418385,0.120999758627008,-23.5711650536797
1,"G27","NSASFYEDIGDDSLDTVELV",177,0.176812535221405,0.243052850857151,0.211371961433412,0.266842269977745,-23.5777048909139
4,"N18","GPVDSLVYIEVL",1784,0.395200991463342,0.39035177063503,0.177496644758785,0.136589847883367,-23.5844945937143
4,"M17","PPCVSSSNRVYNCCM",1753,0.384892671856381,0.362194753431275,0.367010410670013,0.33115224484317,-23.5871683738301
