"TS","spot","seq","unique_seq_idx","sfp_1","sfp_2","AcpS_1","AcpS_2"
5,"I7","EGCMSAPYC",2193,0.0783302706492823,0.0669849363282389,0.0502857598780239,0.114783541030506
3,"B8","DPPDSLDSMS",865,0.0460726363945678,0.0633640654577686,0.0502250465002999,0.0451455813691592
5,"R21","EEMPLDSFETQIA",2477,0.0791121364645708,0.0720513837071492,0.0502235361054778,0.107381321495968
3,"P10","IDPAESVDM",1287,0.0698586241683269,0.0813028643758684,0.0502059665590015,0.0494000064449842
3,"B21","ESMETMEIVMG",878,0.0672526250762109,0.0667024094608297,0.0501956426837873,0.0454176259682992
5,"M30","WTGPCCTSQTCNQ",2336,0.0730988518986586,0.0906663480360846,0.0501716991784662,0.11488447441433
3,"Q17","GVDSHDWC",1324,0.0655701361172148,0.0299832955197937,0.0500879371546903,0.0460510218762329
3,"B23","PADSIESVDVMLP",880,0.0600904511794242,0.0595488186362086,0.0500865616240385,0.045718644118281
5,"T4","EHCPMDSYDSCE",2520,0.0764785271517262,0.0968973005865676,0.0500827420493806,0.0899057617020802
5,"K21","ECCMDSSESAVNPCA",2267,0.0638187351291614,0.0546201563507324,0.050060971026539,0.104243615992042
