"TS","spot","seq","unique_seq_idx","sfp_1","sfp_2","AcpS_1","AcpS_2"
4,"E28","YQPDMDQDISWCFIDYAI",1524,0.161133129963538,0.122429150582125,0.15600258665664,0.168728988564572
5,"A28","YQPDMDQDISWCFIDYAI",1524,0.161133129963538,0.122429150582125,0.15600258665664,0.168728988564572
4,"D10","AEDLGMESLETREMMVR",1476,0.200195519163646,0.19282489890513,0.155795212150429,0.10483854256824
4,"B14","FNHDGLESHLVHSS",1420,0.0838092172825155,0.0809838225804728,0.155645797319501,0.111823855166623
3,"L27","TMCPVESKETLIK",1184,0.30717805618195,0.27761035674766,0.155417347980734,0.153607915556323
5,"F17","GSCFGMESMVIHK",2113,0.226919884200675,0.216756043089519,0.155148968527858,0.210903005246508
4,"K1","SSMQKYCLDSTETCSLSPD",1677,0.0311968198163974,0.034254592375049,0.155122105733874,0.0985811611298239
4,"J22","FVNDDGALSIDSYDDNL",1668,0.0757403676707871,0.0786653143910039,0.154845352596923,0.100889214666659
5,"F3","CCACSIMYCISQ",2099,0.171019084914946,0.208044037260938,0.154695620424284,0.161304231874237
4,"N8","WDDECGMMSLLLT",1774,0.100045433458888,0.0969099197037565,0.154466239490117,0.103109953629841
