"TS","spot","seq","unique_seq_idx","sfp_1","sfp_2","AcpS_1","AcpS_2","measure"
5,"C25","ECIESMDFAST",2031,0.0691276866743759,0.0589039569856464,0.0431989878785269,0.0929275352299077,-38.6834295623
5,"C27","TCDFKISAIWCHDN",2033,0.114089104023754,0.0859804306714987,0.0794883396104422,0.0949733432162153,-38.6834295623
5,"C30","QQTHERIASACCIVEH",2036,0.0977790495990944,0.101183909004037,0.0719205861197202,0.125397316280458,-38.6834295623
5,"D10","GRTADKIVSIEYIDTQMC",2046,0.112499278518028,0.11690661577091,0.0694225376060972,0.116433786143215,-38.6834295623
5,"E5","TREYVDSADFCM",2071,0.112997683053836,0.126054069425308,0.0744450274375701,0.115486503623874,-38.6834295623
5,"E7","CQNCVDGVDSIDWIHSN",2073,0.246403887001819,0.372285187283511,0.0599995280917954,0.0872942925214019,-38.6834295623
5,"E8","MWRNDSVEWL",2074,0.195285265556599,0.241239544680779,0.077168399956312,0.0872025582741734,-38.6834295623
5,"E12","DNHVWHNDSIDFIMTDC",2078,0.291327257983569,0.337293514190694,0.0528740304293221,0.0954632115242898,-38.6834295623
5,"E14","TCCNPLQSMEWSASECS",2080,0.0828849767172516,0.0759482537911603,0.0361325517171256,0.0754016944409646,-38.6834295623
5,"E16","MEWAESLDWAK",2082,0.193700509059733,0.225438340767187,0.0866043504584929,0.0950994456663139,-38.6834295623
5,"E20","AICIHEPAESADEAM",2086,0.0853306006845189,0.0800464086740846,0.0360912719118047,0.0883292810946173,-38.6834295623
5,"E28","VDGADSIDYVITTVC",2094,0.383302292439298,0.39491736386062,0.0624002759446739,0.115415253168381,-38.6834295623
5,"F7","QPVCDGVESYENC",2103,0.0543109737800037,0.052098707233285,0.0301087894362619,0.0795033666125908,-38.6834295623
5,"F12","HCVECMDSIEFTC",2108,0.158911181231887,0.168448898998801,0.0558831506635054,0.0997855201304678,-38.6834295623
5,"F15","VEGLDSIDLYD",2111,0.136445132361227,0.135869020547707,0.0443612442711195,0.102330309855204,-38.6834295623
5,"F25","ASPAVSADLLDSVV",2121,0.0672951535683472,0.0662057313822142,0.0427363475618522,0.102082361698338,-38.6834295623
5,"F29","RECADSVDWLTTAVT",2125,0.228874534338303,0.253471936201223,0.088561455948707,0.0930685791347869,-38.6834295623
5,"G6","ECAISHCQC",2132,0.112423041776839,0.0952194542666646,0.0846021217868585,0.128887445849725,-38.6834295623
5,"G9","KEKLVSMCCMDTQIC",2135,0.103400782031848,0.086726727198322,0.0672339295188069,0.112558721274303,-38.6834295623
5,"G14","TGKVDWLESLEWIVTQ",2140,0.276173801614324,0.365874929135196,0.0829208393446898,0.106140866492959,-38.6834295623
