"TS","spot","seq","unique_seq_idx","sfp_1","sfp_2","AcpS_1","AcpS_2"
4,"D27","TWLTKDPVESVESVI",1493,0.0905775609204501,0.0898715246921235,0.0375168729757098,0.112948430687781
5,"K23","SDEMGMDSSATV",2269,0.067628786515056,0.0633973751935098,0.0374027631928142,0.0983924223112202
4,"F27","HDPADSTLSNTSS",1553,0.0486850467322916,0.0463964959091238,0.0373245378906072,0.120596096824586
3,"B28","DIGLESVETME",885,0.0772645700291829,0.0233810060039599,0.0371769106443448,0.0319302505754902
4,"C4","SHPPLESIDTHVA",1440,0.0596410947558422,0.0539961379155139,0.037060700658691,0.0858606918659443
3,"H4","ESIDSVTLQ",1041,0.0344268468755301,0.0701379933830086,0.0370360444730841,0.0512861675615249
5,"T8","VGDDSSDSCT",2524,0.0837946333979188,0.067164936323907,0.0370163092935023,0.0961685167549274
1,"C1","NSASFVEDLGADSTDTVELV",31,0.0117828977728583,0.00772475296401045,0.0369899298336955,0.0378865022276335
3,"C19","IPADSVESAEAIAP",906,0.0501413080117973,0.0601657071295831,0.0369596211733252,0.0269977591936394
5,"M10","TVVEMESKVSLICP",2316,0.0915740643345209,0.0903380488155386,0.0369528692626969,0.103479744829664
