"TS","spot","seq","unique_seq_idx","sfp_1","sfp_2","AcpS_1","AcpS_2","measure"
5,"G8","THFGAESMDWMMS",2134,0.150157838167095,0.156371750681598,0.107636350456547,0.116992733681996,-37.484002376799
3,"J27","IESVDTVISL",1124,0.201845526249365,0.167916756747437,0.107610670740764,0.119847795342565,-37.484177481183
4,"A23","IESVDTVISL",1124,0.201845526249365,0.167916756747437,0.107610670740764,0.119847795342565,-37.484177481183
3,"J23","NPASFVDDWDAWSLDCVELC",1120,0.147141894177707,0.0852967403948292,0.106025665986263,0.116555277538111,-37.4956257585725
5,"L25","CWSKGCTSSQTPNNCQCC",2301,0.157354016271877,0.154045065061644,0.105706635102332,0.148495605483885,-37.4980974555554
5,"B11","HILNPILSLDFTI",1987,0.152225504161325,0.14670002666075,0.104852481251987,0.148959590507005,-37.5050324977189
5,"N25","RPCSCSQSCNNH",2361,0.172409980624149,0.161352545596954,0.104179063378975,0.159850082642243,-37.5108607500225
4,"P27","SWPCEDYIDSIDFRETLV",1853,0.304136658161115,0.295339336489322,0.10389590045316,0.142315859869348,-37.5134166609852
3,"N5","TLCWVCSRTCCIHG",1222,0.194759601158277,0.244261773562743,0.103716859973283,0.151923580786294,-37.5150671074585
4,"E4","GSEYPKESVGYLR",1500,0.257235895526588,0.250328160583501,0.103009084171805,0.177153665677741,-37.5218721025208
4,"F29","YMQRYPICSVASMLS",1555,0.184525364489975,0.195936312660526,0.101334663208558,0.190746131480465,-37.5400954489963
5,"H17","AEFHVSIEWCKS",2173,0.159113797580307,0.143445716105052,0.101122922600487,0.125408715210587,-37.5426557299109
5,"T21","GGCCTSQSCNQCNCC",2537,0.141957593091649,0.113035136494742,0.100719878938518,0.146896669841131,-37.5477180944021
5,"G11","DTICYGIESAEFKKSECS",2137,0.137186273298525,0.133348990417143,0.100649992738938,0.146743084256235,-37.5486225649931
5,"M7","NWWEEIKVESFITVMLTS",2313,0.135530694683568,0.0951925840895185,0.10059273130009,0.129766277650798,-37.5493697916691
5,"C22","RFGIDSILIHTTACT",2028,0.168310822926181,0.167595635013968,0.100544032319387,0.153613268011845,-37.5500097068187
5,"O9","RGCSSSNSCQQCCCC",2375,0.176575496256269,0.140247802730151,0.100525447893185,0.153363434317665,-37.5502549938018
5,"C17","YCMCSLVNC",2023,0.133548193798404,0.124678497502692,0.100321092180457,0.144804666190616,-37.5529926317598
3,"J18","MCMDSVEFALMCI",1115,0.277306773000627,0.26678213588916,0.100200781767634,0.112005288157169,-37.5546401236554
3,"M19","MSSTLCISGC",1206,0.138218357331377,0.0803886246570341,0.0996807572280122,0.104806417455406,-37.562090961977
