"TS","spot","seq","unique_seq_idx","sfp_1","sfp_2","AcpS_1","AcpS_2","measure"
4,"S25","IPPLCSSSRTINQK",1941,0.729145133818812,0.700631177051272,0.35261276114693,0.62866461244334,-37.196703608119
5,"E22","RFWCIASKAQCA",2088,0.378457068801107,0.391504821171863,0.346082492959689,0.404405415091755,-37.1992507566394
4,"S15","IGPLESCSKKAWPHPIA",1931,0.381984454928978,0.368375810743267,0.338236695030498,0.351745720795743,-37.2023993922921
3,"Q18","AESRSLKVKRI",1325,0.401435510067633,0.918495530941034,0.337963310822841,0.355008419043453,-37.2025109131163
5,"I12","HFHFNMCSHLWCKT",2198,0.376575631280065,0.335897472627512,0.334595955357484,0.393891916144442,-37.2038948472049
4,"P6","QLVDTTSRSVQGRG",1832,0.448029768089155,0.419574335706505,0.334246230391352,0.344761117276787,-37.204039683094
3,"A30","LEKLDSMATHDKKAQ",453,0.654172634314193,0.510484149517347,0.331759416142373,0.397395769502262,-37.2050756720463
3,"B1","ISAGYMVSKIQ",688,0.544186289840664,0.491863398381117,0.321035631274827,0.380625128371317,-37.2096702998982
4,"T19","PLVTCSQSVYPK",1965,0.404544250037201,0.387166807540743,0.31854587623802,0.382958639217204,-37.2107679286277
4,"M6","CAGGCITSSQKIFP",1742,0.439355872912309,0.414944601440328,0.318263205682023,0.348201057188189,-37.2108933112378
5,"H8","ECMFCVRSRMWCCWHR",2164,0.380771330555845,0.352209783539873,0.31662559362525,0.491981395460455,-37.2116228076699
5,"G15","WQFNLLSAMYCKTPHC",2141,0.403981688494339,0.352937542663587,0.316539433890161,0.365078077671853,-37.2116613364453
5,"J10","YQCCSRCGC",2226,0.415575289386533,0.35570532186568,0.316316955929368,0.389968027286582,-37.2117608925001
3,"A25","DDDHKASLDFSK",469,0.506791162102454,0.412116506132115,0.314007227522945,0.348020634573562,-37.2128003650629
4,"A21","DDDHKASLDFSK",469,0.506791162102454,0.412116506132115,0.314007227522945,0.348020634573562,-37.2128003650629
3,"A27","DDDHKAALDFAK",859,0.515151304204698,0.362356714248514,0.31329905520941,0.351106061891683,-37.2131212481316
3,"A28","DDDHKAALDFAK",859,0.515151304204698,0.362356714248514,0.31329905520941,0.351106061891683,-37.2131212481316
4,"A22","DDDHKAALDFAK",859,0.515151304204698,0.362356714248514,0.31329905520941,0.351106061891683,-37.2131212481316
5,"B20","EQKHKWQACSFCECHWNKC",1996,0.37147174418414,0.343751534833666,0.310043471502704,0.324631930974479,-37.2146097933264
4,"Q2","CCSSSNKIYQCCV",1858,0.544811020207336,0.518692366770265,0.30936748514451,0.508410707570107,-37.2149216711487
