"TS","spot","seq","unique_seq_idx","sfp_1","sfp_2","AcpS_1","AcpS_2"
4,"K22","NPAVTTSNSVNGKGA",1698,0.208203808443472,0.205147894019358,0.203995283469645,0.172104237720763
4,"S18","DFLEGLDSACYLDAV",1934,0.138328780838323,0.124074588837272,0.202896312542598,0.183735389826747
4,"S30","CSDHNISCCFTKSHGC",1946,0.416880915108593,0.391590224988159,0.202818115367184,0.392400569718012
4,"A15","GDSLSWLVRLLN",1403,0.378766097474892,0.437697766662905,0.202747333931664,0.193788522343131
4,"L12","RWTILDRLLSIEFIE",1718,0.157668339742464,0.148875804581354,0.202480993176305,0.162026238522383
5,"S9","PDCTTSNCGQCR",2495,0.240014948557806,0.169733051936699,0.201814146494415,0.260722929290779
5,"I9","EQKISMFWCHS",2195,0.162626188701678,0.13162531384004,0.201753747109258,0.213766793602372
3,"Q25","WMISMITMAIRCL",1332,0.379194613250226,0.29746082062585,0.20164962834662,0.225924756558869
4,"H4","CLDRKISLCWH",1590,0.187074153058768,0.173856335070076,0.201384317145748,0.151272511080516
1,"B25","ASLEFIASKLA",25,0.24994721394013,0.284187376641583,0.201119468161682,0.125584245045138
