"TS","spot","seq","unique_seq_idx","sfp_1","sfp_2","AcpS_1","AcpS_2","measure"
3,"C26","DDTPNDSAECCDLEE",913,0.0713095430021838,0.0583284649333517,0.0412984441965454,0.035119607922368,-26.471214120211
3,"M12","ECADSREIL",1199,0.111198963722514,0.108407193193975,0.0889443855154709,0.082790626242496,-26.4737712588657
3,"I23","APADSLESAEK",1090,0.1174457756257,0.150030126451018,0.0822042853219082,0.0760619280978359,-26.4749361085573
3,"H29","PMDSMESMEV",1066,0.0884190267352055,0.0520140842244714,0.0364138904802335,0.0302941312027149,-26.477248764492
3,"H1","DFGAESIDGDEFCF",1038,0.0740235660539773,0.0954651085420723,0.068103498751062,0.0860409303057329,-26.4832107488617
3,"C29","EPLDSMDF",916,0.0917771194753038,0.0409164995660585,0.0457140602858287,0.0396878165538104,-26.4868763429892
3,"C27","DEMGLESMDSVEA",914,0.0592767575966759,0.0378502380026855,0.0330227637041108,0.027015773924957,-26.4888701279389
3,"I5","QYPAESMDS",1072,0.0243113390692674,0.0688262496912655,0.0182817933354196,0.0283536020701826,-26.4926386983287
3,"J13","PVDSAPSI",1110,0.0908284315910691,0.0855378740335001,0.0393290392788951,0.0334016808766273,-26.4971585951857
3,"H15","NEIPNDSIDCI",1052,0.0927646739850456,0.100787282827124,0.0865763429405529,0.0951268142872966,-26.5064727190764
3,"G25","ADSCETLDIV",1032,0.0936149934549333,0.0535582958906006,0.0714988260724008,0.0657494232764837,-26.51593330504
3,"L16","SIDDMESLDTMMTSS",1173,0.0879024550600293,0.0801033859427174,0.0460937067457111,0.0403452945954733,-26.5160388132062
3,"E23","LDSVDNYDAIM",970,0.0734334981603368,0.0670605174305612,0.0496119887585335,0.0438895097671032,-26.5188047773034
3,"Q1","CADSRSFCDTGC",1308,0.149459632463978,0.151774643612044,0.0928414265490455,0.0874716953761002,-26.5572080911803
3,"L19","DGMDSSLFM",1176,0.125639585467028,0.089838131045747,0.0591164618425436,0.0537832274759339,-26.5612669707505
3,"M16","SCCPVESMEACVCHA",1203,0.106145793147862,0.0897561834753672,0.0699272305354967,0.0646145463332728,-26.5635596644235
3,"L17","TLDCVESRET",1174,0.11834708207863,0.103348921155715,0.0555070102497495,0.0502497325181155,-26.5697674466227
3,"M23","ADSSETC",1210,0.101022181907066,0.0418720771736242,0.0706210452381077,0.0653743180526727,-26.5709539179355
3,"B28","DIGLESVETME",885,0.0772645700291829,0.0233810060039599,0.0371769106443448,0.0319302505754902,-26.5709614700997
3,"B22","MPAESIESADAVCP",879,0.0967253623832954,0.0966779131648379,0.0750031605002275,0.0698275187305381,-26.5789847988727
