"TS","spot","seq","unique_seq_idx","sfp_1","sfp_2","AcpS_1","AcpS_2"
1,"C30","PVDSSTTMLQPAE",60,0.00125109883474121,0.00477143780973406,0.0278224517436357,0.0226850128279802
1,"C9","NNASFDEDLGADSSDTVELV",39,0.012052486191436,0.014512894080939,0.0276802134548792,0.0240483358772394
3,"L4","DSTDTN",1161,0.0411129453505515,0.0744776221248633,0.0275997415049224,0.0469916226394165
1,"I24","AGLESSESMALPS",234,0.000806999117286861,0.00255602158714775,0.0274895663367559,0.0341599322760634
5,"K20","HDMCLDSSESCDLP",2266,0.0564556541474645,0.0495522597937288,0.0271906696450399,0.0879144057479177
3,"F28","DMPVESADTMDAID",1005,0.0673436805353393,0.0574977262933404,0.0269789334614192,0.0145167715676903
4,"T30","EDDGVESWESADISMC",1976,0.00601511166688186,0.0132942833143624,0.0269373811942133,0.0252451348016828
5,"K25","KPDDGVDSTELC",2271,0.044630462913032,0.045129458826702,0.0268133376826729,0.0841825274399246
1,"E3","EASFVEDHGADSTDTVELVM",93,0.0116023311421652,0.00886388691975057,0.0268121228693103,0.0284495628293441
1,"E22","LAESTTTATGTSD",112,0.00254298705741261,0.0055458944156882,0.0266991689341213,0.0297805447571632
