"TS","spot","seq","unique_seq_idx","sfp_1","sfp_2","AcpS_1","AcpS_2"
3,"L12","CPLESHDT",1169,0.0940924133197192,0.0833600736582319,0.076888288281817,0.0627738225617582
3,"P9","GDALSWLLDLLFGSGRGSGE",1286,0.0879296087349774,0.0961537254330986,0.0767719745931574,0.083549136760271
4,"T22","SCIQPVITSSQTVNG",1968,0.0857397503252806,0.0787567485988378,0.0765703403627046,0.0978748202158761
5,"N2","CCCTGGCSTSQTCQQCQCC",2338,0.0626632891212142,0.0699148423295162,0.0765049310758607,0.110805942927928
3,"I24","MPLDSIESAEIVR",1091,0.13619413540094,0.115449829532753,0.0764895175086797,0.0757429122598017
1,"G7","EATFVDDIGADSLDTVELSM",157,0.0820924698428057,0.0784267394833339,0.0763369326333961,0.106337117896201
1,"F23","NSASFVEDLGADSLDTVEEV",143,0.0916773452426691,0.0881913947996398,0.0762169004010119,0.0880508850250081
5,"A14","DPVLSKRAVE",627,0.222735046720307,0.143256113956321,0.0762086992142242,0.137299599166193
3,"S1","NPMCSSSMCVSP",1368,0.112887686008242,0.139450661131988,0.0761556629079137,0.0723236923951567
5,"B10","RCCAASVCDCVSQ",1986,0.10570646103295,0.0961273643420977,0.0758747876717144,0.123321625384589
