"TS","spot","seq","unique_seq_idx","sfp_1","sfp_2","AcpS_1","AcpS_2"
5,"B23","CCYCMCSVIQC",1999,0.133469710564652,0.12521774270944,0.0994228854559594,0.145061442090364
4,"T25","CINAMELSSKTLN",1971,0.176874184486733,0.157954531074965,0.0992891328270888,0.154933194753034
3,"R29","CSLECIAQCLA",1366,0.276931693768204,0.187910196670527,0.0991175883560129,0.114700663505458
5,"Q9","CCTPGCSSSQTCNNCQCC",2435,0.146777183673679,0.0901319334229813,0.0988592957037623,0.140576177350212
5,"R27","SKGCSCSQTCQQCCC",2483,0.172430343063144,0.153316702113724,0.0988561820826185,0.154637229048645
3,"A6","GDSLDMLEWALM",843,0.157377770375018,0.227461890522078,0.098758767134385,0.175772034306278
3,"R4","NAGFIESSSACICRCD",1341,0.0511714976615741,0.098950623196559,0.0986840003876691,0.118370572757946
3,"J5","NSQSFHEDRGADSLDTVELV",1102,0.127195085671615,0.183048807553875,0.0985202087055459,0.139649737005599
4,"D23","WMQKDPLESADSCMSTCD",1489,0.0678303017891893,0.0661360315864665,0.0983837677129524,0.0723873514070576
4,"I7","CHGADVGKMSIDAWF",1623,0.0663166751127242,0.06182371005134,0.0981099163872649,0.0536847457777444
