"TS","spot","seq","unique_seq_idx","sfp_1","sfp_2","AcpS_1","AcpS_2"
4,"I22","TTFNHEGIESHMVCTSST",1638,0.0918578409763182,0.0930752465088847,0.136177109334313,0.0852401006607065
3,"E28","NEASFCDDDGADSLDTVEDC",975,0.15364692062226,0.126127214430844,0.136129509275409,0.13533054752201
5,"O6","CCWTPECTSSQCGNNKC",2372,0.287873131662887,0.20712797555873,0.135751230427668,0.168106964817731
4,"B1","SMWCMDSSVTMMMTT",1407,0.0434099864310217,0.0265758666240686,0.135648012413979,0.109811194338919
4,"F4","PKVVGHLSLEFF",1530,0.150540391613107,0.139972081821628,0.135493628468339,0.148755914838923
4,"I6","YMSHDDMDSIDTLT",1622,0.186876473332626,0.174655794537489,0.13502290916283,0.0881116522833507
4,"L6","CEIYNVSLIWA",1712,0.105674462001591,0.079097085420861,0.134937429010128,0.113193234247406
4,"T13","CAQPCCSCSQSAFP",1959,0.0954074161836053,0.0874448334354691,0.134922938919898,0.0886787446683269
4,"G22","MMPHDSFDTPEENLH",1578,0.0965376017280742,0.0890905909195763,0.134788791788754,0.0787053469110257
4,"G15","YFNDMHKESREPHDTLVH",1571,0.0855500846420906,0.0799487430725481,0.134774946545472,0.0912426780744667
