"TS","spot","seq","unique_seq_idx","sfp_1","sfp_2","AcpS_1","AcpS_2","measure"
5,"K23","SDEMGMDSSATV",2269,0.067628786515056,0.0633973751935098,0.0374027631928142,0.0983924223112202,-38.6834295623
5,"K24","CCSHECTCSQTDQ",2270,0.0848017820955584,0.082891145271172,0.0629117368678771,0.113212317072526,-38.6834295623
5,"K25","KPDDGVDSTELC",2271,0.044630462913032,0.045129458826702,0.0268133376826729,0.0841825274399246,-38.6834295623
5,"K26","HTSEMFLDSVETHSA",2272,0.0855501233295305,0.0872423024962128,0.0558163537599043,0.121175283976918,-38.6834295623
5,"K27","TTEIRIDSTSSA",2273,0.0782751163767558,0.0772506422200655,0.0431871415230813,0.110233739490451,-38.6834295623
5,"K28","CWPHDCTCSQSCQN",2274,0.103420424441176,0.103657686200458,0.0522707663327065,0.104714886045695,-38.6834295623
5,"K29","PHECTTSQTDNNRNC",2275,0.111887253300698,0.0992177970084149,0.0657492673868375,0.116684305487328,-38.6834295623
5,"K30","FSGGCSSSQTCQQ",2276,0.102025352559902,0.102556552379256,0.0682922444805592,0.118293782997796,-38.6834295623
5,"L5","DEEIGIDSTDSEDVGCD",2281,0.0368713080118653,0.0225543738282262,0.0186079729620924,0.0724403723821921,-38.6834295623
5,"L6","HNKIGIASLELAML",2282,0.293513556065808,0.279912099939289,0.0780135534955384,0.139380975242752,-38.6834295623
5,"L8","EECCLESTDSMDVPK",2284,0.0686523806903001,0.047754946854762,0.0389417190934789,0.0923472754057226,-38.6834295623
5,"L9","PGGCTSSQSDQQRN",2285,0.100085103015624,0.0981953112899826,0.0575294291929713,0.120890367861188,-38.6834295623
5,"L10","YTSEWPMESTMSA",2286,0.0802128602177919,0.0768141377018887,0.0396687253053964,0.0988850046502778,-38.6834295623
5,"L11","CCCSGPCTSSQTCQQC",2287,0.108789685671336,0.0934323459567711,0.0653407019123715,0.112884262148538,-38.6834295623
5,"L12","VDLDSSDSDDV",2288,0.0603066320196568,0.0514782778621042,0.0180130037468052,0.0799317835454586,-38.6834295623
5,"L14","GSHDRCGMESFDSCDLP",2290,0.0813044539948298,0.0760499075961611,0.0407077747363213,0.0924573507886474,-38.6834295623
5,"L16","YDHTMDSSDTGSDGC",2292,0.0651990032004725,0.0490291065020587,0.0300503603894848,0.0846250859026517,-38.6834295623
5,"L17","KEKKCEESTDGPCD",2293,0.0636174724365163,0.0475560471614608,0.0284943525480246,0.0755526517011189,-38.6834295623
5,"L18","GIYPLDSLESQE",2294,0.082142309317059,0.0834503770591225,0.0641244436530657,0.128634269612124,-38.6834295623
5,"L19","DDDCCMESTDTGTDGCT",2295,0.0650596918604147,0.0549842019642457,0.0413750140173764,0.0925919952941559,-38.6834295623
