"TS","spot","seq","unique_seq_idx","sfp_1","sfp_2","AcpS_1","AcpS_2"
4,"E3","TFIDGAQSLQIW",1499,0.118441801154098,0.103340141785997,0.0337868506389625,0.0847308838276313
1,"G8","KDLPSTETQMMSNI",158,0.0101179128033718,0.0137217722544448,0.033785291476363,0.0349799815816852
3,"J7","DEGNGSIDSL",1104,0.038007363454157,0.0748126216565019,0.0337722652121394,0.044606383587992
3,"M5","ESTEYNASQAA",1192,0.0542678721603117,0.0942369144762912,0.0337141823210704,0.0570929784481922
3,"S30","TIDGVDSSDYAVHP",1397,0.038762716357947,0.0626640642626818,0.033593165205021,0.0376477888390342
1,"E30","IDSSDSLSISIE",120,0.0355517151380871,0.0476234071553768,0.0335594769872145,0.0349676038637065
4,"Q30","CAPPCCSCSQHAFPC",1886,0.0717928790854409,0.0664209660945999,0.0335486745223351,0.0722516727262386
5,"R23","QAELESSDSIDMTTD",2479,0.0687081973901207,0.0627323232135404,0.0335401458877457,0.0851302384904731
3,"C25","MESAES",912,0.0533136028005063,0.046327345200221,0.0334864210683149,0.0269659905473046
1,"F8","GLDSTDTMLMTSI",128,0.0124720491997592,0.0149005588539778,0.033350265680669,0.0353102851662298
