"TS","spot","seq","unique_seq_idx","sfp_1","sfp_2","AcpS_1","AcpS_2"
4,"Q5","CDCVGRDSACSS",1861,0.0643447508591098,0.0572797008165926,0.112194227192176,0.0808690661078226
4,"R23","SWCLSKGAESMDFKDALAR",1909,0.170832535476157,0.143856943337652,0.11210561763517,0.11789000521872
1,"E7","STITCFNRYVLDSSASISLT",97,0.0576075043629942,0.069005255446498,0.11203562417822,0.112985359473057
1,"F11","NSASFVEDQGADSLDTVELV",131,0.169944022803115,0.165288593569381,0.111966783535841,0.129742383404123
4,"B7","SHVPVASLDWVDTIVC",1413,0.293386949726969,0.335001363645028,0.111879617746196,0.106209462062951
3,"D9","LEASFVDDLGNDSRDTVELC",926,0.0384642296370054,0.075775359967048,0.111822669825553,0.112256182064194
3,"N22","NEECKDSSDTCMKGC",1239,0.14904953660197,0.09208668887589,0.111717256847542,0.109329308044679
3,"F26","LGLESIETLEL",1003,0.11401889221771,0.0926399563438008,0.111634370032785,0.110887812387728
5,"M24","KGCTCSNSCQQ",2330,0.196454680140095,0.191466919243242,0.111577586695497,0.162408499659389
3,"N17","ECMESSDFNAK",1234,0.367538170038767,0.288295169357996,0.111469380307836,0.0879014753946763
