"TS","spot","seq","unique_seq_idx","sfp_1","sfp_2","AcpS_1","AcpS_2","measure"
3,"D23","EEAPIESIDSLELVC",940,0.13421287453612,0.148787538158567,0.099437732022218,0.105110793128632,-37.5657729568728
5,"B23","CCYCMCSVIQC",1999,0.133469710564652,0.12521774270944,0.0994228854559594,0.145061442090364,-37.5660023475619
4,"T25","CINAMELSSKTLN",1971,0.176874184486733,0.157954531074965,0.0992891328270888,0.154933194753034,-37.5680930016948
3,"R29","CSLECIAQCLA",1366,0.276931693768204,0.187910196670527,0.0991175883560129,0.114700663505458,-37.5708399825667
5,"Q9","CCTPGCSSSQTCNNCQCC",2435,0.146777183673679,0.0901319334229813,0.0988592957037623,0.140576177350212,-37.5751238770013
5,"R27","SKGCSCSQTCQQCCC",2483,0.172430343063144,0.153316702113724,0.0988561820826185,0.154637229048645,-37.5751766537511
3,"A6","GDSLDMLEWALM",843,0.157377770375018,0.227461890522078,0.098758767134385,0.175772034306278,-37.5768420919428
3,"J5","NSQSFHEDRGADSLDTVELV",1102,0.127195085671615,0.183048807553875,0.0985202087055459,0.139649737005599,-37.581041678393
5,"D29","KEPMESVVYCKDQCC",2065,0.185103585239897,0.175118439260969,0.0977965292367809,0.142042268318531,-37.59498047914
5,"D30","CCICSAVCC",2066,0.125676253450128,0.134787209101082,0.0976799873703742,0.15763777599731,-37.5974186494236
5,"S24","SGGCTTSNSCQNCCC",2510,0.127737583183285,0.105268538224758,0.0976086659860485,0.132106772264375,-37.5989406252071
5,"R12","CFSHCCTCSNSNQQCQC",2468,0.146879370284084,0.110421755142002,0.0973419892001132,0.140931115465306,-37.6048459313554
5,"Q27","CCYTPGCSCSNSCQ",2453,0.133690097245264,0.115658752667764,0.0972710813435956,0.14698920401328,-37.6064766313979
3,"N7","MESSDTKI",1224,0.114750737738986,0.121629564752031,0.0971572944800989,0.106960720263355,-37.6091503185296
5,"S10","HCCTCSQTGNNCCCC",2496,0.150695873135799,0.103001208524207,0.0970032612748965,0.14629338360671,-37.6128874764333
5,"T18","EVDVESSLTQLASSG",2534,0.207860353289086,0.192157090310161,0.0965848441085301,0.138374241160508,-37.6238061766742
5,"C28","NCHDSMDFAASK",2034,0.238624024047416,0.224008394474864,0.0965835062244449,0.144287343316492,-37.6238430731954
3,"G1","NEASFSWRLGADSLDTVEQV",1008,0.139263784002055,0.167475662164826,0.0960386626658804,0.205514798836472,-37.6401286331661
5,"J15","CDPCHCCVCSAVCCMTQ",2231,0.136154701194565,0.123529118127468,0.0956816264000045,0.155629450207316,-37.6524472410199
3,"R10","NFASFVEDLCACSLDTVELP",1347,0.121370428876925,0.120795063708759,0.0956339608412233,0.105520973392227,-37.6542128986778
