"TS","spot","seq","unique_seq_idx","sfp_1","sfp_2","AcpS_1","AcpS_2"
5,"E30","YDECHCCICSIVWCM",2096,0.156869177095004,0.141150157622893,0.181103652204626,0.149618071560998
4,"D22","DRFPKESVPFMLIHIC",1488,0.19439073942991,0.211531889249789,0.181029078404417,0.167393896436265
5,"H22","WQIASRCCCATQ",2178,0.207078343467864,0.213066586620107,0.18069569485929,0.240905446445955
5,"R10","RECTCSQSCNQKN",2466,0.29471352870839,0.221561396881958,0.180659255761841,0.239123642252434
4,"O15","DSVSEHRASVCYT",1811,0.115490578465069,0.109920695804087,0.180198250010964,0.151517216836082
5,"F27","PNRILEWIVSLCFMMT",2123,0.175133708850171,0.140342421983157,0.179368319245414,0.170529908835699
4,"F11","YFDEDGINSINVFETMI",1537,0.251230940851872,0.236706531736283,0.178790530158724,0.144948329469818
5,"H25","MCCCCSIIYC",2181,0.159256161846155,0.160617721730035,0.178484415718046,0.188206049803611
4,"N18","GPVDSLVYIEVL",1784,0.395200991463342,0.39035177063503,0.177496644758785,0.136589847883367
5,"F8","CCQAVSVMGCRTP",2104,0.237891523466128,0.221043798772979,0.17730014505096,0.223454484343398
