"TS","spot","seq","unique_seq_idx","sfp_1","sfp_2","AcpS_1","AcpS_2"
4,"K4","TTIDDDPMDSIDYKIT",1680,0.202963593083535,0.161532407845414,0.186167996490779,0.120027464025681
4,"R24","PMVTTSNTLQQRC",1910,0.255246710257385,0.247140808956228,0.185793264549998,0.252127958895813
4,"N5","AETSSHRANPR",1771,0.258274668141564,0.242788115387952,0.185517744208682,0.198449839343065
4,"M4","TCAGPCCTSSNRAYGCCA",1740,0.207890849791795,0.203464182163538,0.185445445486228,0.198193323747377
3,"L21","DSLEFINFKQA",1178,0.466967105484922,0.379523204989036,0.184924299710935,0.171637627903999
4,"R7","TLIDKNISLCFTD",1893,0.131010022162498,0.151623345726282,0.18483894796612,0.139582774343204
3,"C5","NSTSFSEDLGADSLDTLKTV",892,0.346418722033752,0.300189412564947,0.18483317450292,0.160615577865795
3,"R5","GACSTIFRVHTL",1342,0.177299054834065,0.213695766735326,0.184774071056851,0.208090479333254
1,"B21","DSLEFAASKLA",21,0.215107210545051,0.444513199797791,0.184578794953688,0.187667840073659
3,"H25","CSSSFCEILGADSLDTVELV",1062,0.276965814102441,0.210966470862715,0.184293981278087,0.223804778887034
