"TS","spot","seq","unique_seq_idx","sfp_1","sfp_2","AcpS_1","AcpS_2","measure"
3,"O13","DSHEFCV",1260,0.117832669660426,0.126523213442449,0.0908372340174929,0.0900141585490049,-27.2596331484399
3,"C1","EQCAESIECVDSNQN",888,0.0690056769234443,0.10029074269096,0.0567774089458774,0.0631610966769229,-27.2612412066803
3,"P10","IDPAESVDM",1287,0.0698586241683269,0.0813028643758684,0.0502059665590015,0.0494000064449842,-27.2634750784428
3,"K27","SLDPIDSILSNC",1154,0.149806335800525,0.101480438875633,0.0807904616716943,0.0799987348833731,-27.2666813515781
3,"I19","DDAPMESLESLDLVCG",1086,0.142680461865297,0.124493991585633,0.0948925941918879,0.0969053301408271,-27.2716521325586
3,"I24","MPLDSIESAEIVR",1091,0.13619413540094,0.115449829532753,0.0764895175086797,0.0757429122598017,-27.2769141539518
3,"J12","DSADTMEMIIC",1109,0.106827914647722,0.116951441084541,0.0713918304946078,0.0706523616364758,-27.2785422000471
5,"M4","CYHHHPGDESSESIEM",2310,0.0527247196214291,0.0417045679329425,0.0403593897205257,0.0828141987244911,-27.2871512621232
3,"J16","DLPLESLDS",1113,0.0747768615525386,0.0783665392296291,0.0545042188233212,0.0538392486886499,-27.295697980706
3,"F29","NSASFDDDLGAYSLPTHELV",1006,0.102195962145522,0.0829071288527558,0.080170437532756,0.0795565303244654,-27.3076292397378
5,"F3","CCACSIMYCISQ",2099,0.171019084914946,0.208044037260938,0.154695620424284,0.161304231874237,-27.3629705949908
3,"P1","LEGLESTEYCITPVA",1278,0.127663970360255,0.0996570568875435,0.0623222617469846,0.0620913761365757,-27.4019751657856
3,"O25","AGADSVSTNLESSF",1272,0.134890371966803,0.117291683707175,0.0619265082668899,0.0618341250916303,-27.4384079681649
5,"M21","RPWDECSMDSTETCCI",2327,0.0734682271180595,0.0599863722564774,0.0602934977130696,0.111685546085175,-27.4555788687974
3,"K15","VESSDSCATGC",1142,0.127691205516598,0.116701301951613,0.0626416510899291,0.0626514689608795,-27.4661692912576
3,"J26","IGLDSIEKVDEP",1123,0.102141797388067,0.0470699707832185,0.0681803066077773,0.0682486647288385,-27.4824250311169
4,"R26","LYEISAENPDDKV",1912,0.0928108662672581,0.093249667673749,0.0795140856436293,0.104518796648422,-27.4836303847353
1,"B2","DALEFIASKLA",2,0.198196467100498,0.178195832173145,0.152831002397318,0.15555666859738,-27.5046941469801
3,"A2","DALEFIASKLA",2,0.198196467100498,0.178195832173145,0.152831002397318,0.15555666859738,-27.5046941469801
4,"A2","DALEFIASKLA",2,0.198196467100498,0.178195832173145,0.152831002397318,0.15555666859738,-27.5046941469801
