"TS","spot","seq","unique_seq_idx","sfp_1","sfp_2","AcpS_1","AcpS_2"
3,"L5","EIDSMDSNIS",1162,0.0533391472178994,0.103905684017623,0.0321062017798298,0.0550610292411213
5,"P4","CCTCSNTDQN",2400,0.0798393664286933,0.0769570025089168,0.0320594244325365,0.0733981967692461
1,"F24","DLPSSESAEATFE",144,0.00253032973187964,0.00366645432973555,0.032002643805432,0.034955389278749
3,"E24","EDLPADSAES",971,0.0526255331587971,0.0484949992234695,0.0319787359394345,0.0237820870452912
1,"D7","NEASFVDHLGADSQDTVELV",67,0.0128865030218622,0.0129923117439488,0.0319188808425811,0.0346368720549814
5,"O13","KTEDEAPADSSETCELPC",2379,0.0616632255155022,0.0488296029845519,0.031906443468681,0.0880553639465553
1,"F10","PIESSETMVLGMI",130,0.0129216996380453,0.015043456506926,0.0318504137251202,0.031182163283134
5,"N11","YEEHIDMDSSCSIV",2347,0.0700983730696559,0.0561524810371029,0.031633539440458,0.0818463752759205
1,"C24","ADSTETMMMTSE",54,0,0.00264826226020039,0.0316157653716621,0.0367339062584264
3,"F27","EAESMDSL",1004,0.074281943558135,0.0568742111155127,0.0316110551171572,0.0218097381366285
