"TS","spot","seq","unique_seq_idx","sfp_1","sfp_2","AcpS_1","AcpS_2"
3,"F2","DMHMCSLETAEYMCS",979,0.188660942801901,0.194148237003565,0.065204471763265,0.108358506615559
4,"D25","MEGVASHESID",1491,0.0591868482333717,0.0583825622301017,0.0651680618085111,0.111372147120227
4,"T23","CYGELEPVISMDVKDSQ",1969,0.0526417529348056,0.051018656778028,0.0651217655909057,0.0754598170178598
5,"Q28","YPGECTTSQTGQQCCC",2454,0.109897264106991,0.0935936877844885,0.0650954799221303,0.119097136168791
3,"G12","VPLDSIDTID",1019,0.0627421613342437,0.0668545319204181,0.0650895631865615,0.0617318655004237
5,"O10","TPGCSSSQSCNNCCCC",2376,0.142911401991524,0.115545263908335,0.0649181251427583,0.121900901586808
4,"P1","EVLWAESVDSVDIE",1827,0.0554005505265887,0.0685528191697651,0.06488798960639,0.0866339796582634
3,"G17","VESIDTIEVILQ",1024,0.0592582816903158,0.0656267019581782,0.0646117363775792,0.0604212213631938
3,"H26","ESLDFADLT",1063,0.141745136929874,0.0969991010354734,0.0644454450752395,0.060879565894247
3,"Q15","IDSSDF",1322,0.0700392480511215,0.0476795772057655,0.0643899505483001,0.0610514472238001
