"TS","spot","seq","unique_seq_idx","sfp_1","sfp_2","AcpS_1","AcpS_2"
4,"H14","TWSRECVDSHMTAST",1600,0.0611888324869222,0.0614556138154699,0.106169573891399,0.0482613150992295
5,"K2","ENCIEGRMSMCFSRTD",2248,0.0446440282719667,0.0580970968910085,0.106031084155585,0.154329143678943
3,"J23","NPASFVDDWDAWSLDCVELC",1120,0.147141894177707,0.0852967403948292,0.106025665986263,0.116555277538111
3,"C24","NEDSFVDKWDADSLDNVELV",911,0.116077997496445,0.109348640182167,0.105843718501469,0.126991029494793
4,"A28","NEDSFVDKWDADSLDNVELV",911,0.116077997496445,0.109348640182167,0.105843718501469,0.126991029494793
5,"A26","NEDSFVDKWDADSLDNVELV",911,0.116077997496445,0.109348640182167,0.105843718501469,0.126991029494793
4,"C7","APVESVASVESQ",1443,0.0649518219515674,0.0544362979392721,0.105762049586735,0.0628211119472868
5,"E1","TTTAEPAESKFWMISQ",2067,0.0369144521895388,0.0486534976550094,0.10573570367473,0.0850574167538847
5,"L25","CWSKGCTSSQTPNNCQCC",2301,0.157354016271877,0.154045065061644,0.105706635102332,0.148495605483885
1,"B6","GDALSWLLRLLN",6,0.111150903895047,0.106568726879264,0.105693782870333,0.100368154455496
