"TS","spot","seq","unique_seq_idx","sfp_1","sfp_2","AcpS_1","AcpS_2"
5,"I8","CWNMCSWCWC",2194,0.192028628973105,0.117166803621073,0.217912905692064,0.222054387181089
5,"P23","YSGECTTSQSGQCRCC",2419,0.266568231435141,0.2186838424393,0.216193311114727,0.261307417289549
3,"R18","FVDSVDAHLK",1355,0.480469774519018,0.348895276286014,0.21561380845403,0.214433045261518
4,"T6","MGGCATTSNRMFPCC",1952,0.216467725144629,0.215044838702856,0.215451520540466,0.211736716363508
3,"A3","DALEFIAAKLA",840,0.211976119871057,0.198273053653896,0.215416758660183,0.191492083104592
4,"A3","DALEFIAAKLA",840,0.211976119871057,0.198273053653896,0.215416758660183,0.191492083104592
5,"A6","DALEFIAAKLA",840,0.211976119871057,0.198273053653896,0.215416758660183,0.191492083104592
5,"D24","SMIYRADSYDAIIT",2060,0.189855493033187,0.170872860698265,0.215270608948888,0.17205008044245
1,"I3","NNASFVEDLGADSLDTVEQF",213,0.306912054163189,0.394737069392336,0.215155171212408,0.288188857933817
4,"A16","GDSLSWLLRSLN",1404,0.323367895385799,0.384444899432736,0.214979682235843,0.207976248099816
