"TS","spot","seq","unique_seq_idx","sfp_1","sfp_2","AcpS_1","AcpS_2"
5,"Q8","WWDDNPLESTDTVEI",2434,0.0875952667957631,0.0545012331734535,0.036782179578586,0.0936644660636852
5,"L1","WENDEPFDSKCMME",2277,0,0.0234151554244178,0.0367599463776059,0.0913907366122922
5,"L3","NNEQEAGADSMDIMMVT",2279,0.0243377803917842,0.0359674832001616,0.0367039984976778,0.0953536218100672
1,"G6","YPIDSTTSVMAPL",156,0.008361319914704,0.0135386135448903,0.0366519644879315,0.0420701912960537
1,"H22","VWMDSTDSILHSIA",202,0.041765179421859,0.0559666249705403,0.0366440831121627,0.0430091645740835
3,"E18","GIESADSVDL",965,0.0335558311312633,0.0329127997930246,0.0366137417723455,0.0259746519836173
3,"H8","DLHMESVDPASDVQ",1045,0.0259939298800075,0.043498284957272,0.0365739844993143,0.0301590803692613
5,"P16","DFHKEDGIDSSDSVDM",2412,0.0595262062637032,0.059437526244862,0.036527324822931,0.0976885740866893
5,"S14","DSPMDSLDVISADNV",2500,0.115730109238241,0.108194398603858,0.0364918100817593,0.0967752312390108
5,"T10","EEVGVDSSESDD",2526,0.0731588159693637,0.0611708338180428,0.0364374433375683,0.089295618968334
