"TS","spot","seq","unique_seq_idx","sfp_1","sfp_2","AcpS_1","AcpS_2","measure"
4,"Q4","CETCSKSAFQHCMM",1860,0.239999303688283,0.230020124927091,0.174913406853625,0.201101967559389,-37.3120214802807
5,"I11","NPRQYQICSKCFCCTQEC",2197,0.200270952582316,0.18486582245477,0.174515181213967,0.23703072440201,-37.3125085706882
1,"G1","NNASFVQDLGADSLDTVELV",151,0.277906867584236,0.30607970973585,0.173849123599273,0.20306254014522,-37.3133286006952
4,"A7","GDSLDLLSYCLG",1399,0.483885330141728,0.536621743985796,0.173276576674194,0.240667474872748,-37.3140389180806
3,"K5","ESKEYCLK",1132,0.330420033420702,0.372160497363816,0.17296923742225,0.234386908163868,-37.3144223029587
3,"P16","VVSKSFAMRNAE",1293,0.250103516623511,0.20442802083447,0.172955275046602,0.185799575733468,-37.3144397550284
1,"C19","NSASFVEHLGADSLDTVSLV",49,0.376183136826617,0.535398461365903,0.172178253260039,0.194798771868428,-37.3154158149432
5,"R15","CCGPECSTSNSCNCR",2471,0.207152823336664,0.178778187579469,0.172031411572308,0.214421532150482,-37.3156013460235
1,"D27","NSASFVEDLGADSLDTVELN",87,0.237274665975782,0.219603853900788,0.170388732730618,0.19280683611385,-37.3177006411313
3,"P19","DGILSKAWHA",1296,0.272276804253257,0.197685818464469,0.16882159836897,0.186070359130983,-37.3197453242317
3,"K29","EVESSDSCMFPKT",1156,0.392307230845532,0.30975467960625,0.167483650764385,0.177654326601618,-37.3215246871141
1,"J17","NSASFVECLGADSLDTVCLV",257,0.358300669674326,0.521343887302546,0.166758145233098,0.191039126696823,-37.3225029560597
3,"A12","NSASFVEDLGADSLDTVELV",847,0.335323181920794,0.34450790119618,0.166405880721722,0.179451424246948,-37.3229814219795
4,"A19","NSASFVEDLGADSLDTVELV",847,0.335323181920794,0.34450790119618,0.166405880721722,0.179451424246948,-37.3229814219795
5,"Q11","CTGPCTSSNTCQNRQC",2437,0.232087479521576,0.171807278656321,0.164196494792347,0.232410872293843,-37.3260356994522
4,"T27","EWVESADSKK",1973,0.277960709642623,0.219786688377109,0.16343571913876,0.246505399153217,-37.3271093724625
5,"S27","THGCCSSNTTQNKNCC",2513,0.324716502523655,0.312992337318294,0.162518544897809,0.23299630306127,-37.3284192845494
4,"A6","GDSLDWMSCIDY",1398,0.228131853147846,0.265601389286896,0.162495445652647,0.218230178176922,-37.3284524975223
5,"A30","GDSLDWMSCIDY",1398,0.228131853147846,0.265601389286896,0.162495445652647,0.218230178176922,-37.3284524975223
4,"T20","PGCCSSSNRVWGCCI",1966,0.214158917532357,0.214151876907585,0.162208992651783,0.172246713783681,-37.3288652897585
