"TS","spot","seq","unique_seq_idx","sfp_1","sfp_2","AcpS_1","AcpS_2","measure"
5,"B7","HTCMFCVASICWLE",1983,0.165596368682275,0.160512505362222,0.126800177768307,0.120387072241934,-25.1646749036069
1,"H2","TVESSDSLVNPRE",182,0.00369371035711325,0.00447696600806445,0.0296211609860387,0.0347007794160114,-25.1668766986042
1,"D22","IDSTETDILPFE",82,0.00474483606370806,0.00761465669752205,0.0305339064755488,0.0382343222203226,-25.1700618633212
3,"O21","MDSSEWCAKG",1268,0.333854005710074,0.208671380599984,0.165073839387741,0.159449307228083,-25.170703196157
3,"Q6","GADSTDSCASGIV",1313,0.0410744250209739,0.0644908688240603,0.0668045540962473,0.0816937898672139,-25.1714216317025
1,"J14","ADSTSTRVIGT",254,0.0245169241755093,0.0258624383233349,0.0496269501529,0.0549588011136718,-25.1858405081346
4,"D24","VLPAESLDSKDM",1490,0.0559898615604903,0.0518987729263873,0.0794529389801473,0.0849666894138301,-25.2251770479927
3,"K2","MDSTDTCVTGL",1129,0.042233049719924,0.062885293574424,0.065376634954516,0.0791438106143555,-25.2329904782908
5,"I29","CQMLSECWCRTF",2215,0.287680624530998,0.219271091670387,0.279609284331748,0.306359903077668,-25.2333154892841
5,"N1","CCCCSQSNNNH",2337,0.056063641195319,0.0780625140556093,0.0791410978774104,0.137417759504572,-25.2346153574894
5,"N3","CCTGGCSCSNSCQ",2339,0.0623719075153913,0.0609950304006031,0.0854194716622772,0.112473757820159,-25.2353507299676
4,"O30","TSEDREMSMDMLMN",1826,0.0335024570380514,0.0303606427822983,0.0562160309596215,0.0974087105217959,-25.2436040565001
5,"S8","CCWGHCCSCSNTDQ",2494,0.122433671845742,0.0935772939573083,0.116086961492534,0.141008936732652,-25.2755659823665
4,"B7","SHVPVASLDWVDTIVC",1413,0.293386949726969,0.335001363645028,0.111879617746196,0.106209462062951,-25.2995883182091
4,"B4","QREPVESTDVVTTS",1410,0.0377647536696024,0.0352652913694481,0.0579893790310323,0.0928384246497567,-25.3073531501256
1,"I14","GVESTSTYEMGMV",224,0.0102260887832176,0.0129693507734269,0.0302306415946627,0.0355859595803216,-25.3131903877005
1,"F13","NEASFVDDLGADSRDTVELV",133,0.0204318459488432,0.0235129067544976,0.0403886143859045,0.0451833403048981,-25.3144623426423
3,"H5","EEMGIDSLETMEVMIS",1042,0.039210130698953,0.0782497105399851,0.0589832720197588,0.0956086955675925,-25.3193653563589
5,"M3","EPDEPADSSDCLDIPCM",2309,0.0192847849927541,0.02676933850371,0.038143805025044,0.0894464619534995,-25.3441374848038
5,"C10","ENHYRWNICSLVGC",2016,0.176676098801405,0.15963089183094,0.168292220155394,0.184817682111836,-25.357442465001
