"TS","spot","seq","unique_seq_idx","sfp_1","sfp_2","AcpS_1","AcpS_2"
4,"N19","SDEVWAMSRDFMDEVYC",1785,0.104729480109072,0.101737319638732,0.134711258426374,0.076511137298842
4,"L4","MPGMESSSKHMQNCGIV",1710,0.0709476177200529,0.0632305268515157,0.134518771612578,0.106241443990237
4,"B3","TECMGCDSIESLFFDI",1409,0.249488693785268,0.252123405278377,0.134020494583112,0.143476231676092
4,"F21","YEIESVESAVDEG",1547,0.101360088768589,0.1112436517937,0.1339927282322,0.078247623915003
4,"J19","KDPIESTATNTSSS",1665,0.0368699696285385,0.0313956349048699,0.133834001052709,0.0867780450371398
4,"G20","WYNHFPVESRMAQ",1576,0.174912094315128,0.200429463619747,0.133455418996331,0.0948861971346338
4,"K19","EKNMSVCFSESHVS",1695,0.0582042619854636,0.0660667350014277,0.133390839471158,0.0794338893463618
3,"F7","VPLDSIETMEILC",984,0.114264334550381,0.131248864758874,0.133299036960417,0.158450026502812
4,"M2","YSCNEYQISVCYT",1738,0.136816504513418,0.132393208400834,0.133231050190812,0.110478144668113
5,"J2","HCMDWRISLDWCRE",2218,0.0711842642117276,0.0923208263592337,0.133136250844995,0.110737377934671
