"TS","spot","seq","unique_seq_idx","sfp_1","sfp_2","AcpS_1","AcpS_2"
5,"G23","WCVLSMVFCLCP",2149,0.167500040719447,0.160147221909087,0.168385580139378,0.184557363687437
5,"C10","ENHYRWNICSLVGC",2016,0.176676098801405,0.15963089183094,0.168292220155394,0.184817682111836
4,"D12","QKFCICSSAILS",1478,0.161583155691161,0.1469433357536,0.16824938780451,0.134864144164708
5,"C20","NWNVCSYCGCKSE",2026,0.177063733973172,0.166351153326373,0.168084483244705,0.19186059251296
4,"F16","CFGMESYDGMAITTC",1542,0.104519764640768,0.0997702753395857,0.168025056931165,0.122055088874408
5,"H20","KTHEGLLSHMFMDFHMC",2176,0.159631556513575,0.131396766378247,0.167990709732912,0.19074755412242
4,"H10","KDGMESTLINTTTS",1596,0.0597216461619207,0.0534292108728028,0.16767308429441,0.132131327599726
4,"I9","AGALSADTRE",1625,0.057449797084726,0.0567671857204357,0.167669044517945,0.151744415665091
4,"O4","ELWRESVDLVQTKIV",1800,0.281680399790954,0.252966149624044,0.167618139541275,0.171133239023217
3,"K29","EVESSDSCMFPKT",1156,0.392307230845532,0.30975467960625,0.167483650764385,0.177654326601618
