"TS","spot","seq","unique_seq_idx","sfp_1","sfp_2","AcpS_1","AcpS_2"
3,"D8","DSMECVEA",925,0.0464696952333444,0.0710148518049281,0.0673198160458702,0.0650206362132194
5,"G9","KEKLVSMCCMDTQIC",2135,0.103400782031848,0.086726727198322,0.0672339295188069,0.112558721274303
4,"S19","WTDEDGHVSVDWVD",1935,0.00224387331553551,0.00773194343104166,0.0670775674162547,0.0108936605992513
5,"C19","REKILSMEWMV",2025,0.117500690991683,0.112534324698676,0.067029135953105,0.113568569349991
5,"T22","ECCCSQSCNC",2538,0.102304119245952,0.0894656134121803,0.0670041296832936,0.113680644545219
3,"K21","CGLDSSEWVLSPLV",1148,0.127719662893869,0.0865951093498189,0.0669694698679353,0.0635975576554579
1,"E26","FVDSSSTLSIGTM",116,0.0222084340477799,0.0272877908286676,0.0668921869967397,0.0648968647612626
3,"Q6","GADSTDSCASGIV",1313,0.0410744250209739,0.0644908688240603,0.0668045540962473,0.0816937898672139
3,"C13","DMGVDSAETVEILCG",900,0.128782648805211,0.152609872862399,0.0667910206495123,0.0657528660160544
3,"E30","PMESLDSADACL",977,0.155112322774113,0.121786056454116,0.0666211795906519,0.0681505977808714
