"TS","spot","seq","unique_seq_idx","sfp_1","sfp_2","AcpS_1","AcpS_2","measure"
3,"K28","CNELDSTEICETS",1155,0.100897107965444,0.0497200377252254,0.0625409119580038,0.0588869695865254,-26.7684594169402
3,"S20","IEPLDSTDYAVSGLM",1387,0.111218682220151,0.126196466924415,0.0680928199001957,0.0644439773351402,-26.7691588095923
4,"D3","QRWGADSVEVK",1469,0.0314036290933008,0.0297809283495779,0.022539619843443,0.0627773446308936,-26.7740069587645
3,"K20","CLESTDSCVTPCM",1147,0.144884655827366,0.125024660360409,0.0755759137148325,0.0720027847546851,-26.7796002045911
3,"H26","ESLDFADLT",1063,0.141745136929874,0.0969991010354734,0.0644454450752395,0.060879565894247,-26.7806057391512
3,"A11","GDALAWLLRLLN",846,0.176085762260634,0.175807386607533,0.152982860654939,0.154745845957705,-26.7854073959294
4,"A12","GDALAWLLRLLN",846,0.176085762260634,0.175807386607533,0.152982860654939,0.154745845957705,-26.7854073959294
3,"L22","NGAESQSSWVVGCT",1179,0.0947383774504623,0.0283754628282008,0.0450736250468969,0.0415433168362544,-26.7855540888326
3,"O19","EPIESTDSCM",1266,0.0962586573219774,0.0502274524204918,0.0753743762883733,0.0718516280356166,-26.7866089323674
3,"K14","SVQCILSALWQSS",1141,0.132529448541079,0.116006980771772,0.0709065639875844,0.0674441885248161,-26.7950729318811
3,"A24","NGAEAAAAKVVGCM",857,0.128762054382576,0.0905600998211636,0.0910555884154686,0.0876807991968525,-26.8074809120347
3,"K21","CGLDSSEWVLSPLV",1148,0.127719662893869,0.0865951093498189,0.0669694698679353,0.0635975576554579,-26.8078911087609
4,"T22","SCIQPVITSSQTVNG",1968,0.0857397503252806,0.0787567485988378,0.0765703403627046,0.0978748202158761,-26.8096455151384
3,"D27","KFGAESADS",944,0.107223629043478,0.0865856912048819,0.0627879898024924,0.0594286386411468,-26.8096840073513
3,"N20","LDSTDYL",1237,0.0909247833408851,0.0456286062307444,0.0638157330591303,0.0605105451161127,-26.81745200872
5,"T19","KIGIDSTTTCTVS",2535,0.116060055633053,0.0960106753143793,0.101087188932828,0.131013646290627,-26.8386993422929
5,"O19","SDEDQGLESSFTCSMP",2385,0.0658483835569506,0.0565881100101817,0.0562171108563455,0.111348006337119,-26.8660769491621
3,"Q2","MDSSDSMVSPL",1309,0.0875316739712025,0.0796826278902993,0.0477679494086703,0.0449945439529471,-26.8971062005892
5,"N19","SGDCTCSQTCNNHQCC",2355,0.120298236659212,0.106005445285185,0.105048688034378,0.151647881048879,-26.910872471578
3,"R11","ESSESCITP",1348,0.114364841851351,0.12422084110889,0.0772083727854134,0.0745482986720609,-26.9149341615147
