"TS","spot","seq","unique_seq_idx","sfp_1","sfp_2","AcpS_1","AcpS_2","measure"
4,"H29","RDDLCSLDTAA",1615,0.0996206891824481,0.105084586462248,0.0243448309404895,0.0988961880037959,-38.6834295623
4,"H30","PFSDDEGHESRLTSH",1616,0.0894762905126383,0.0794680362449336,0.0622914944066352,0.114557503066106,-38.6834295623
4,"I29","YNRWGADSRILCCST",1645,0.145688549103905,0.163011113662772,0.0553196557705752,0.169954577857444,-38.6834295623
4,"J28","YQHYCICSFLLCT",1674,0.145708863088237,0.155242031456646,0.0823907478759386,0.190386285896465,-38.6834295623
4,"J29","QRECMESTVTCSSNC",1675,0.0493124611645496,0.050668940594768,0.0288022785660668,0.11232091984537,-38.6834295623
4,"J30","YWSCEPMDSMESVALS",1676,0.0461009435346679,0.059892056820215,0.0111252409259425,0.066099283945137,-38.6834295623
4,"K29","DVGSLSVELIETM",1705,0.0779542103418553,0.0910220402515441,0.0421940806477405,0.120475064301599,-38.6834295623
4,"K30","VMSTSNTVQNH",1706,0.0675527751882177,0.070312701925071,0.0303039943439326,0.112029512651641,-38.6834295623
4,"L29","PPCMTCSNTLWGCPVI",1735,0.0386670527106502,0.0489861317209302,0,0.0465322615915509,-38.6834295623
4,"M29","EDEWQVSLCYTDTK",1765,0.194169898238974,0.193153322190675,0.0420289998292085,0.141038758918213,-38.6834295623
4,"M30","PPVLSCSNTLFQCPAL",1766,0.130666504467917,0.134467270629124,0.0570133462778966,0.170451422477058,-38.6834295623
4,"N28","YGDEIPAESLDFLE",1794,0.3261182386026,0.404654073126295,0.0556513915928343,0.127138919409132,-38.6834295623
4,"P2","LVGMESKPFMA",1828,0.148247993707831,0.163468983784766,0.0712731502829313,0.114678926805329,-38.6834295623
4,"P3","TWCEEMHLMSVYLM",1829,0.0899281005312077,0.0762167767960651,0.0640257533733821,0.0730759897863301,-38.6834295623
4,"P28","LIGIDSIETLKA",1854,0.429411942738166,0.457487927588166,0.0481746377969676,0.123030879970844,-38.6834295623
4,"P30","SWCRAGPAESMAYLLFMA",1856,0.360473589427898,0.372370573905088,0.0542045257376701,0.0965540253013914,-38.6834295623
4,"Q26","CCSCSQHVWQCC",1882,0.0817977805680477,0.0735188414032691,0.0625370103988108,0.0676517033222992,-38.6834295623
4,"Q27","SCLGPCVTSSQHIFG",1883,0.124309460301763,0.116980296328081,0.0858560605407821,0.132021249131345,-38.6834295623
4,"Q28","DTDSLCSRAFSDR",1884,0.243973212195448,0.238045013190304,0.0845131857389279,0.167112929825833,-38.6834295623
4,"Q29","TLAMGIVSMEWLET",1885,0.057669141146759,0.0554536090920588,0.0186865834684376,0.0459127706819767,-38.6834295623
