"TS","spot","seq","unique_seq_idx","sfp_1","sfp_2","AcpS_1","AcpS_2","measure"
3,"G5","IPIDSMESVDAVD",1012,0.0222846115859288,0.0369256334697065,0.0312181858142355,0.0348544658456344,-21.2328537617163
1,"C13","NRYGLDSSSSISLTSDFPDW",43,0.0553590629424445,0.0698700216761406,0.0377786090217075,0.034574759157184,-22.1164696990389
3,"P15","NGMISMDTCIKKG",1292,0.407875799543706,0.904354259138814,0.556384192780131,0.625814773836781,-22.2827522227501
5,"F14","NGTVFGYASLDFCRT",2110,0.441646123585492,0.450928972710573,0.357486592577079,0.231839097387574,-22.4049275886754
3,"M9","YIESKAYKMR",1196,0.37282828851064,0.867964221978477,0.495950209223648,0.604098108971416,-22.4625941263418
5,"G18","EHCWCMISKCYC",2144,0.497089329616964,0.450462065643647,0.616341621646867,0.67042176184321,-22.4643405487269
1,"B23","DSLAFIASKLA",23,0.470358306443568,0.603812286652346,0.33304348262505,0.221937805572478,-22.5339430537331
5,"K1","EHFMKGLASVLNLLS",2247,0.176139129476609,0.183785520568658,0.291895365788455,0.329210101280494,-22.5869537132683
5,"I17","GDCKCCILSKAFCIC",2203,0.423953180181532,0.407816769789701,0.524968906357601,0.541810747191299,-22.6265546459684
5,"D6","RCWNIKSFCYCHSN",2042,0.371789594080538,0.337604634612593,0.470398122681052,0.506492319220896,-22.6605636475629
5,"I1","CENRISWCWCRSNC",2187,0.150279926397507,0.170436054267986,0.255981448656022,0.348694558239319,-22.6852625317738
5,"H1","EPRCWNACSFCECRS",2157,0.0760103638619515,0.0881243688956493,0.186867256843824,0.221745216198994,-22.6994542411603
4,"M23","AQVCDMCSKTLFG",1759,0.343304368390231,0.34817313269429,0.430273822188973,0.460230031917506,-22.7773500840729
5,"G17","HFCYNICSRCYCKT",2143,0.664199661479202,0.558409500147444,0.742934111154815,0.800881660107044,-22.793794584553
1,"J13","NNASFVEDLMADSLDTFELV",253,0.0943052961746312,0.113714418131309,0.191873773953803,0.239130211145328,-22.8034692344482
1,"I29","NNASWVEDNGADSLDTQELW",239,0.018576664689039,0.0231461396389614,0.119690326350569,0.173060093696057,-22.9039874306804
3,"N27","NTAESNSSKVKGSM",1244,0.443891228070272,0.829649703413394,0.50998789887234,0.610791084432215,-22.9788195191029
1,"B25","ASLEFIASKLA",25,0.24994721394013,0.284187376641583,0.201119468161682,0.125584245045138,-22.984733413274
5,"I2","YQKKKCQMMSVACCLTG",2188,0.195821140436301,0.232100604947679,0.268519417198232,0.353611639593255,-22.9894059343046
4,"Q13","TFIEENPNYSAMYARSMI",1869,0.48017027815745,0.382094437332469,0.446869053210502,0.380712422296658,-22.9922683236247
