"TS","spot","seq","unique_seq_idx","sfp_1","sfp_2","AcpS_1","AcpS_2"
4,"K25","TYDDVMPLDSLDTLE",1701,0.150880533428789,0.184251929707033,0.126760162802441,0.0882106788930671
4,"P8","DNGMMSHDVMKEQIT",1834,0.0595556409864929,0.0598923189762744,0.126271956765006,0.074894216144783
5,"B4","HRFCDSAAFLAT",1980,0.208529059241838,0.189797254741324,0.126237488047222,0.171245698796556
1,"B5","GDSLSWLLRLLN",5,0.308215517740193,0.461666999379086,0.125919627098507,0.127150633851775
3,"A8","GDSLSWLLRLLN",5,0.308215517740193,0.461666999379086,0.125919627098507,0.127150633851775
4,"A9","GDSLSWLLRLLN",5,0.308215517740193,0.461666999379086,0.125919627098507,0.127150633851775
4,"L25","MVPMDSHPWLEAMFC",1731,0.0893455118996355,0.0898710586369067,0.125871999928931,0.0845984082297439
4,"I25","DCIESEILCTSSTC",1641,0.0935457804258498,0.0954123969070231,0.125721352302368,0.123110345768764
3,"F11","PADSICSLSCL",988,0.201100401850819,0.204020200594555,0.12568251667256,0.129938774229519
3,"A4","GDSLDMLEWSLM",841,0.183946387381759,0.2492020630177,0.125591715070432,0.20225293253475
