"TS","spot","seq","unique_seq_idx","sfp_1","sfp_2","AcpS_1","AcpS_2"
5,"J27","RFPVLSRMYMRT",2243,0.778103775480795,0.574500962356634,1,1
5,"I24","RQNFKVSVVNCRFQCY",2210,0.491306051328021,0.444039368716699,0.789503983124173,0.739579442329484
5,"G17","HFCYNICSRCYCKT",2143,0.664199661479202,0.558409500147444,0.742934111154815,0.800881660107044
4,"P13","CIQAMCTCSKRAY",1839,0.951441005650253,0.897367036564564,0.734775918149334,0.870037205679298
4,"M18","TCLPPCCTCSRTIFQK",1754,0.809227556929574,0.804863581549715,0.729869296692725,0.855019319069997
4,"T5","NGLCLCSKRIYQKG",1951,1,0.991285493474332,0.728937606650266,0.711154071749315
4,"Q11","CAPGCESCSHKIFNKGMI",1867,0.876604522215822,0.831734053327664,0.718270889836092,0.833611819934541
5,"D16","NPCLDYFLSMCFCKYNC",2052,0.614928895371334,0.538460476810023,0.685217791717719,0.601095354336029
4,"N21","NGAETCSRKMYQ",1787,0.703905331196764,0.765832010588451,0.685092395393732,0.800384113447093
5,"B12","CEFAESHCYLKTRV",1988,0.683851143180994,0.581045209096155,0.683335996938921,0.623791424147762
