"TS","spot","seq","unique_seq_idx","sfp_1","sfp_2","AcpS_1","AcpS_2"
5,"P12","GCCSCSNSNQNC",2408,0.112300089510826,0.089585170604875,0.0471926934987834,0.102920997272113
1,"B10","DALEFIASKLAXX",10,0.0162533726390916,0.0176336285698153,0.0471099898457651,0.045267578118687
3,"O7","TMCWVCSLSS",1254,0.0740207142051455,0.104047927134455,0.047101364296703,0.0636660886248315
3,"F24","GIDSPDTM",1001,0.0761635730469833,0.0539788840280327,0.0470772703243192,0.0406526698833752
3,"J15","GVDSMESLEAAA",1112,0.0946259738657932,0.0819736159197977,0.0470578354073687,0.0450877535703319
5,"N29","CCWTRPCSSSQTDNQHN",2365,0.09708384655458,0.108376481793035,0.047050439932775,0.131867566144149
3,"E8","GADSIETVDVIMQ",955,0.0580353478002096,0.0645589804598677,0.046983793402609,0.0393764701851167
1,"G25","NHSFVEDLGADSSDTVELFM",175,0.0329082894692608,0.0447144267782831,0.0469741948618432,0.0487754070805418
3,"F5","NSASFSDMLGEDSGDTVELV",982,0.0701301405474595,0.0652040991144838,0.0468776261013376,0.0518192297672197
1,"D6","PADSSSTLILPAL",66,0.01396771615842,0.0170431507080772,0.0466024628634963,0.0473983808575071
