"TS","spot","seq","unique_seq_idx","sfp_1","sfp_2","AcpS_1","AcpS_2"
5,"S18","EDFCLDSTLELDE",2504,0.0741449398007138,0.0618489887832722,0.0440791453304562,0.0899269597124955
3,"L28","CCGVESEDVQVTSMT",1185,0.0877911107334977,0.0560713870803404,0.0440375102811311,0.0392682113645593
5,"O20","YENCADSRTIAEMATE",2386,0.114539583384896,0.111860094590782,0.0439552086138329,0.0972205323014683
5,"L20","FPADSTDTPTM",2296,0.0688780091868916,0.0705691764298375,0.0438541132273194,0.110283591954298
1,"D9","NRYGLDSSTSISLFSDFGDW",69,0.0784363109531374,0.0864809876648791,0.043764420536889,0.0335672088353942
1,"F30","PLDSTDSVDMGVE",150,0.00642310912245837,0.00667045291663852,0.0436963642968379,0.0446128641299863
1,"G15","ASFVEDAGADSSDTVELEDA",165,0.0110587179334358,0.0116556552457125,0.0435918146723028,0.0433537626896052
3,"C21","QDSLDT",908,0.0469407391789564,0.0617949248358396,0.0434809084586949,0.0398057048192064
3,"G16","DSVETMD",1023,0.034557339329932,0.0497313249350082,0.0432769453652799,0.0412284595549292
1,"G22","IESTDSVTLSRD",172,0.00887104008562749,0.0142296382372201,0.0432546150526207,0.0468971138668122
