"TS","spot","seq","unique_seq_idx","sfp_1","sfp_2","AcpS_1","AcpS_2"
1,"B3","DSLEFIASKLAGSGSGSGSG",3,0.365336944219572,0.497910550362945,0.236796588642494,0.250740673742347
4,"Q10","CIGGVESTSRKANG",1866,0.282421537308907,0.269154140650684,0.234091181910438,0.200469908828236
4,"N27","MMTCSNTIFPKG",1793,0.363876945045652,0.388736161097756,0.234004696555141,0.356167882420458
5,"H15","WPMVSAAMMVSR",2171,0.280202828422683,0.248912882302218,0.232893923549411,0.287006633805941
5,"R29","FPRGCSTSNSCNQRQC",2485,0.287477835375458,0.278040124137308,0.232149524844386,0.323122358372936
5,"J11","NGTCQWCLSYCWC",2227,0.205316200462125,0.135276487854822,0.230064639261449,0.196784501797474
4,"L22","SDVERHISAVFVETELS",1728,0.0977599340887532,0.0979748267455524,0.228747524918279,0.180643876875458
3,"L8","AESSEFQLKSL",1165,0.419376491068253,0.388847799589486,0.228104810024071,0.23565705750298
3,"O6","CCVMSSDCIVKQV",1253,0.333656148512196,0.384904606783485,0.227965053151723,0.303698084131873
5,"D13","ECVCCCCSILYCA",2049,0.199724018046923,0.189031515075082,0.227723025885138,0.205471000793211
