"TS","spot","seq","unique_seq_idx","sfp_1","sfp_2","AcpS_1","AcpS_2"
5,"K11","KCNLCSMAFCIWPCC",2257,0.17726096449968,0.154648194869336,0.143782475615846,0.173758091561978
5,"G21","MFPLDSAEYLVSNYS",2147,0.261171263463377,0.27375804440138,0.143720762671769,0.168265692777121
4,"J23","EQIESLMSADEHI",1669,0.0828939724797765,0.0765455787514739,0.143591369874542,0.0950001877653741
4,"N14","DGADSHDEVMMAP",1780,0.0504100621387754,0.0477917487142341,0.143540028677878,0.0932443114945204
3,"D22","NWAHFVDDLGADSLDTVIEV",939,0.12520695999925,0.120450815947169,0.143532408173984,0.177217081632884
4,"L10","CAGGCVSSSHSMQNC",1716,0.0811512557256741,0.0752195060175982,0.143254133887144,0.0950732473974315
5,"G1","EEYCCCALSIVWC",2127,0.060863704572768,0.0734984182244887,0.1430915436239,0.145337559031959
4,"G23","WPIDSAEVHS",1579,0.0840896207194185,0.0898931671312507,0.143037806702381,0.0976947140412659
5,"H23","ERHQFNMCSHCGCC",2179,0.161726814044662,0.138135836997683,0.142995556522075,0.181918639921939
4,"E11","YPIDSSAVHCSSCC",1507,0.0864446338394049,0.0957165561928469,0.142852773560653,0.117228165151607
