"TS","spot","seq","unique_seq_idx","sfp_1","sfp_2","AcpS_1","AcpS_2"
3,"R25","CGVDSIEY",1362,0.185773629192881,0.140357885789258,0.0799386828039148,0.0757646765094635
1,"E9","TYFNRFGLDSSASNSLTSDF",99,0.053244700865622,0.0538995027580294,0.0799128174066821,0.0738184465541565
5,"Q21","CCSHGCCCSQTCQQ",2447,0.115577664557049,0.100974895255293,0.0798115967306005,0.125058690920009
1,"J10","MESSETMIKGML",250,0.0414368458744786,0.032877147081415,0.0797072292918407,0.0616021894831494
3,"S17","DSLEFAPSKLW",1384,0.326961881527306,0.254607727143902,0.0795857334711982,0.0733849935624945
5,"S20","PGCCCSNTCQQ",2506,0.112663128469153,0.0915365492898825,0.0795636503218584,0.120293081063677
4,"R26","LYEISAENPDDKV",1912,0.0928108662672581,0.093249667673749,0.0795140856436293,0.104518796648422
5,"C27","TCDFKISAIWCHDN",2033,0.114089104023754,0.0859804306714987,0.0794883396104422,0.0949733432162153
4,"D24","VLPAESLDSKDM",1490,0.0559898615604903,0.0518987729263873,0.0794529389801473,0.0849666894138301
4,"S23","CIPGCVSSSQTIN",1939,0.0876487070985603,0.08808359123846,0.0793178056124956,0.0927198372282444
