"TS","spot","seq","unique_seq_idx","sfp_1","sfp_2","AcpS_1","AcpS_2"
3,"L18","ACSKTWNVMCM",1175,0.430812588216761,0.369808606948629,0.198790373422506,0.213051330708399
5,"B8","WCVKSHAFCLS",1984,0.253785055128762,0.240620564487691,0.198492301936599,0.233200255347462
4,"R15","MPGCCSCSNKAWGC",1901,0.239273460369515,0.240234103671775,0.197727807361003,0.171555287988727
1,"E19","NSASFVEDLGADSLDTAELV",109,0.207454574707448,0.200850454774336,0.197614553122807,0.246631964688767
1,"D1","NEASFSDRLGADSLDTVELV",61,0.260333684914652,0.282550931342743,0.197523992006449,0.23812394549608
5,"G27","WGRVSLEPCKT",2153,0.27725136921344,0.251477776571254,0.197271324595248,0.223189652056943
3,"I27","NNASFHEDLGADSLDTVCLV",1094,0.311194376002768,0.218582303269902,0.197226454234078,0.23268910921433
5,"J9","NKFCSNVCSYCNCCSERC",2225,0.207347720967049,0.169362303874504,0.197217152452378,0.250170148316079
5,"K18","FTHCCSCSQSPNQK",2264,0.318770439927496,0.289556772635729,0.19629595844678,0.24637244761456
1,"H1","NNASFCEDLPADSLDTVELV",181,0.129321577007033,0.138280037769318,0.196092308348427,0.294552310039025
