"TS","spot","seq","unique_seq_idx","sfp_1","sfp_2","AcpS_1","AcpS_2","measure"
5,"P21","EPEVEAESMESA",2417,0.0504371277655733,0.0416223270761494,0.0297883783604303,0.0902493294557925,-38.6834295623
5,"P22","RTKWRHTVDSSETGS",2418,0.147734477517145,0.143884877449733,0.0661926178475196,0.129292293566161,-38.6834295623
5,"P24","GSWECKVESADSMAVGCT",2420,0.0636344075342947,0.0533685797287225,0.0392527649807138,0.0841469879184196,-38.6834295623
5,"P25","CCSGPCTSSNTCQQCNCC",2421,0.136068067224978,0.116334884821905,0.0769961534616291,0.115940175329258,-38.6834295623
5,"P26","QPMESTFSCELG",2422,0.0682224941776469,0.0648367713346495,0.0460804253206482,0.0994843769663333,-38.6834295623
5,"P27","PCSCSNSCQNCCCC",2423,0.14366651150437,0.139054434761554,0.0793090631430205,0.13568406508132,-38.6834295623
5,"P28","NCADSSETGCDPS",2424,0.050663591496579,0.0465688247766314,0.0105844875016085,0.0767974491537008,-38.6834295623
5,"P29","EEPIESTMSVMVT",2425,0.0669457375713281,0.0639126183880876,0.0208718431104686,0.105800984107634,-38.6834295623
5,"P30","THAEIESTCSL",2426,0.0489956859737157,0.0612072444176362,0.0125511284565756,0.0964348917537311,-38.6834295623
5,"Q1","CCSGGCTCSNTCQQCQ",2427,0.0821946698744759,0.117916602328288,0.0542192607144447,0.111618066704311,-38.6834295623
5,"Q2","TKPCTTSQTDQ",2428,0.0568558466366321,0.0889038153713562,0.0290053512930893,0.0885731439206349,-38.6834295623
5,"Q4","QQYECGVESTSSIILSHM",2430,0.120590251891142,0.127782244492742,0.0492632515594255,0.0904861072325069,-38.6834295623
5,"Q5","CCCSRCCCCSNTDNQH",2431,0.140810528229031,0.129637313216967,0.05071721533293,0.0952120922364858,-38.6834295623
5,"Q6","CWSRECTCSQSCQQ",2432,0.139510615468607,0.11354065811961,0.0547670391092708,0.0948664389642286,-38.6834295623
5,"Q7","NYDDEEPLDSSDALLVG",2433,0.0922322002517551,0.0609283380171024,0.0402955361619122,0.0975481015567539,-38.6834295623
5,"Q8","WWDDNPLESTDTVEI",2434,0.0875952667957631,0.0545012331734535,0.036782179578586,0.0936644660636852,-38.6834295623
5,"Q12","TGGCSCSNTCQQCQCC",2438,0.137148140527337,0.10832346602779,0.0868212093061271,0.133882948414699,-38.6834295623
5,"Q13","NCLDSSDTPTDPE",2439,0.0620528767703384,0.051593155417206,0.0202662924483254,0.0754730877401935,-38.6834295623
5,"Q14","ECCCSQTPNNCCC",2440,0.121243491606637,0.0987439459631261,0.0917654694063614,0.134582368483415,-38.6834295623
5,"Q15","CSKVFIDSSDML",2441,0.109631169943089,0.111879749068672,0.0806719778232334,0.136597922166448,-38.6834295623
