"TS","spot","seq","unique_seq_idx","sfp_1","sfp_2","AcpS_1","AcpS_2"
4,"I15","HDGADSSDACASE",1631,0.0371825760145918,0.0376156952128125,0.111370055895151,0.0584081194531009
3,"A23","NGAESSSAKVVGCM",856,0.121445167686666,0.094830937267267,0.111356009958958,0.118103913830609
4,"B8","EIPDESVETSTYHPH",1414,0.0561439777710997,0.0491140056210228,0.11114993549305,0.0631643552922743
5,"I4","KKRCCVVSHVFCITDCC",2190,0.153500849509496,0.16770616503479,0.110918155792466,0.175288833605189
5,"D28","RRDPHDSKDVSKSTAC",2064,0.214074007710855,0.18983281998703,0.110894025228602,0.160503621302972
4,"G8","YFQCDPCDSEATNTTTG",1564,0.0296002932963588,0.0260176781166713,0.11084082621221,0.0606068769540271
5,"I13","SSMVEGAASHIFAEFTAC",2199,0.136443260284092,0.118874750577621,0.110572154642859,0.15957719396908
3,"Q11","MESKDSVMRP",1318,0.17632325401558,0.160423534860403,0.109987046356774,0.107045305988549
3,"G13","NEASFVDHLGAFSLDCVHLC",1020,0.127544314931414,0.127369632808309,0.109832232600517,0.11198841532462
5,"K17","SRCCSCSQSEN",2263,0.128700838872397,0.115307387362567,0.109779056957131,0.157332490364833
