"TS","spot","seq","unique_seq_idx","sfp_1","sfp_2","AcpS_1","AcpS_2"
1,"E5","SASFVEDVAADSLDTVELGM",95,0.04781119696054,0.0508651628886511,0.0929723130843374,0.114751498734756
1,"F15","FFNRYGLDSSESISLTSDFI",135,0.109456745601334,0.123274011876779,0.0929441306292779,0.0892755653979296
5,"N5","CCCPKGCTSSNTDQQK",2341,0.211681723541352,0.174503866984582,0.0929291853088652,0.126101393054966
3,"L23","DGVESTLS",1180,0.127628502571301,0.0937772655186541,0.0929262590930466,0.117905827117177
4,"A24","DGVESTLS",1180,0.127628502571301,0.0937772655186541,0.0929262590930466,0.117905827117177
4,"I2","VDRCISIWYTHTQ",1618,0.153515098677087,0.146384360778024,0.0928749540379148,0.0753311557782726
3,"Q1","CADSRSFCDTGC",1308,0.149459632463978,0.151774643612044,0.0928414265490455,0.0874716953761002
5,"P7","YCDQCPLDSFECVDLI",2403,0.31062480190203,0.267328856364222,0.0927901183394961,0.129978429167434
1,"B29","STSTYFNRYGLDSSESISLT",29,0.112759193216183,0.141597025069601,0.0927557993656459,0.0751471650113073
4,"K3","WLAMLYQESKEKWD",1679,0.0804526542818488,0.0767649742447535,0.0927035006142557,0.0296567580390431
