"TS","spot","seq","unique_seq_idx","sfp_1","sfp_2","AcpS_1","AcpS_2"
3,"H1","DFGAESIDGDEFCF",1038,0.0740235660539773,0.0954651085420723,0.068103498751062,0.0860409303057329
3,"S20","IEPLDSTDYAVSGLM",1387,0.111218682220151,0.126196466924415,0.0680928199001957,0.0644439773351402
5,"P1","CCYPHCCSCSNSQNQ",2397,0.0649249599090418,0.106054415428253,0.0680336193243004,0.125559101095797
4,"L19","TLAEKHMSICWTES",1725,0.0320202113576132,0.0379017657305367,0.0680151559116739,0
3,"Q5","CGMDSTTSRMTQG",1312,0.0227927906774002,0.0355767997638816,0.0678270762526694,0.0747380924733403
4,"S24","CVPPICACSHHVY",1940,0.117226572816842,0.101903322681244,0.0678028305712022,0.0830187259711413
3,"S12","PVLSHETQIA",1379,0.0788072369140274,0.0793727757765854,0.0675914315823077,0.0636494203114648
3,"A7","GDALDMLEWALM",844,0.0474717296621306,0.0546821150254825,0.0674876741632575,0.0690542116220865
4,"A5","GDALDMLEWALM",844,0.0474717296621306,0.0546821150254825,0.0674876741632575,0.0690542116220865
3,"G18","LGLESIESMELMEM",1025,0.0580019607985291,0.0487642416555349,0.0673956920914988,0.0503230185584803
