"TS","spot","seq","unique_seq_idx","sfp_1","sfp_2","AcpS_1","AcpS_2","measure"
3,"C17","MPVESAESV",904,0.0459628605848937,0.0669870656094802,0.0296848832757978,0.0223548499308205,-16.3476074055893
3,"H17","APLESIETVDMVM",1054,0.0552995081048531,0.054937180275374,0.0522736257790127,0.054934892035368,-16.3548551428906
1,"D10","IGLESTDTISAGWE",70,0.0043362693697599,0.00370745606281028,0,0.00275635669999282,-16.5513224601308
3,"G21","GVDSMDPACV",1028,0.0917844528008712,0.0746115636809521,0.0777459242478555,0.0786276723710053,-16.73084400715
3,"D21","PAESVES",938,0.0572250764360594,0.064638160843333,0.040385432028785,0.031214859518674,-16.752999615279
1,"C10","VSMESSETLMLPIE",40,0.00511774358140384,0.00641584538060995,0.0177032134863856,0.0210328015899171,-16.7738216899683
3,"D24","VGLDSADTIEIIGP",941,0.0733457630680625,0.0702420784487043,0.05672820044611,0.0507583205949816,-16.7802964721661
1,"F15","FFNRYGLDSSESISLTSDFI",135,0.109456745601334,0.123274011876779,0.0929441306292779,0.0892755653979296,-16.9512419207619
3,"A18","NNASFVEDLGADALDTVTLV",852,0.0651665180261252,0.0738232795138656,0.0489090334328818,0.046719867775785,-16.9643373070466
3,"L12","CPLESHDT",1169,0.0940924133197192,0.0833600736582319,0.076888288281817,0.0627738225617582,-17.0954648158286
3,"I20","AESIESV",1087,0.0680958149240191,0.0498650480289721,0.0721944600252286,0.0755760586934829,-17.2872461482956
3,"P14","MCSHEVCI",1291,0.102928561369704,0.0993197028196707,0.0862507267330451,0.0845982519929901,-17.4409590357894
4,"H23","CDGCMDQRISACWWYTNAT",1609,0.170229398016504,0.130588933886134,0.15265708344704,0.0752392199628322,-17.4976096793835
3,"B21","ESMETMEIVMG",878,0.0672526250762109,0.0667024094608297,0.0501956426837873,0.0454176259682992,-17.5165078910991
3,"C14","DSVDYMECA",901,0.081331062019091,0.104657436462724,0.0799470691036949,0.0833511110618994,-17.6694228402368
3,"D4","DRTPMESIESG",921,0.0661469429137876,0.0664461776619763,0.0488894062374531,0.046160269206172,-18.2708407810032
3,"R20","CCVESSES",1357,0.078506713158206,0.0837175747887276,0.0613818572914066,0.0618537418898767,-18.6307033789397
3,"E28","NEASFCDDDGADSLDTVEDC",975,0.15364692062226,0.126127214430844,0.136129509275409,0.13533054752201,-18.8793315103505
3,"E20","LDSIESADHVAG",967,0.058941543136851,0.0612166555914208,0.041427596171288,0.0312721589762801,-19.0042002733259
1,"G23","NSASFVEDLGADSRITVELP",173,0.0170882935641987,0.0267365688197571,0.0537857765893895,0.057423924587682,-21.1262129462262
