"TS","spot","seq","unique_seq_idx","sfp_1","sfp_2","AcpS_1","AcpS_2"
5,"K9","HWQICSVFYYRS",2255,0.498991676799548,0.363507515572579,0.447666936919252,0.562394272423288
4,"Q13","TFIEENPNYSAMYARSMI",1869,0.48017027815745,0.382094437332469,0.446869053210502,0.380712422296658
4,"S10","CAPGCCTCSQKLYNCC",1926,0.481969328055964,0.45812091795785,0.446643318846742,0.478162968504683
5,"H10","QYNICSRCYCCTQ",2166,0.362994460493847,0.307452461571039,0.443531877764099,0.429622019761859
5,"K15","CWQMCSRCYC",2261,0.400971244454739,0.33575638910189,0.443458634691724,0.461878249427161
5,"F28","DPFMYCLCSVCYCACQCS",2124,0.264075431124062,0.184363138803667,0.438098341291311,0.296001989527554
3,"P11","DSLETKASKLA",1288,0.705029138563988,0.70420159063436,0.437464687021344,0.447368702350246
4,"P20","DFRLSAMVRKTK",1846,0.734735559920192,0.867777045211593,0.433933935530188,0.516837358585667
5,"F18","DYKMSWMFCKTNC",2114,0.421665876337543,0.393413237764647,0.433712051830116,0.469747653684504
4,"M23","AQVCDMCSKTLFG",1759,0.343304368390231,0.34817313269429,0.430273822188973,0.460230031917506
