"TS","spot","seq","unique_seq_idx","sfp_1","sfp_2","AcpS_1","AcpS_2"
3,"I5","QYPAESMDS",1072,0.0243113390692674,0.0688262496912655,0.0182817933354196,0.0283536020701826
5,"R6","SREECGIESSDTCT",2462,0.0950511452010008,0.0825934901290566,0.0182755695798241,0.0665710946843989
3,"N1","VESTEAVITTV",1218,0.108423320365606,0.0696938356096645,0.0181684081958896,0.0408170180897094
3,"J3","EWCNESLETL",1100,0.0263562776444317,0.0581282808063013,0.0180651694437477,0.0253525046307163
5,"L12","VDLDSSDSDDV",2288,0.0603066320196568,0.0514782778621042,0.0180130037468052,0.0799317835454586
3,"I7","EDMGAESMDTVE",1074,0.00864034825733573,0.0370852564622473,0.0179059776544492,0.0193853847915674
1,"C10","VSMESSETLMLPIE",40,0.00511774358140384,0.00641584538060995,0.0177032134863856,0.0210328015899171
4,"F1","AVKMESLEYLDTM",1527,0.289071020654126,0.339191753484075,0.0176379295693737,0.0859646086786097
5,"R28","QPVDSWESGSEPSM",2484,0.0557053256316102,0.0499152789060928,0.0175739101900306,0.0818979704333465
1,"J18","WLESSESIAPPMM",258,0.00223593127322062,0.00465996600123282,0.0174833193671866,0.0216952847887495
