"TS","spot","seq","unique_seq_idx","sfp_1","sfp_2","AcpS_1","AcpS_2"
5,"N14","DRMKLESTTSVI",2350,0.0963965638364074,0.093115066527976,0.0697081393705474,0.134689501285379
3,"J6","NSASFVPDLGADSLDTQELN",1103,0.0282909515215508,0.0707114079135424,0.0697078851638255,0.0999521205742976
3,"B30","ESADTCDRVC",887,0.171604136790872,0.100181050430727,0.0696923697696999,0.0773301515479803
5,"D10","GRTADKIVSIEYIDTQMC",2046,0.112499278518028,0.11690661577091,0.0694225376060972,0.116433786143215
4,"I1","TWYQKDPLDSHVMHTT",1617,0.0609080474289262,0.0704907932747671,0.0694049338459074,0.0948483225127941
3,"S28","VDSSDTCMSGCA",1395,0.162467790910646,0.118139486666492,0.0694012157817467,0.0722120760513546
5,"S4","IGIDSSVLIELG",2490,0.13534167249527,0.156391133438595,0.0691709667477424,0.114798539622781
5,"T23","GECTCSQSCQN",2539,0.0907769338902825,0.0841959791881095,0.0691640827259948,0.109471353902927
1,"D19","STSTWFNRYGLESSASISLT",79,0.0758632785166772,0.0813633629643392,0.0691532640588309,0.0687110779284379
4,"C27","EEMGADSIHTADM",1463,0.0639346549615454,0.0638318254664612,0.0689944318656332,0.153785366316854
