"TS","spot","seq","unique_seq_idx","sfp_1","sfp_2","AcpS_1","AcpS_2"
4,"B2","ACENYAESMEQLRPIVW",1408,0.0396754717710034,0.0325130896723531,0.0925471631616869,0.0409530534980969
5,"R20","PCTTSQTCQNH",2476,0.111198213710137,0.0997648315474137,0.0923787554710337,0.146820334148638
4,"C26","SDNKHSFFHT",1462,0.170761495241933,0.171603074610951,0.0922580251701289,0.20256352696576
4,"K11","LDDGKASAEWTSSNA",1687,0,0.00217030263054611,0.0920901563368539,0.0316561908677697
1,"B4","DALEFIASKLAGSGSGSGSG",4,0.0744416842454794,0.0568345919806358,0.0920644794474984,0.0804442165573514
5,"F26","CNMASHVPC",2122,0.105873680722918,0.0938876294077399,0.0920596822792874,0.13269597410643
4,"F30","HYCMESKMMCSSS",1556,0.107299580748132,0.115093122241704,0.0919687923481376,0.126969009307671
1,"B26","VDMESTTTITIPCD",26,0.0105208236491998,0.0199328999497222,0.0918494785047246,0.0926161218382372
5,"Q14","ECCCSQTPNNCCC",2440,0.121243491606637,0.0987439459631261,0.0917654694063614,0.134582368483415
3,"O10","TACPAESSDFAMHGCL",1257,0.118870824116583,0.117137813550588,0.0917621970322061,0.0962387169090164
