"TS","spot","seq","unique_seq_idx","sfp_1","sfp_2","AcpS_1","AcpS_2"
3,"Q3","ESSEYLVSG",1310,0.0613205961730051,0.067576233686571,0.0548737632677719,0.05207688985053
3,"J24","DEHPNESADQ",1121,0.0986169122320084,0.0504111062467636,0.0548391975136521,0.0486161696351203
5,"Q6","CWSRECTCSQSCQQ",2432,0.139510615468607,0.11354065811961,0.0547670391092708,0.0948664389642286
3,"L29","NEASFVDPLGADSRDTRELT",1186,0.137921540979037,0.107926236689382,0.0546383996198014,0.0547990912982456
3,"E14","DAGAESLESAEAVLL",961,0.10550321049502,0.0925731312071729,0.054533637430486,0.049560502873383
5,"H19","IQFQDSIDICIDSV",2175,0.262955842593554,0.287057453675414,0.0545329093943545,0.106646704730713
4,"B27","WYSCDGADSMESLATT",1433,0.0993958850032392,0.102319859531204,0.0545082676159777,0.0803184537067845
3,"J16","DLPLESLDS",1113,0.0747768615525386,0.0783665392296291,0.0545042188233212,0.0538392486886499
3,"A5","GDALDMLEWSLM",842,0.0216147734063941,0.0390469007017832,0.0544289196131272,0.0509058130120319
4,"C5","ASMEGKESIVTAES",1441,0.0524001280720388,0.042691269550701,0.054265312045505,0.0713470585337252
