"TS","spot","seq","unique_seq_idx","sfp_1","sfp_2","AcpS_1","AcpS_2"
4,"I17","DPAESSLSI",1633,0.117598682737925,0.124958753840326,0.158314268818237,0.124615599138484
4,"H13","YNRECIESKLVCSTT",1599,0.107199742799126,0.107058942002607,0.158291680208992,0.107523459595337
4,"T14","EAPMESRENLDLMC",1960,0.0846711525541181,0.0873334462386687,0.158261770690285,0.130702752612246
1,"F21","NNASFVEDLGADSLDTVELW",141,0.235513699791913,0.396203899779902,0.157948186518257,0.252273145342897
4,"G30","NHFCICSKLICTST",1586,0.268692835912353,0.305068501294793,0.157839111448444,0.266553030652627
4,"F19","REPAESFMSILT",1545,0.210917016992384,0.216873785015592,0.157748358723642,0.0956450343772387
4,"J21","FPNCMLSNISMDKKETQI",1667,0.0863338463005783,0.0877717711700111,0.157702403895597,0.111008438275899
4,"P24","IISCSNSAYGCC",1850,0.147023342265126,0.145046403636122,0.157399212033803,0.140716641249965
4,"P16","CMGVADLTSRTMQPCGAM",1842,0.0970211450082948,0.0808257133481944,0.157378994185394,0.122547654566442
4,"F20","REGMDSEAARS",1546,0.121095183257825,0.112926839337402,0.157351265766656,0.116386292262929
