"TS","spot","seq","unique_seq_idx","sfp_1","sfp_2","AcpS_1","AcpS_2"
5,"M15","RMDLESTETVG",2321,0.0740122527335965,0.0614338596419712,0.0483132079079166,0.109321082292705
3,"K16","TREPVDSSDF",1143,0.0959398817336327,0.0999848471690627,0.0483123637337189,0.0520934729475707
1,"C21","NRYGTDSSSSISLTSDFGDW",51,0.0797920955417469,0.105213727208407,0.048243563266769,0.0397738085407808
1,"H24","NFAESSDSITVSRE",204,0.0166201827740555,0.0228539163194282,0.048196480450861,0.0498231696920415
4,"P28","LIGIDSIETLKA",1854,0.429411942738166,0.457487927588166,0.0481746377969676,0.123030879970844
3,"F18","LPIDSIDSAEQ",995,0.0442377772265604,0.0432913527779213,0.0480998664340022,0.0404747211514105
3,"B3","PLESLDTLD",860,0.0491003628178551,0.0773402769878969,0.0480711725687937,0.0430856641638933
3,"D13","EDKCCDSAESALN",930,0.0632369774769033,0.0723127838356682,0.0477982998269218,0.038022110072646
3,"Q2","MDSSDSMVSPL",1309,0.0875316739712025,0.0796826278902993,0.0477679494086703,0.0449945439529471
3,"O17","EGMESREWM",1264,0.0261927852249765,0.0109474040843786,0.0477585869258471,0.040618583352973
