"TS","spot","seq","unique_seq_idx","sfp_1","sfp_2","AcpS_1","AcpS_2"
3,"M4","NSASFVEDLCADSLDTVQEP",1191,0.0976002077531362,0.1161650259823,0.0587198800859274,0.0858439101600082
5,"P10","GCTCSQTCQQCNC",2406,0.12734931438541,0.0907548384734049,0.0586621791601931,0.110630559388926
3,"L25","PVDSSDSQISGLM",1182,0.120948395990522,0.0658665976448084,0.0586458528718199,0.050216719713421
3,"E16","NWCSEEEDLGADSLDTVEEV",963,0.0330727890502091,0.0376692057219116,0.0585210789301195,0.0523985473946704
5,"T11","STNDDGIDSYASVEAPC",2527,0.0891626849782374,0.0679060399625629,0.0585011222414959,0.108810701624148
3,"J19","IESMDTVEIIE",1116,0.0841020405661246,0.0706071043857219,0.0584937753862149,0.0565630010734988
3,"O20","TDEDADSLETDI",1267,0.055774911305108,0.020140848589224,0.0584835254642615,0.0464467324076721
3,"J29","MESADTVELILI",1126,0.137167776962453,0.0808894854885557,0.0583516815908242,0.0636416656257983
3,"B15","LESLESMEAMCP",872,0.0815490451215817,0.109808870460439,0.0582676263145459,0.0604215622284978
4,"H26","RCMESHVSICFWH",1612,0.0872600700486065,0.0760254028726919,0.0581232037387025,0.0846123453081485
