"TS","spot","seq","unique_seq_idx","sfp_1","sfp_2","AcpS_1","AcpS_2"
1,"F12","TESTTSAMVSME",132,0.00666933825753592,0.0101619753361656,0.0217408497632452,0.0211318437253742
1,"G26","NIESTSSMDMPSL",176,0.00493187853537144,0.00956697405742367,0.0216727001419646,0.0274035131145663
1,"B28","LDMESSSTMVVTWV",28,0.0146619557460833,0.0140678004288645,0.0213163947227292,0.0144734063346968
1,"D2","INMESTSSVSISHD",62,0.00837200084721355,0.0061974251806112,0.0211156064030835,0.0220458780427979
3,"M1","REASIVDDLGADSTDTQELT",1188,0.045514916614819,0.0271668332593764,0.0209106098987352,0.0336203630124227
5,"P29","EEPIESTMSVMVT",2425,0.0669457375713281,0.0639126183880876,0.0208718431104686,0.105800984107634
3,"E1","VESLDTMEM",948,0.059804145927064,0.070175229038507,0.0207269839520529,0.0366619552500069
1,"J12","PAESTSSMSDGVM",252,0.0044568924205617,0.0074592204500723,0.0206472621847081,0.0192443538875781
5,"Q13","NCLDSSDTPTDPE",2439,0.0620528767703384,0.051593155417206,0.0202662924483254,0.0754730877401935
4,"E27","CDRVLEHQVSYNWTKTEM",1523,0.0660080317149438,0.0620807977602733,0.0202571840731541,0.0609053504910169
