"TS","spot","seq","unique_seq_idx","sfp_1","sfp_2","AcpS_1","AcpS_2","measure"
3,"E7","APAESVESADAL",954,0.0329582262085674,0.0407150774869674,0.0432484585692018,0.0329334342084922,-13.0484181649059
1,"C30","PVDSSTTMLQPAE",60,0.00125109883474121,0.00477143780973406,0.0278224517436357,0.0226850128279802,-13.0520856797752
4,"N3","SCAGIMATCSQSIWNCP",1769,0.0799214670759484,0.0762876463174603,0.0823635884398014,0.0669032577609608,-13.0651822407225
1,"D23","SASFVFDLGADSSDTVELPM",83,0.0190066142734639,0.023225074588313,0.0599720215755445,0.0571740863658125,-13.0799070107718
5,"E25","NECCCCVKSLCWC",2091,0.265545184482444,0.234971728662548,0.260840157150297,0.25762522003292,-13.0881252903684
1,"E24","MGICSSSSWIYGME",114,0.053229835867031,0.0500433823469095,0.0821220305339155,0.0778989947699636,-13.1108699824745
3,"A5","GDALDMLEWSLM",842,0.0216147734063941,0.0390469007017832,0.0544289196131272,0.0509058130120319,-13.1230852301729
3,"I9","DDAPIESLETADAV",1076,0.0376055583241104,0.0560062125464335,0.0556093024001526,0.0491923342585088,-13.1317064599599
1,"B6","GDALSWLLRLLN",6,0.111150903895047,0.106568726879264,0.105693782870333,0.100368154455496,-13.1377517192184
3,"A9","GDALSWLLRLLN",6,0.111150903895047,0.106568726879264,0.105693782870333,0.100368154455496,-13.1377517192184
4,"A10","GDALSWLLRLLN",6,0.111150903895047,0.106568726879264,0.105693782870333,0.100368154455496,-13.1377517192184
3,"E11","GMDSAETADAA",958,0.0345901559618461,0.0447929886032785,0.0454217674176585,0.0366339190787511,-13.1450807646274
1,"C4","MDSSTSYLMGSE",34,0.0126760381903255,0.0120884748305956,0.0432053844684345,0.0395244393263471,-13.1476826340111
1,"E26","FVDSSSTLSIGTM",116,0.0222084340477799,0.0272877908286676,0.0668921869967397,0.0648968647612626,-13.1514826671628
3,"K11","ADIDSSEVMM",1138,0.0477839697674622,0.0539103597415451,0.0600195051107419,0.0520723563419865,-13.1669017090501
3,"E10","SPANQSEDLGADSLDTLETV",957,0.0689598028979505,0.0664832919496276,0.071753121755148,0.0591884479046677,-13.2122023123812
5,"I20","GYVWGWISLLYHHDNC",2206,0.224996742561295,0.184326063997448,0.278865226179035,0.281427157479648,-13.2141884619637
3,"O20","TDEDADSLETDI",1267,0.055774911305108,0.020140848589224,0.0584835254642615,0.0464467324076721,-13.249484639687
3,"M17","ESTDW",1204,0.0249373198878394,0.016567706349112,0.0287174415080542,0.0175820198573736,-13.2572510215626
3,"H9","MHQESADSLE",1046,0.0374479733058068,0.0564587204276599,0.0516699305200694,0.0454053718606196,-13.2593141687439
