"TS","spot","seq","unique_seq_idx","sfp_1","sfp_2","AcpS_1","AcpS_2"
5,"J14","FQACSYCGCHS",2230,0.211784831789731,0.176911223518395,0.227517526889646,0.270524552195601
4,"N11","MFMLSREYLF",1777,0.253962056236682,0.227531069656747,0.227514463758348,0.182685683312738
1,"B19","DSLEFIASALA",19,0.452559646765653,0.590572007007854,0.227292135047703,0.24745935498034
1,"B1","DSLEFIASKLA",1,0.331320685980502,0.469349712137003,0.226499371713533,0.209399645779549
3,"A1","DSLEFIASKLA",1,0.331320685980502,0.469349712137003,0.226499371713533,0.209399645779549
4,"A1","DSLEFIASKLA",1,0.331320685980502,0.469349712137003,0.226499371713533,0.209399645779549
5,"A2","DSLEFIASKLA",1,0.331320685980502,0.469349712137003,0.226499371713533,0.209399645779549
5,"G22","SRDPHDSVLYMLY",2148,0.237975190913486,0.219108300664577,0.226300392924393,0.195456540721821
3,"N30","DSREYNLSK",1247,0.602676691398997,0.37374840145491,0.226140774113158,0.269698900463826
4,"M14","VMTCSQSLWNKCM",1750,0.316993854403275,0.305741426770861,0.225372509792157,0.20353305860242
