"TS","spot","seq","unique_seq_idx","sfp_1","sfp_2","AcpS_1","AcpS_2","measure"
3,"Q21","DPMDSSETNITG",1328,0.0846915380899988,0.0844420680153645,0.0630113582315536,0.0604653634200646,-26.9332066339135
3,"R28","EGLDSTDSM",1365,0.129062822582583,0.058425850493886,0.0449682268595382,0.0424243854740905,-26.9335547867016
3,"K25","EYLDSTVANMITM",1152,0.13711104554105,0.0666864131785785,0.0681745678347356,0.0656626389700797,-26.9387284670922
5,"D15","YDERHWCMASKIFCVT",2051,0.321586389553325,0.288263109466594,0.300078910835864,0.302302426757946,-26.9429931823724
5,"E10","HCFQMASKAWCMSND",2076,0.13849969381551,0.122730892718969,0.12296969400645,0.131325245616233,-26.9477687230133
3,"H30","DPVPCDSLET",1067,0.12708753022996,0.0683371372673458,0.0408216675238671,0.0383661283807302,-26.9479363609537
3,"S11","VESSETA",1378,0.0805394295240913,0.0943254401839852,0.0602819800241388,0.0578328606771025,-26.9489900473604
3,"H21","DSLDSVDIMIN",1058,0.102741968974712,0.0744182247004796,0.0732776090648928,0.0709194977752379,-26.9640479502225
3,"C3","LGIDSMETVEKMAN",890,0.0975217411695652,0.124953999999812,0.0519326568745532,0.0495851815213941,-26.9658226282697
5,"O4","KEDVVDMDSRLSL",2370,0.0735583172300506,0.0640991094939652,0.0631543317402782,0.106253398788142,-26.9682497920405
1,"H15","NEASFVDDLGADSIDTVELV",195,0.0628900665072768,0.046479855593557,0.052463423674852,0.0580029244629481,-26.971409068541
5,"L4","YKPCVESSCSIAAG",2280,0.0713447732251951,0.0755632252865049,0.060864312039327,0.122039317166946,-26.9789536043621
3,"K18","IDYVDSVEVHISPV",1145,0.110254309167341,0.105942139398128,0.0549033741534149,0.0526649506730288,-26.9842027111018
3,"J15","GVDSMESLEAAA",1112,0.0946259738657932,0.0819736159197977,0.0470578354073687,0.0450877535703319,-27.0309229859828
3,"S16","PMDSTDSCL",1383,0.128186367955187,0.108962038443898,0.0835710007449628,0.0816152204146369,-27.0334753223006
3,"J19","IESMDTVEIIE",1116,0.0841020405661246,0.0706071043857219,0.0584937753862149,0.0565630010734988,-27.0379537658885
3,"F3","EEPPLESAENIY",980,0.0454120667237363,0.0479816617772633,0.0344027463421613,0.0477356463817706,-27.0562868005379
4,"C6","CYGIDSIETC",1442,0.321111252441384,0.334548154075201,0.0828201211124673,0.0810369467750604,-27.0648046915929
3,"C11","EDGNESCDSA",898,0.0910030462209682,0.108708282549126,0.0661503487601457,0.0643683393241777,-27.0650195005838
3,"S23","CCFVDSSEMNA",1390,0.10086887466201,0.090809365105592,0.0744620001186561,0.0727317592938666,-27.0746125764259
