"TS","spot","seq","unique_seq_idx","sfp_1","sfp_2","AcpS_1","AcpS_2"
4,"E1","ADGVDSLAMLCLSC",1497,0.34071125306372,0.435468944974207,0.0532901896645303,0.118884550243464
3,"G22","IDSMDNADLQ",1029,0.050155383922817,0.042918753487243,0.0532893442354369,0.0470929789375675
3,"I4","NSASFVSDRGADSLDTHELV",1071,0.0485333337887055,0.0825465935260819,0.0532257740124132,0.0724326670328525
3,"P27","ECVDSTET",1304,0.0949636327674739,0.0660529943844253,0.053211959543287,0.0548449206383713
5,"B13","PCHPPVESHLICE",1989,0.0730836736732688,0.0723630475708328,0.0531942955541625,0.10377771686286
4,"S27","VLLSSNSMQQCPLA",1943,0.0778496168069217,0.0698962233320132,0.053134971211076,0.0987480637564719
3,"R1","ESTEFNASGMA",1338,0.0939575819810232,0.124747601838988,0.0530675879874622,0.0465204786161973
5,"S5","CSHCCTCSNSDQQCQ",2491,0.104398915958051,0.111907072113973,0.0530052646955012,0.0906983444553847
5,"E12","DNHVWHNDSIDFIMTDC",2078,0.291327257983569,0.337293514190694,0.0528740304293221,0.0954632115242898
5,"L27","WSPDCCCSNSPQNC",2303,0.0964213328569677,0.0876038120480629,0.0528588758514112,0.100040153374176
