"TS","spot","seq","unique_seq_idx","sfp_1","sfp_2","AcpS_1","AcpS_2"
3,"I17","LGLESMDT",1084,0.0614595830628559,0.0713068628451144,0.0563801468192614,0.0625835174625227
3,"L14","GLESTDS",1171,0.0652894327107742,0.0602885799380139,0.056280620520814,0.0454472130766883
5,"O19","SDEDQGLESSFTCSMP",2385,0.0658483835569506,0.0565881100101817,0.0562171108563455,0.111348006337119
4,"O30","TSEDREMSMDMLMN",1826,0.0335024570380514,0.0303606427822983,0.0562160309596215,0.0974087105217959
5,"F12","HCVECMDSIEFTC",2108,0.158911181231887,0.168448898998801,0.0558831506635054,0.0997855201304678
3,"M30","PADSISTHAITA",1217,0.177000201446846,0.134403506388524,0.0558226575576951,0.0709651225961813
5,"K26","HTSEMFLDSVETHSA",2272,0.0855501233295305,0.0872423024962128,0.0558163537599043,0.121175283976918
4,"N28","YGDEIPAESLDFLE",1794,0.3261182386026,0.404654073126295,0.0556513915928343,0.127138919409132
3,"D11","EGEVDSMDTCD",928,0.0732723279606446,0.0798756755879386,0.0556305713579721,0.0539286576578949
5,"T13","NFEDKCAESWETCDDPTS",2529,0.0638467586838184,0.0425032160183852,0.0556237714271258,0.0869672660723129
