"TS","spot","seq","unique_seq_idx","sfp_1","sfp_2","AcpS_1","AcpS_2"
4,"Q18","VDMGPIDSGDYA",1874,0.0345884038912082,0.0287895706466735,0.167482626851889,0.124882139650217
4,"H6","HYPLESFMTA",1592,0.131411869173361,0.128874753670519,0.167412774754618,0.132572937377032
4,"S16","CCTCSQHVFG",1932,0.105771804735759,0.0990915824302105,0.167263853041944,0.131251311128046
4,"F13","NKDCADSKVAC",1539,0.0843411383751331,0.0845795550914131,0.166819041410851,0.115424927265193
1,"J17","NSASFVECLGADSLDTVCLV",257,0.358300669674326,0.521343887302546,0.166758145233098,0.191039126696823
4,"I14","QRDMEPHESMDTADMRMR",1630,0.13683769916181,0.138134047432165,0.166745396096242,0.11946658219845
3,"A12","NSASFVEDLGADSLDTVELV",847,0.335323181920794,0.34450790119618,0.166405880721722,0.179451424246948
4,"A19","NSASFVEDLGADSLDTVELV",847,0.335323181920794,0.34450790119618,0.166405880721722,0.179451424246948
4,"R18","MPPCCTCSQTAYNCCVA",1904,0.116005067058137,0.0975623193848131,0.166273706034762,0.17278954966041
5,"A24","MPPCCTCSQTAYNCCVA",1904,0.116005067058137,0.0975623193848131,0.166273706034762,0.17278954966041
