"TS","spot","seq","unique_seq_idx","sfp_1","sfp_2","AcpS_1","AcpS_2"
3,"B16","APIESVDTI",873,0.0697162761709244,0.0796817783153694,0.0465406802542682,0.0451867919844154
3,"O14","LDGLESSDT",1261,0.058462717717998,0.0524881227617781,0.0464880403231975,0.0338276602470637
5,"R9","NQDDGMDSTELI",2465,0.0766522847110747,0.0482339002145875,0.0464736416158818,0.109506664874454
5,"K13","FEFVDSVEFKET",2259,0.119261653148767,0.115838662089802,0.0464665629928126,0.117586049423647
5,"T29","TTEMGLESVDIMI",2545,0.0916935316569438,0.0846926547883673,0.0464523327711788,0.105343769877599
3,"N6","AMCLESHMSIET",1223,0.0712197505046809,0.0971115362090514,0.0464280790193031,0.0647655837494849
1,"B12","DALEFIASKLAXXXX",12,0.0207611676927352,0.0226235923904722,0.0463035121954126,0.0448278938434709
3,"K22","PVESTETAVTP",1149,0.108161826198082,0.0535951431689882,0.0463019147562987,0.0399362732739121
3,"S3","ESTETV",1370,0.0223120097050625,0.0721443009902872,0.0461836043295962,0.0462089277283211
3,"C23","AESADS",910,0.0472630795783407,0.0563500233837734,0.0461275329672223,0.0421169590563931
