"TS","spot","seq","unique_seq_idx","sfp_1","sfp_2","AcpS_1","AcpS_2","measure"
4,"E3","TFIDGAQSLQIW",1499,0.118441801154098,0.103340141785997,0.0337868506389625,0.0847308838276313,-38.6834295623
4,"E26","DLDHAFLASHEWWHILIC",1522,0.127625483400172,0.136252902935154,0.0612514321448409,0.152802557779187,-38.6834295623
4,"E27","CDRVLEHQVSYNWTKTEM",1523,0.0660080317149438,0.0620807977602733,0.0202571840731541,0.0609053504910169,-38.6834295623
4,"E29","EDGIDSHETAE",1525,0.0576326522991805,0.0531892798215357,0.0376425233000175,0.0643297151060263,-38.6834295623
4,"E30","YIDDVHIVSLEFMHT",1526,0.114924340829556,0.127012222253726,0.0836996733826214,0.119578812356128,-38.6834295623
4,"F1","AVKMESLEYLDTM",1527,0.289071020654126,0.339191753484075,0.0176379295693737,0.0859646086786097,-38.6834295623
4,"F2","TFLQCDPMESSDTMIT",1528,0.0793208541866021,0.0649702527186977,0.0294659398714518,0.0947403957337105,-38.6834295623
4,"F3","KFCVDSYLLCTST",1529,0.174013317930323,0.168207483687149,0.0875574133471254,0.155211569555904,-38.6834295623
4,"F26","SWWSKWGAESWATATTT",1552,0.0349135450623911,0.0350153983879232,0.0161223685482257,0.0525380665392575,-38.6834295623
4,"F28","WGLMSICTMLAH",1554,0.0951616815552222,0.094051370031892,0.0408328466739723,0.12524205858726,-38.6834295623
4,"G1","AEPQDSCDWSKTL",1557,0.102177022106693,0.104758085654472,0.033037519520008,0.114560706149038,-38.6834295623
4,"G2","CCVPMISLDFVDY",1558,0.174567079491644,0.164078962678123,0.0641119732034655,0.135468793308332,-38.6834295623
4,"G3","TWNHWCMDSKIVCSST",1559,0.106223438621516,0.101683577646552,0.0866154626517679,0.11673882699352,-38.6834295623
4,"G25","QTVAPFVMSVEWL",1581,0.124870795574006,0.116469558067438,0.0729191031500591,0.078528541623406,-38.6834295623
4,"G27","NHFLSVDWSKTQV",1583,0.129579588884293,0.161611054663239,0.0523953507285058,0.144961288507633,-38.6834295623
4,"G28","MTRCGVDSSDSMMASP",1584,0.0508033373527819,0.0534410370239275,0.0253570509870258,0.100532132047326,-38.6834295623
4,"H1","NHDGADSTVLNTSSCC",1587,0.0822253429694812,0.0882721397020818,0.0537244371853378,0.142393809704355,-38.6834295623
4,"H26","RCMESHVSICFWH",1612,0.0872600700486065,0.0760254028726919,0.0581232037387025,0.0846123453081485,-38.6834295623
4,"H27","QCCGAESIDMIAIT",1613,0.124340048700135,0.117475829537278,0.0396322175222778,0.0950627334610912,-38.6834295623
4,"H28","YNRFCLDSFMVCSTSC",1614,0.289459246727518,0.281120137468891,0.0410095916358174,0.145370158376195,-38.6834295623
