"TS","spot","seq","unique_seq_idx","sfp_1","sfp_2","AcpS_1","AcpS_2"
5,"D14","PTCDFKVSLMFCHTN",2050,0.20855529712292,0.210539220025445,0.152507985343601,0.234401828285545
1,"J9","NASFVEDLGADSLDTVYLTM",249,0.282247615376485,0.345759996632679,0.152507459915844,0.17880009217774
4,"D11","YRDIFTMDSMNWVTDRIM",1477,0.317664538796378,0.335282890124389,0.152491983662421,0.108269460055201
4,"H12","CFTQDWGLVSVCTMDMLM",1598,0.0513073707501464,0.0572106955160643,0.15229236560003,0.094525446863089
4,"F12","TWFNHDPADSYVLNTSTSC",1538,0.107747809399521,0.102126213588649,0.15196578855335,0.124432069821809
4,"O20","KGLVSVDAMDS",1816,0.0695023305746923,0.0722245186810336,0.151883115381478,0.107104124692463
4,"G13","CEGIESFVLHTSN",1569,0.0963026405566994,0.0816272118071801,0.151646418619612,0.0939268615711215
5,"C8","DQGFKCCLASFVNC",2014,0.189355331624991,0.181203598457027,0.151331790631357,0.176385359259852
4,"O24","TCIPPVVSTSNSLQPCGL",1820,0.0692195199893569,0.0740474645328545,0.151152276197044,0.114590903152248
1,"I25","ASFVEGLGADSLSTVELSMA",235,0.338292654901718,0.451988318339204,0.151115313870387,0.195543963508977
