"TS","spot","seq","unique_seq_idx","sfp_1","sfp_2","AcpS_1","AcpS_2"
5,"J8","YQKLKEWHISMWWSKWNCS",2224,0.259307855485209,0.282807829490533,0.136855446976127,0.293932326637343
4,"M24","CVNGMATSSNTLQPCP",1760,0.0265302103146134,0.0288162814362828,0.13684900192132,0.098385406305777
5,"T25","WPEEGIESFMSVPPP",2541,0.0673127798946064,0.0655645606495734,0.136835476015509,0.129463277518096
5,"R8","YPKCCSCSQTTNN",2464,0.236714764580024,0.18571331991844,0.136829978528177,0.190425355791606
4,"D19","REPIESTAMNST",1485,0.0361313860363609,0.0405072765481633,0.136797072775969,0.0943468322003782
1,"H11","ASFVDDLGADSLDTVELSMA",191,0.13922927728436,0.128828476977317,0.13677946487184,0.190188143292068
5,"S22","CCCTRGCTCSQSCQQ",2508,0.157310238468096,0.137612230837859,0.136749583857237,0.175463931456719
5,"N27","HGCTTSNTCQQRQ",2363,0.225208517687085,0.23164417423072,0.136627082325359,0.20514328869419
4,"E8","GMADGRLSPDFTH",1504,0.0939751041554045,0.0877656541952914,0.136556203475031,0.0883613460459246
5,"F22","KCCMCSRMDC",2118,0.204010412259614,0.189057087030187,0.136346005041634,0.193682592933777
