"TS","spot","seq","unique_seq_idx","sfp_1","sfp_2","AcpS_1","AcpS_2"
3,"G6","EAPIESACWLC",1013,0.0350705498975565,0.0512212851734718,0.0410042581248975,0.0466105352295199
5,"Q30","CCGRECSCSQTCNQ",2456,0.104917366119801,0.102356777140857,0.0409732595891625,0.11007024055028
3,"F30","EVGADSMETVEVIMT",1007,0.100551830553313,0.0787557173682249,0.0409520323320876,0.0325885978236784
1,"C22","VPADSTDTISLSSE",52,0.00581881644281839,0.00868403480157308,0.0408646718938357,0.0401551727609409
4,"F28","WGLMSICTMLAH",1554,0.0951616815552222,0.094051370031892,0.0408328466739723,0.12524205858726
3,"H30","DPVPCDSLET",1067,0.12708753022996,0.0683371372673458,0.0408216675238671,0.0383661283807302
5,"L14","GSHDRCGMESFDSCDLP",2290,0.0813044539948298,0.0760499075961611,0.0407077747363213,0.0924573507886474
3,"K1","VDSIESVELVAP",1128,0.0245969517297685,0.0359148577652677,0.0406181629406693,0.0428681409701316
3,"R30","TENDVESRDY",1367,0.101712084880167,0.0556403855816249,0.0405038164087483,0.0431131379073974
1,"G11","NEASFVDDLGADSYDTVELV",161,0.0257768537024828,0.0271080974268762,0.0404270874524537,0.0457868916998451
