"TS","spot","seq","unique_seq_idx","sfp_1","sfp_2","AcpS_1","AcpS_2"
5,"I27","CTNTMDPHLSMEWR",2213,0.130772162617338,0.0924846136749834,0.0907097815624491,0.116754670311658
5,"M1","YSKDCTCSNSCN",2307,0.0531759190122387,0.0693607732385229,0.0906058158064437,0.145386497295897
3,"H16","EMDCDSVDCQDAIK",1053,0.0791783642987837,0.14643484671559,0.0905443791045401,0.0959267569827755
3,"O23","GDACSWLLRLLNGSGSGWGS",1270,0.134553996397096,0.124375803576101,0.0902962363330953,0.0915404852073548
1,"I4","APLDSTSSDTCPYI",214,0.0144802957915901,0.0225219609979089,0.0901205623932411,0.0947679075619008
1,"F1","NSASFVEDLGADSLDTQELV",121,0.011594467620987,0.0211416839462274,0.0900965260647709,0.104876832657504
3,"P23","DSHTYCITTT",1300,0.145547445866217,0.142358707569847,0.0900668185272969,0.0999788614573982
5,"J1","HHCCLCSVVFCM",2217,0.0503500041758121,0.069700213015661,0.0900610780572658,0.156215709468411
5,"T3","NYFEHERMDSSLSCEMGCA",2519,0.0984327789347638,0.117654210519776,0.0900031355137925,0.133205097750111
5,"N13","SGCCCCSQSDQNK",2349,0.163817520988251,0.145877074651034,0.0899590096641449,0.145766575908518
