"TS","spot","seq","unique_seq_idx","sfp_1","sfp_2","AcpS_1","AcpS_2","measure"
3,"R6","LVSTDSHAHKAG",1343,0.389956350001766,0.384139698063755,0.24697683912496,0.284798943696493,-37.248931440762
5,"J6","TAEYKVSLVFCRSNC",2222,0.277018079601187,0.230743087368809,0.246132164946999,0.323161497556586,-37.2494813732258
5,"C11","PNPAIDQLMSADYRKTQC",2017,0.32846540899019,0.302521814255952,0.241742299686522,0.285646932852159,-37.2523891760518
5,"G10","CWQACSKCYCRTND",2136,0.263723826236854,0.242878625486687,0.241492018061922,0.269124226483314,-37.252557535611
4,"M27","CAQGCCTCSHKMFQC",1763,0.466925413595803,0.473632954149512,0.238757977200877,0.402781345831977,-37.2544153719332
1,"B3","DSLEFIASKLAGSGSGSGSG",3,0.365336944219572,0.497910550362945,0.236796588642494,0.250740673742347,-37.2557697636121
4,"N27","MMTCSNTIFPKG",1793,0.363876945045652,0.388736161097756,0.234004696555141,0.356167882420458,-37.2577298396057
5,"H15","WPMVSAAMMVSR",2171,0.280202828422683,0.248912882302218,0.232893923549411,0.287006633805941,-37.2585204791325
5,"R29","FPRGCSTSNSCNQRQC",2485,0.287477835375458,0.278040124137308,0.232149524844386,0.323122358372936,-37.2590538563934
3,"L8","AESSEFQLKSL",1165,0.419376491068253,0.388847799589486,0.228104810024071,0.23565705750298,-37.2620027784223
3,"O6","CCVMSSDCIVKQV",1253,0.333656148512196,0.384904606783485,0.227965053151723,0.303698084131873,-37.2621062431804
1,"B19","DSLEFIASALA",19,0.452559646765653,0.590572007007854,0.227292135047703,0.24745935498034,-37.2626059217955
3,"N30","DSREYNLSK",1247,0.602676691398997,0.37374840145491,0.226140774113158,0.269698900463826,-37.2634667041484
3,"P18","CYEADSHVSMAKSIQ",1295,0.391505861323807,0.290905451919715,0.222146247891135,0.226201198320431,-37.2665118871585
1,"I15","NNASFVEDLGADSLDTFELV",225,0.276902397368268,0.313751319163249,0.219616664889915,0.273885150724356,-37.2684893728342
4,"S1","NPVCSCSRSVW",1917,0.334574257490848,0.29269831808987,0.21829660423844,0.246293384404365,-37.2695370620451
5,"P23","YSGECTTSQSGQCRCC",2419,0.266568231435141,0.2186838424393,0.216193311114727,0.261307417289549,-37.2712293921018
1,"I3","NNASFVEDLGADSLDTVEQF",213,0.306912054163189,0.394737069392336,0.215155171212408,0.288188857933817,-37.2720753658648
3,"H27","NGESRSDDLGADSLDFVELV",1064,0.346249403694541,0.261369154180888,0.214213828854246,0.300769454656042,-37.2728486962929
4,"I27","WYQCFGADSRIIKTTS",1643,0.45670973984802,0.455463441983557,0.213876443939291,0.399147753883796,-37.2731273266319
