"TS","spot","seq","unique_seq_idx","sfp_1","sfp_2","AcpS_1","AcpS_2"
5,"C6","WCVCSLCYCKSF",2012,0.612030142333749,0.579212602632375,0.673560734707559,0.624527240800399
5,"G4","YNLCSRCGCKT",2130,0.485207918466097,0.45720189104334,0.647806076864117,0.630933039570429
5,"G24","EPCMEYHMSYAYCK",2150,0.530442889486732,0.420256605115955,0.641174817907895,0.582268292818803
5,"C14","QENYLSFCYCRSN",2020,0.489175022723056,0.381264717426351,0.634132293383871,0.503739463310372
4,"Q21","DEGLVSADTVHLMMC",1877,0.0623208674259185,0.0610691957838918,0.631505746828182,0.147192272445993
4,"Q20","TCVPGACITSRKLN",1876,0.783292147121507,0.806195887772114,0.629484322342893,0.766794238529245
4,"P17","LPGVCMCSKRMF",1843,0.982545355740284,0.966908475362835,0.629025570638085,0.727324456938612
5,"B15","WQHCRSNMCSRIYCL",1991,0.446114541298114,0.365312497078956,0.621252264368814,0.567950922320576
5,"G18","EHCWCMISKCYC",2144,0.497089329616964,0.450462065643647,0.616341621646867,0.67042176184321
5,"J3","EPRRCQIMSECFCRTNRC",2219,0.355154057445005,0.344707962184014,0.60656769729959,0.588641466079541
