"TS","spot","seq","unique_seq_idx","sfp_1","sfp_2","AcpS_1","AcpS_2"
5,"M5","DWGMDSFESIEMG",2311,0.143607843487067,0.137161989319006,0.051524932442935,0.105110420350547
5,"O21","QPVESYESGSNGTI",2387,0.0738466171088968,0.0650190054798781,0.0513506183092113,0.117022159491602
5,"I28","MQKKESLEKKE",2214,0.169599820036846,0.203409384571402,0.0512436605578879,0.118834075144661
5,"K3","EQIISADFHI",2249,0.0594696695342152,0.0861155967199063,0.0511582305777543,0.125759339444855
3,"Q20","TDWCLESKESV",1327,0.0666423294262136,0.0391994600856212,0.0511370233224085,0.0467930345132933
4,"B25","NHYPAESSESITS",1431,0.0664201531398477,0.0711352602541631,0.0510545242640138,0.0948346788465665
5,"O8","PPDCCTSQTCQN",2374,0.0833170809212806,0.0520046314220637,0.0510527080111769,0.0952493458828221
3,"E12","DSAESL",959,0.0464290360171429,0.058065193799365,0.0510515037715654,0.0408920595863899
3,"I25","DSIDEIDNM",1092,0.099530766819798,0.062146867318937,0.0509911135387581,0.0430522423208339
3,"B20","GCESMDYVPLMSS",877,0.0960462760654063,0.106665928691251,0.0508594471531468,0.0433741725572175
