"TS","spot","seq","unique_seq_idx","sfp_1","sfp_2","AcpS_1","AcpS_2"
5,"P17","CCYPHECTCSQSCNN",2413,0.110423058571349,0.113803985855641,0.0829141255990984,0.125098430047351
5,"B17","FGKMSAECVC",1993,0.109433824211835,0.100979363554414,0.0829054901654573,0.128972209322639
4,"C6","CYGIDSIETC",1442,0.321111252441384,0.334548154075201,0.0828201211124673,0.0810369467750604
5,"N21","GCSTSQSPNNCCCC",2357,0.1182604086944,0.0970826142352444,0.0827976080578569,0.125189392938406
5,"S13","CTGPCSSSNSCNNCQ",2499,0.115976157776201,0.0846647581100718,0.0826728199604521,0.127686187167862
5,"Q22","FDDDEPMDSTSSCYLT",2448,0.090885859978374,0.0761477271174568,0.0826425108046302,0.121071322305892
5,"L21","CSHPCSTSNTCNQC",2297,0.106298901443327,0.0880499173711076,0.0826038337919843,0.128497910981784
1,"H6","ADLESSETLECSCL",186,0.0245814302797205,0.0378406052655939,0.082567552379804,0.0974234684464594
4,"P5","CFEDDEPKMSIDWIETKNC",1831,0.155597604981247,0.148837180255267,0.0825149757437447,0.0455571062214988
5,"K22","CCTPPCCTSNSCNQCCCC",2268,0.129781632204423,0.121079976958633,0.0824185246835965,0.139803021344997
