"TS","spot","seq","unique_seq_idx","sfp_1","sfp_2","AcpS_1","AcpS_2"
5,"D2","CHFCMCSIMYCRT",2038,0.295893628532151,0.289857567663713,0.495059583275865,0.41710570879276
3,"P2","GLESKTSKVK",1279,0.471607206126642,0.806058051373961,0.494563511629513,0.5270788777105
4,"Q22","TCMQPCCSCSKKIFPCCM",1878,0.685093935885249,0.666942142681735,0.488108437952631,0.584789711585268
5,"G3","RCCLVSIIFCLYFDC",2129,0.259934425301822,0.199191793260624,0.482655573418335,0.307546705973454
5,"E11","CKWCICSIVWCKTGR",2077,0.499749292015637,0.477814788903529,0.48228364164264,0.539656920771865
4,"S14","VQGCCSCSKRAYPHCVL",1930,0.574230571882986,0.541585756356178,0.479635490453479,0.521207757412168
5,"E21","EHHCYQLCSFCPCCSFK",2087,0.493834997128406,0.465286795243268,0.479249271886993,0.471311421199467
5,"I3","CCCEPKESKLYIRSS",2189,0.316552863756503,0.30784147531545,0.477908979610403,0.446977905073767
4,"L18","TCAPGCISSSNRIYN",1724,0.604744671564118,0.505310348561352,0.474184675071534,0.459500755951728
5,"B1","FKCCVMSKAFC",1977,0.31444317683088,0.37393314430524,0.473145066284859,0.178035232978848
