"TS","spot","seq","unique_seq_idx","sfp_1","sfp_2","AcpS_1","AcpS_2"
1,"B17","DALEFIASKLAXXXXXXXXX",17,0.014418270691387,0.0172319438493381,0.0307295588275726,0.0309070394429886
1,"C25","SASWVEDLSADSTDTVELVA",55,0.00936482295961743,0.0105410694243552,0.0306516041771958,0.027487424662313
1,"H7","NNASFVEDLGADSGDTVEQY",187,0.0166228950580983,0.0173049533869421,0.0306404731346408,0.0316836953649883
1,"E13","NSASFVEDLGADSTDWVELV",103,0.044117675832546,0.0542971137579303,0.0305759467050644,0.0302939651579327
1,"C5","NNASFVNDLGADSTDTVEAV",35,0.0141104369652602,0.0142720419650387,0.0305576439840847,0.0353882423587051
3,"I1","GLESAETS",1068,0.0235199102777557,0.0446032178375115,0.0305496779174862,0.0355528647670452
1,"D22","IDSTETDILPFE",82,0.00474483606370806,0.00761465669752205,0.0305339064755488,0.0382343222203226
1,"J22","INDDSSTTADLGYD",262,0.00605081134303576,0.008967396456216,0.0303535873214069,0.0314853460029149
4,"K30","VMSTSNTVQNH",1706,0.0675527751882177,0.070312701925071,0.0303039943439326,0.112029512651641
1,"I14","GVESTSTYEMGMV",224,0.0102260887832176,0.0129693507734269,0.0302306415946627,0.0355859595803216
