"TS","spot","seq","unique_seq_idx","sfp_1","sfp_2","AcpS_1","AcpS_2"
3,"Q16","CFMDSTEVC",1323,0.12154054165974,0.0831399852042527,0.101124739017999,0.10421482867701
1,"J26","DIGSSSSPCMTLL",266,0.0182753698802556,0.0286451862680204,0.101124457066171,0.114186059291871
5,"H17","AEFHVSIEWCKS",2173,0.159113797580307,0.143445716105052,0.101122922600487,0.125408715210587
5,"T19","KIGIDSTTTCTVS",2535,0.116060055633053,0.0960106753143793,0.101087188932828,0.131013646290627
3,"I13","GLESLDTYC",1080,0.123402717465486,0.124910356121985,0.100966109273483,0.101951363755448
5,"T21","GGCCTSQSCNQCNCC",2537,0.141957593091649,0.113035136494742,0.100719878938518,0.146896669841131
5,"G11","DTICYGIESAEFKKSECS",2137,0.137186273298525,0.133348990417143,0.100649992738938,0.146743084256235
5,"M7","NWWEEIKVESFITVMLTS",2313,0.135530694683568,0.0951925840895185,0.10059273130009,0.129766277650798
5,"C22","RFGIDSILIHTTACT",2028,0.168310822926181,0.167595635013968,0.100544032319387,0.153613268011845
5,"O9","RGCSSSNSCQQCCCC",2375,0.176575496256269,0.140247802730151,0.100525447893185,0.153363434317665
