"TS","spot","seq","unique_seq_idx","sfp_1","sfp_2","AcpS_1","AcpS_2"
4,"P18","SELPMDSVLFMDTMAN",1844,0.296075294193902,0.290307280057296,0.184181848926729,0.144120418110559
5,"F10","ERHCFQMCSHCFCHT",2106,0.198216045513793,0.184339891571754,0.184179058513942,0.23199054031643
3,"P17","CEAESHLYIDK",1294,0.197425183520628,0.115882141804217,0.184009601408827,0.126655576664444
4,"C16","IVLVKDMSMEYK",1452,0.209150052621145,0.201050598709855,0.183911525293166,0.146128579951549
4,"M21","MEPMESACYAR",1757,0.153020928717201,0.129315292364141,0.183878429471895,0.144741351630003
1,"C29","NSASFVEKLGADSLDTVELV",59,0.355390157616388,0.452943738078038,0.183776949012318,0.20625372791305
5,"B28","CYNACSWCPC",2004,0.154685240710074,0.103483392343532,0.18342008903497,0.153967406202018
4,"G9","FNMCPLDSKLSQ",1565,0.131957499269856,0.131657132442898,0.183415543160189,0.162757299412238
4,"K10","LLDRCLSAYWS",1686,0.194022034743195,0.178204135058577,0.18340729291248,0.13189574207266
4,"N25","HMMGMMSMVFLVS",1791,0.16476431976642,0.159311450838499,0.183291011834996,0.153814242965268
