"TS","spot","seq","unique_seq_idx","sfp_1","sfp_2","AcpS_1","AcpS_2"
4,"R14","DWTVSKENFEGIP",1900,0.0458617845312708,0.0413147172111624,0.128645050429664,0.0837490777815685
4,"P15","WSEDEGAESMEFI",1841,0.0589191850698791,0.051323515146677,0.128168034383375,0.0779193445910393
4,"C14","MNCNPIESVITQA",1450,0.0687227373927582,0.0695682369732336,0.12794072583442,0.0826095871414166
4,"I20","YYNHCGADSTESV",1636,0.0349496816443454,0.0167389556781773,0.127730714356524,0.0781173978104722
4,"G4","REEAGIVSMDTIT",1560,0.0484766229046103,0.040955330382155,0.1276860112902,0.101070274430845
5,"O2","CYTHECSTSNSGNNKNC",2368,0.183459411894873,0.193178730674706,0.127677099973267,0.181403831097567
4,"E5","TVLPPRDSHDSFDPAI",1501,0.0776443046589213,0.0666059317587429,0.12761409188948,0.116853062134407
4,"L7","PPCASTSNHINQ",1713,0.0716671496130523,0.061503034933773,0.12755768674767,0.0881594540171768
5,"J17","ADPKISMDFHHTQCF",2233,0.123594186862548,0.101069031448935,0.127274153611959,0.166487288264516
5,"B7","HTCMFCVASICWLE",1983,0.165596368682275,0.160512505362222,0.126800177768307,0.120387072241934
