"TS","spot","seq","unique_seq_idx","sfp_1","sfp_2","AcpS_1","AcpS_2"
4,"L21","CNPDIEKHASMCWSETHPC",1727,0.0383936652307635,0.0390029959507872,0.0948733157617915,0.0372134174989681
4,"O2","DAGIDSIDSLHIQ",1798,0.307842698016507,0.29962998645687,0.0947441756775333,0.121145486674887
3,"K17","AESSDTRLW",1144,0.0833656837908629,0.0841799145675866,0.0946964618019319,0.0722196481144357
4,"A29","AESSDTRLW",1144,0.0833656837908629,0.0841799145675866,0.0946964618019319,0.0722196481144357
1,"D8","DIESTSTLALCSE",68,0.016795324836663,0.0256164279248865,0.0946162149244948,0.104675832383837
3,"E9","VDSIDQCEV",956,0.0658502284131915,0.070538847108498,0.0946043687530642,0.0930874853463936
5,"F2","DYMDSHCWATSN",2098,0.0261687582337311,0.0401195595846395,0.0945641769616847,0.0857097555272312
3,"C10","NSASFCEDLGADSLDTWELE",897,0.0404054831367864,0.0495523801812048,0.0944932909552725,0.108867384427933
4,"G29","TWYTRFPLESRMTITS",1585,0.257353757733368,0.237354086331489,0.0942256618335711,0.218976637378428
5,"M23","CSPGCSCSQTCQNCNCC",2329,0.13118566125476,0.121783281202023,0.0940933877146726,0.133386766413495
