"TS","spot","seq","unique_seq_idx","sfp_1","sfp_2","AcpS_1","AcpS_2"
3,"K12","EACSAEFYMKSGL",1139,0.371018484871655,0.276655046149358,0.17010980501031,0.140897661926889
4,"K17","FADVEPICSMDTFCAAVY",1693,0.117676709573696,0.121089912972378,0.169679013486875,0.126307218142588
4,"P22","PGVCTSSHTLNQHGMV",1848,0.12174860663534,0.108936358057884,0.169477764341029,0.122075652177808
4,"J4","ECIESYMICSSSC",1650,0.112867814115184,0.112421023784986,0.169366736869558,0.123123696022815
4,"G6","DPGHDSKESFLAN",1562,0.0585605199534551,0.0504668765298609,0.169072364238074,0.126380742343926
4,"I13","WLNVEGADSIIIVL",1629,0.135292985044005,0.137112949580743,0.169007158832041,0.11491886461302
4,"F5","MDIPKVSLLAHWT",1531,0.193979997712035,0.166596592958944,0.168999572397366,0.125794847128611
3,"P19","DGILSKAWHA",1296,0.272276804253257,0.197685818464469,0.16882159836897,0.186070359130983
4,"K20","CHRISIDFV",1696,0.129601253220185,0.137392728353041,0.168580744305036,0.123405934086014
5,"J23","WCWCMISLCWIMSTIP",2239,0.186533909773689,0.136897272787302,0.16843605485714,0.141378673458791
