"TS","spot","seq","unique_seq_idx","sfp_1","sfp_2","AcpS_1","AcpS_2"
3,"D6","NEDSFVDDLGEDSDDPVTLV",923,0.0589598153397231,0.0420863156973718,0.0542242613590602,0.0436767927741283
5,"Q1","CCSGGCTCSNTCQQCQ",2427,0.0821946698744759,0.117916602328288,0.0542192607144447,0.111618066704311
4,"P30","SWCRAGPAESMAYLLFMA",1856,0.360473589427898,0.372370573905088,0.0542045257376701,0.0965540253013914
3,"S27","MEGAESTETIVHPIA",1394,0.13261909844614,0.0888050479310063,0.0541559137553857,0.052778782641307
3,"F25","DQPCDSAES",1002,0.0763994616860676,0.0590789794264125,0.0539328115580636,0.0472658317332371
5,"R1","REPMDSIDTLVEVTV",2457,0.116525886026705,0.175250193702616,0.0539110851967018,0.12988186680193
3,"J8","IPCESVETCD",1105,0.0555198134271068,0.0879167566578875,0.0539068243822021,0.0612111767052648
3,"F22","MGMDSAESVDLAIG",999,0.0717084148020034,0.060223745234079,0.053800864150061,0.0448151465434403
1,"G23","NSASFVEDLGADSRITVELP",173,0.0170882935641987,0.0267365688197571,0.0537857765893895,0.057423924587682
1,"F22","IDSSSTVSMSMV",142,0.0143660014035548,0.0171074043917149,0.0537427465188413,0.0538203365424206
