"TS","spot","seq","unique_seq_idx","sfp_1","sfp_2","AcpS_1","AcpS_2"
4,"S28","DEVHIASHRTLWARW",1944,0.495752190292246,0.38692809988442,0.209226585364265,0.337822506116567
5,"H2","DGHISICWTKSQ",2158,0.132834903608643,0.158919103857462,0.208983526754884,0.224137163126261
3,"K6","VCSLSYMMRTS",1133,0.420140297666795,0.504843565972183,0.207389776918971,0.290342794044373
3,"O5","SVSTYFNRYGLDSSKSISLT",1252,0.302549383305907,0.308367056736483,0.206720514698961,0.283644279522384
5,"P19","GCTCSNTCNNR",2415,0.258033374172639,0.221821011099125,0.206509681780622,0.246597826461145
4,"F23","EVDVLSREYKII",1549,0.272494163619104,0.243503422760292,0.206503282908914,0.17373573167961
4,"N15","DKRLSAEWR",1781,0.218349762953123,0.210480293910121,0.20637818260112,0.173724141898621
5,"H3","TLEGHMSLVFCKS",2159,0.194565754310512,0.206474577385928,0.206259619082508,0.247500027497419
4,"E15","WDHFLSYCYYH",1511,0.221845823140992,0.195707130007695,0.204782470897629,0.15753446485869
4,"K16","GPCITSSQRVWGCCM",1692,0.23955920650172,0.22970294522365,0.204653292881197,0.17061849626081
