"TS","spot","seq","unique_seq_idx","sfp_1","sfp_2","AcpS_1","AcpS_2"
5,"F7","QPVCDGVESYENC",2103,0.0543109737800037,0.052098707233285,0.0301087894362619,0.0795033666125908
5,"L16","YDHTMDSSDTGSDGC",2292,0.0651990032004725,0.0490291065020587,0.0300503603894848,0.0846250859026517
5,"J30","EPKESKEIS",2246,0.0662389276485744,0.0599356208320027,0.0299818120739903,0.0967284641998601
1,"I2","LGNDSTDSLTISVD",212,0.00903871811075288,0.00885015795235329,0.0298969157567175,0.0324794786337162
3,"D19","MDSADSLE",936,0.0401524834047114,0.0469015364849764,0.0298851782874748,0.0195394559089853
1,"F2","VGMDSSDSLIAPQA",122,0.0041451689847612,0.00424431423877911,0.0298744855853944,0.027521601030241
5,"P21","EPEVEAESMESA",2417,0.0504371277655733,0.0416223270761494,0.0297883783604303,0.0902493294557925
5,"M14","HFCDDNPIDSTDTMD",2320,0.0683662697016429,0.0574129942573546,0.0297642477965657,0.0838103338015275
3,"C17","MPVESAESV",904,0.0459628605848937,0.0669870656094802,0.0296848832757978,0.0223548499308205
1,"C28","PIESTSSMIQTSD",58,0.00351089400244676,0.0067186497925496,0.0296485403625246,0.02365200420239
