"TS","spot","seq","unique_seq_idx","sfp_1","sfp_2","AcpS_1","AcpS_2","measure"
5,"B15","WQHCRSNMCSRIYCL",1991,0.446114541298114,0.365312497078956,0.621252264368814,0.567950922320576,-8.15104789595882
5,"B18","WGFMSADYC",1994,0.189932392201671,0.12768711198916,0.283975383905838,0.184535280045859,-8.20536810544478
5,"E4","CHTTLDGVMSYDYRVTNCC",2070,0.163522568035278,0.133094871000246,0.289104515261487,0.212690008952017,-8.20668036915806
5,"E17","YEEFRYQICSRLFCCTN",2083,0.324186560688414,0.27634204970652,0.464987208611887,0.407473527127525,-8.3109654122733
1,"B24","DSAEFIASKLA",24,0.108604730979121,0.0910982854109832,0.223401387444828,0.146426303350092,-8.31881582842162
5,"G24","EPCMEYHMSYAYCK",2150,0.530442889486732,0.420256605115955,0.641174817907895,0.582268292818803,-8.46020176249247
5,"D16","NPCLDYFLSMCFCKYNC",2052,0.614928895371334,0.538460476810023,0.685217791717719,0.601095354336029,-8.4923463283286
5,"B2","EGFHYCACSKAFCVS",1978,0.280950363223428,0.258741993102237,0.348714743409644,0.259968800071193,-8.55412610814826
5,"H21","DGCLDGQMSFEWCFTQCC",2177,0.270674330219103,0.234795985627529,0.32814540805343,0.229030532420029,-8.58465388697463
4,"K1","SSMQKYCLDSTETCSLSPD",1677,0.0311968198163974,0.034254592375049,0.155122105733874,0.0985811611298239,-8.61857819911616
4,"L22","SDVERHISAVFVETELS",1728,0.0977599340887532,0.0979748267455524,0.228747524918279,0.180643876875458,-8.64279774479882
4,"N23","DDCMGQESVMTKESH",1789,0.0193545008377023,0.0206194187980936,0.13752867060387,0.0789952381418401,-8.66076594262069
5,"I3","CCCEPKESKLYIRSS",2189,0.316552863756503,0.30784147531545,0.477908979610403,0.446977905073767,-8.75589663066275
4,"H12","CFTQDWGLVSVCTMDMLM",1598,0.0513073707501464,0.0572106955160643,0.15229236560003,0.094525446863089,-8.77993669988286
5,"J3","EPRRCQIMSECFCRTNRC",2219,0.355154057445005,0.344707962184014,0.60656769729959,0.588641466079541,-8.79129820330741
4,"Q18","VDMGPIDSGDYA",1874,0.0345884038912082,0.0287895706466735,0.167482626851889,0.124882139650217,-8.80248934916415
5,"E23","DCCDCMCSMLFY",2089,0.215061456396793,0.181376020458916,0.290864635564024,0.229163462800706,-8.83611051440704
4,"H5","MRRESAESKDSL",1591,0.0522433992247162,0.0459977856712042,0.181641076089664,0.140555044493516,-8.84190513938099
5,"C18","CCNNCNSFCWCHT",2024,0.166285523477583,0.137262556240437,0.240248710218929,0.176234430568445,-8.85076006421163
5,"G12","GNHCLEYYMSICWCHDQCS",2138,0.230058810334135,0.188373769368,0.317293051832792,0.265967151368793,-8.88101401536683
