"TS","spot","seq","unique_seq_idx","sfp_1","sfp_2","AcpS_1","AcpS_2","measure"
5,"F13","LSVVENLLSYEPIDSNLY",2109,0.168797562981375,0.159740546306664,0.122211089404955,0.14825588512621,-37.41504077776
3,"J30","VDSLDSLEALCS",1127,0.322013658989664,0.255389505994383,0.121748898356171,0.229124390994663,-37.4166333730462
1,"G9","NNASFVEDLGADSLDTVTLV",159,0.262166320887111,0.285441652536008,0.121293656127318,0.126554010655019,-37.4182272166117
3,"A17","NNASFVEDLGADSLDTVTLV",159,0.262166320887111,0.285441652536008,0.121293656127318,0.126554010655019,-37.4182272166117
3,"M10","AGAYSTSTALLSCE",1197,0.173589940243475,0.163007820429267,0.121229997906115,0.133390887596003,-37.418452128045
3,"R24","DSKAAVLIPI",1361,0.299894963894697,0.211003827886061,0.1198188957359,0.128935130428357,-37.4235721826808
3,"P26","DRLWAIESKLA",1303,0.191184279018594,0.158161286737104,0.119697937782459,0.137911852296308,-37.4240235142843
5,"D20","CCFGRVSMDCI",2056,0.160819547862491,0.151327554224661,0.119579787636443,0.1608277051711,-37.4244663444924
3,"J11","DEPQDSLDSFYLC",1108,0.146476517104559,0.142851800859152,0.119280353299762,0.124522424548609,-37.425597495202
1,"E17","NEASFVDDWDADSLDTVELV",107,0.181766060778509,0.172504093896622,0.119027627389622,0.170014967332514,-37.4265622578712
5,"A8","NEASFVDDWDADSLDTVELV",107,0.181766060778509,0.172504093896622,0.119027627389622,0.170014967332514,-37.4265622578712
3,"R23","DECLESSLFC",1360,0.163621811910768,0.141368418758003,0.118396567460689,0.134709371635225,-37.4290127212291
5,"L13","CYPKGCSTSQSCQQHC",2289,0.185452166002502,0.172598439321615,0.117452673566743,0.172793239263115,-37.4327938148867
3,"K10","AGADSTSTAWLSCR",1137,0.18170395942856,0.198475728960707,0.116013837768166,0.122914733342189,-37.4388475168683
5,"B16","GSAEPIISYEYHLS",1992,0.14627085881153,0.138285917503967,0.115328527167196,0.142822852198015,-37.4418650004719
5,"P18","PKPCTSSQSCNNHN",2414,0.169691379009359,0.16836696005411,0.115295396292212,0.170770029155835,-37.4420132116742
3,"Q24","CCDDAVSMEFKVSRG",1331,0.262442285038318,0.223526950729682,0.114244624327628,0.118532568993682,-37.4468315734661
3,"P29","MESIDYHMRSC",1306,0.230508976476388,0.195175029533074,0.113584343118491,0.145929726202982,-37.449982579052
4,"A25","MESIDYHMRSC",1306,0.230508976476388,0.195175029533074,0.113584343118491,0.145929726202982,-37.449982579052
5,"A16","MESIDYHMRSC",1306,0.230508976476388,0.195175029533074,0.113584343118491,0.145929726202982,-37.449982579052
