"TS","spot","seq","unique_seq_idx","sfp_1","sfp_2","AcpS_1","AcpS_2"
4,"M19","ERRELSMDSYDKMMT",1755,0.12320686889786,0.113695976087275,0.16598620261221,0.113199420354136
4,"I23","MTCDPVDSTISCC",1639,0.0933738748012158,0.0898469694078916,0.16576945817354,0.126922405673567
4,"A17","GDSLSWLLRCLH",1405,0.301220573968105,0.370107468029509,0.165756959522412,0.159517246546375
4,"O19","LDQLESKDTAI",1815,0.0621705380707697,0.062444233443976,0.165094986198742,0.122976329756948
3,"O21","MDSSEWCAKG",1268,0.333854005710074,0.208671380599984,0.165073839387741,0.159449307228083
4,"H8","QFLMVHFIESKCWASFAI",1594,0.172951119651334,0.164260083386728,0.164991260670646,0.131142870877653
4,"J5","IGLDSVEFSTITIT",1651,0.169491636377449,0.159620328933392,0.164919644727312,0.124993514022379
1,"H19","ASFVEDLRADSLDTVELTMA",199,0.0926513285449774,0.118124485182634,0.164792769172304,0.238185609778069
4,"R22","SDNGIESKDTRDSRV",1908,0.110660547069102,0.115809478238281,0.164654385038895,0.158901080974806
4,"T17","AWHVSVALIRE",1963,0.129735671911305,0.123762739640372,0.164517658519961,0.150215444811069
