"TS","spot","seq","unique_seq_idx","sfp_1","sfp_2","AcpS_1","AcpS_2","measure"
5,"S15","QLYGIDSADTQM",2501,0.0948785108879334,0.0930689041674633,0.0567489319428096,0.118439597883456,-38.6834295623
5,"S16","DEEMELESPVTICMPSL",2502,0.0642463751492521,0.0560263119693577,0.0411004802030859,0.105101992570126,-38.6834295623
5,"S18","EDFCLDSTLELDE",2504,0.0741449398007138,0.0618489887832722,0.0440791453304562,0.0899269597124955,-38.6834295623
5,"S20","PGCCCSNTCQQ",2506,0.112663128469153,0.0915365492898825,0.0795636503218584,0.120293081063677,-38.6834295623
5,"S21","RWCLESTIEIDPPS",2507,0.0689536987055337,0.0556954464959381,0.044935853323146,0.0833812026499798,-38.6834295623
5,"S28","CCCSGPCSCSQTCNNCQC",2514,0.123757950410113,0.111975304249197,0.0688380282118401,0.123301370142831,-38.6834295623
5,"S30","EGNECMESSDGMDVGC",2516,0.0561050573017907,0.0561738564139786,0.0252692248469886,0.0871815602449884,-38.6834295623
5,"T1","CCTGPCCCSQTCQQ",2517,0.0836896242712182,0.0975284780286069,0.0389300430141896,0.117193486268503,-38.6834295623
5,"T2","GRTPEMPVDSFDTQ",2518,0.0738539902126914,0.109154931958803,0.0380952519953325,0.105094593264604,-38.6834295623
5,"T4","EHCPMDSYDSCE",2520,0.0764785271517262,0.0968973005865676,0.0500827420493806,0.0899057617020802,-38.6834295623
5,"T5","KYEMDSSDTCENPTV",2521,0.091979642645601,0.117001989804174,0.0573824078945864,0.097800135044468,-38.6834295623
5,"T6","CTGECSTSNTSNCC",2522,0.118089099235921,0.122443895074082,0.0854673192621983,0.128609843333276,-38.6834295623
5,"T7","HCLESYDSC",2523,0.110853290698242,0.0962175756784037,0.0733326133084438,0.115102396817899,-38.6834295623
5,"T8","VGDDSSDSCT",2524,0.0837946333979188,0.067164936323907,0.0370163092935023,0.0961685167549274,-38.6834295623
5,"T10","EEVGVDSSESDD",2526,0.0731588159693637,0.0611708338180428,0.0364374433375683,0.089295618968334,-38.6834295623
5,"T11","STNDDGIDSYASVEAPC",2527,0.0891626849782374,0.0679060399625629,0.0585011222414959,0.108810701624148,-38.6834295623
5,"T12","DNKCDDSTDGDSDPET",2528,0.0709235270685513,0.0551996464407784,0.0308377659865594,0.0752824199214445,-38.6834295623
5,"T14","RQCAESTESPTPGCT",2530,0.0772283660474065,0.0609117026602401,0.0596044874091729,0.10733452588807,-38.6834295623
5,"T22","ECCCSQSCNC",2538,0.102304119245952,0.0894656134121803,0.0670041296832936,0.113680644545219,-38.6834295623
5,"T23","GECTCSQSCQN",2539,0.0907769338902825,0.0841959791881095,0.0691640827259948,0.109471353902927,-38.6834295623
