"TS","spot","seq","unique_seq_idx","sfp_1","sfp_2","AcpS_1","AcpS_2"
4,"L9","TCMQGCCTCSRRVWGCCMM",1715,0.385642116971973,0.342199295183041,0.294308772669918,0.272907189207402
5,"F4","YGMVSIVVIEW",2100,0.173346393607258,0.139968443461463,0.294198375127616,0.180551996762589
5,"H14","CGKYACCMMSVVFCV",2170,0.257816386032057,0.224630786274713,0.294088328080314,0.316766869166708
4,"R11","SCIGPCVSSSQKLNQCCAL",1897,0.313455992027994,0.315667936832171,0.293876288995172,0.275291285400094
5,"K1","EHFMKGLASVLNLLS",2247,0.176139129476609,0.183785520568658,0.291895365788455,0.329210101280494
5,"E23","DCCDCMCSMLFY",2089,0.215061456396793,0.181376020458916,0.290864635564024,0.229163462800706
5,"D8","ENHYCYQMKSFCGCCT",2044,0.287050771379101,0.257605052505647,0.289244701188455,0.292616135885532
5,"E4","CHTTLDGVMSYDYRVTNCC",2070,0.163522568035278,0.133094871000246,0.289104515261487,0.212690008952017
5,"I23","FHFNIISHCCCASNRC",2209,0.31649514617836,0.289274333863593,0.287021381090444,0.343542441802248
4,"C13","DPSASHDYALMRGR",1449,0.504768282167583,0.458686942018578,0.286021047973361,0.278484416768662
