"TS","spot","seq","unique_seq_idx","sfp_1","sfp_2","AcpS_1","AcpS_2","measure"
4,"J27","ERHLSVCFHHTD",1673,0.0987541451022617,0.103406583782833,0.0917008205093234,0.120926038817552,-26.5853919502679
3,"G27","EPPIDSVDTDLPVMT",1034,0.0752471314248963,0.0542086090890737,0.0457974351921073,0.0407278988559729,-26.591093346072
3,"Q27","GVDSTDSQA",1334,0.0975959503502374,0.0577752217390104,0.0423560201986089,0.037317422186376,-26.5946517533724
1,"B5","GDSLSWLLRLLN",5,0.308215517740193,0.461666999379086,0.125919627098507,0.127150633851775,-26.5958664995824
3,"A8","GDSLSWLLRLLN",5,0.308215517740193,0.461666999379086,0.125919627098507,0.127150633851775,-26.5958664995824
4,"A9","GDSLSWLLRLLN",5,0.308215517740193,0.461666999379086,0.125919627098507,0.127150633851775,-26.5958664995824
3,"E14","DAGAESLESAEAVLL",961,0.10550321049502,0.0925731312071729,0.054533637430486,0.049560502873383,-26.6022231114792
3,"L28","CCGVESEDVQVTSMT",1185,0.0877911107334977,0.0560713870803404,0.0440375102811311,0.0392682113645593,-26.6261722688706
4,"P26","DWMDSLDTL",1852,0.142217059443327,0.144893304497423,0.0860672099838791,0.0813414108106627,-26.6313582785588
4,"O28","CFAWDMPIDSADQMI",1824,0.0366432866993336,0.0335079719178342,0.0291159966059723,0.0664526255592141,-26.6314308965777
3,"G24","PIESMDTIEVAP",1031,0.0711628561204872,0.0359332328573226,0.0499408884908228,0.0452248155090791,-26.6325215166843
3,"I13","GLESLDTYC",1080,0.123402717465486,0.124910356121985,0.100966109273483,0.101951363755448,-26.6402310984997
3,"P7","ECLDSSESVV",1284,0.0565233586606553,0.0770391148120373,0.0488936067826692,0.0594321836403086,-26.6416684766318
3,"J25","LGLESMDF",1122,0.145148411103607,0.0851116787015307,0.0662488545035935,0.0616597213588274,-26.6478287268865
3,"M25","ECPVDSSSLVIMGMM",1212,0.127380720660214,0.0983293897342574,0.0858006176062281,0.081292335755402,-26.657701869374
3,"R26","STSTYQNRVGFDSSESISLT",1363,0.176483629771669,0.112350701556378,0.0864801741201479,0.0819782760499507,-26.6584855917496
4,"F25","YEEIPVESHDLADYL",1551,0.0938958737454169,0.0900166135067843,0.085919217609453,0.125959109045666,-26.6771291864979
4,"B6","WTHDGIESSITQ",1412,0.0677383017503227,0.0639755743723739,0.059686388603524,0.0681652968870137,-26.6849908368754
3,"L26","IDGIESLDTFM",1183,0.106312218897544,0.0674401803299422,0.0700082389374281,0.0657646088257779,-26.6907189533457
1,"J1","NRYGLDSSDSIKLTSDFGDY",241,0.132875930630537,0.154458766133255,0.08215697378999,0.0779171229269373,-26.6911984248807
