"TS","spot","seq","unique_seq_idx","sfp_1","sfp_2","AcpS_1","AcpS_2"
3,"F4","ESVCSVDICR",981,0.0968963510911084,0.101017323444568,0.119360444681259,0.130300347100761
3,"J11","DEPQDSLDSFYLC",1108,0.146476517104559,0.142851800859152,0.119280353299762,0.124522424548609
5,"E2","GSKNGLNSAEWSAF",2068,0.0481085230198597,0.0556378416667307,0.119220164394331,0.118426713378473
5,"G13","WCAISLMWC",2139,0.14910310990903,0.130125988146502,0.119191339073586,0.118917181630238
1,"E17","NEASFVDDWDADSLDTVELV",107,0.181766060778509,0.172504093896622,0.119027627389622,0.170014967332514
5,"A8","NEASFVDDWDADSLDTVELV",107,0.181766060778509,0.172504093896622,0.119027627389622,0.170014967332514
4,"D18","WINEFWADSYDTADIA",1484,0.0808817725231228,0.0814209532453223,0.118981279245635,0.0644756387620233
3,"H20","ESAEFCEKLCN",1057,0.182808256407265,0.150839455802796,0.118879896392278,0.115965972557253
3,"R23","DECLESSLFC",1360,0.163621811910768,0.141368418758003,0.118396567460689,0.134709371635225
4,"K14","TGDDAPMDSAESAET",1690,0.0493404075707401,0.0493936678795168,0.11823429992143,0.0691312342245071
