"TS","spot","seq","unique_seq_idx","sfp_1","sfp_2","AcpS_1","AcpS_2"
3,"N4","PIDSVASVLI",1221,0.094560544305453,0.115562240432761,0.0508504840179321,0.078715871268421
3,"B25","GLESIDIADLS",882,0.105682652897584,0.078933909641376,0.0507914841064287,0.0433612537621951
5,"Q5","CCCSRCCCCSNTDNQH",2431,0.140810528229031,0.129637313216967,0.05071721533293,0.0952120922364858
3,"J10","DSMETPDM",1107,0.0415042393806182,0.0447598066338741,0.0506290235830008,0.050062648596003
3,"Q19","VEPMESSESM",1326,0.122437061080702,0.043339390171814,0.0505499527565035,0.0409940976151489
3,"P28","NEASDVDFYGADSTDTQELA",1305,0.0885755524953717,0.0377654504246829,0.0504661932932686,0.0467687989901773
3,"L9","VESRDWVVHPCM",1166,0.0836030892426589,0.0963943007796727,0.0504535029137074,0.054517161605289
3,"H18","DLPMDSMES",1055,0.0552402507601989,0.0479054913164067,0.0503850813567721,0.0471485058955927
1,"G18","WELFSSTTVAGGM",168,0.0426413522949656,0.0427278795844468,0.0503350786923554,0.0451876837215858
1,"G12","CPVDSSETQLAPVA",162,0.0131914562602846,0.0169032157610028,0.0502948874111837,0.0348153191884763
