"TS","spot","seq","unique_seq_idx","sfp_1","sfp_2","AcpS_1","AcpS_2","measure"
3,"B4","NRASFSEDLGADSLGTVELV",861,0.217493827082882,0.258153367429855,0.119379554203862,0.119064404084283,-26.1222337474769
3,"L11","CACSHIWNDRPL",1168,0.109550187690779,0.0983731792535007,0.0748085007270269,0.0645740004053594,-26.12547516397
1,"D9","NRYGLDSSTSISLFSDFGDW",69,0.0784363109531374,0.0864809876648791,0.043764420536889,0.0335672088353942,-26.1281662745741
3,"S15","MESKDSAAWP",1382,0.0658721265381497,0.0484948293084835,0.0450485105195133,0.034860533248046,-26.128833841451
5,"G13","WCAISLMWC",2139,0.14910310990903,0.130125988146502,0.119191339073586,0.118917181630238,-26.1333661329848
5,"T9","CCYSGCCTCSQSDQQCCCC",2525,0.163939494013917,0.133501244690567,0.15069826602925,0.18629642903516,-26.1343788877349
5,"O3","HDIPVDSTLTV",2369,0.0369413812991013,0.0491835345426226,0.0358526177161637,0.088774182194614,-26.1367160150506
5,"N4","FCAESKEMQ",2340,0.0466611481835423,0.0367479863682282,0.0452517885685832,0.0860458668379268,-26.156339431994
3,"F27","EAESMDSL",1004,0.074281943558135,0.0568742111155127,0.0316110551171572,0.0218097381366285,-26.1571936256564
3,"D28","IESLDSAE",945,0.0698373371538327,0.0602149339283776,0.038311501572254,0.0286658346886668,-26.1688408449767
3,"J8","IPCESVETCD",1105,0.0555198134271068,0.0879167566578875,0.0539068243822021,0.0612111767052648,-26.1690064056723
3,"N15","CPGAVSHVWIESG",1232,0.0828168956307883,0.0584611685373999,0.0493378588112271,0.0397125633748824,-26.1703753189337
4,"C28","ECMDSSDSVVMS",1464,0.0786060485240613,0.0772557303879789,0.0768976950189388,0.108811196737886,-26.1749942703766
3,"Q19","VEPMESSESM",1326,0.122437061080702,0.043339390171814,0.0505499527565035,0.0409940976151489,-26.1756236546583
3,"F14","NNASFVEDLMADSRTTFQLV",991,0.130241401249745,0.132040690091338,0.117155162586864,0.148037793986449,-26.186308054032
4,"A26","NNASFVEDLMADSRTTFQLV",991,0.130241401249745,0.132040690091338,0.117155162586864,0.148037793986449,-26.186308054032
4,"B24","SRECMDSSDTA",1430,0.0641047699025894,0.0672832847593699,0.0621949001271334,0.0963789071337891,-26.1877665065822
3,"E29","EVPAESVESIEAAV",976,0.101863762497319,0.0893743845018767,0.0473749026179226,0.0380906580852848,-26.1964208691501
3,"N13","MDSSDTIIS",1230,0.0766169966408848,0.0751767980185896,0.0574450146128443,0.0481877019479646,-26.1985068085013
4,"I28","CPGLESADSHLDQ",1644,0.0281427942760241,0.025084519058957,0.0258808943013473,0.0714370382679861,-26.2104774639734
