"TS","spot","seq","unique_seq_idx","sfp_1","sfp_2","AcpS_1","AcpS_2"
5,"B30","CDWKISFCFC",2006,0.159009854097514,0.170709345103408,0.148057939624453,0.178163449516238
4,"E16","TPALHEGRDSIVSM",1512,0.0674742199540099,0.0719062320964524,0.147923015447119,0.10564858023572
4,"K5","SYMQHEGLESTVTR",1681,0.0741037415805213,0.0714360406396656,0.147300112262026,0.11464193242002
4,"G5","ACEMDSMEMMVSSCT",1561,0.0821045452158321,0.0803137516926074,0.147120427556744,0.104600658645788
4,"K2","TWFTRYCLESSDSCT",1678,0.0319855719045619,0.0276376860500537,0.147070224325281,0.10087720921842
4,"B18","QRFCCCSYMLCS",1424,0.11897877138733,0.11715317368504,0.146545034418805,0.145495763238939
1,"D29","NSASFVEDLGADSLDTVSLV",89,0.322272265359356,0.442563792238301,0.146010946456591,0.158746170281148
4,"T12","PCITSSNHVWNCCL",1958,0.109809443965445,0.116688254477893,0.145981533017219,0.110216249849182
4,"F17","VDVDPLDSMCSV",1543,0.0921924052529497,0.0967305175737632,0.145903677231365,0.0947189032917498
3,"K30","CECCICSLCMMVRP",1157,0.289290852902158,0.230037704615213,0.145841746650442,0.157921105810561
