"TS","spot","seq","unique_seq_idx","sfp_1","sfp_2","AcpS_1","AcpS_2"
1,"J20","VVESSTTCDGTTE",260,0.0113981108715643,0.0172299334417809,0.0657806702221409,0.0763169511226165
5,"R5","CCYPGDCSCSNSCQC",2461,0.154935379016546,0.140466296518921,0.0657731060487199,0.100042381736457
5,"K29","PHECTTSQTDNNRNC",2275,0.111887253300698,0.0992177970084149,0.0657492673868375,0.116684305487328
3,"Q30","DCIESTDSLISP",1337,0.156674463712408,0.0555077062511462,0.0657475105576619,0.0685448766780336
1,"J11","STSTYFSRYGLDSSASISLT",251,0.0875353090511046,0.0964603597988415,0.0655452001138633,0.0614956636203477
3,"P13","IEGLESSDY",1290,0.0658432617539025,0.0689278831264492,0.0654503071929714,0.0589373494784598
3,"E25","PVDSAESIDVVMC",972,0.133391869932824,0.126832371574286,0.0654023426897943,0.0902098697445638
5,"A20","PVDSAESIDVVMC",972,0.133391869932824,0.126832371574286,0.0654023426897943,0.0902098697445638
3,"K2","MDSTDTCVTGL",1129,0.042233049719924,0.062885293574424,0.065376634954516,0.0791438106143555
5,"L11","CCCSGPCTSSQTCQQC",2287,0.108789685671336,0.0934323459567711,0.0653407019123715,0.112884262148538
