"TS","spot","seq","unique_seq_idx","sfp_1","sfp_2","AcpS_1","AcpS_2"
4,"H17","DHCEMGHASIDLYHSQ",1603,0.162083930631501,0.156136799215882,0.151057104374044,0.0784009073264382
5,"R22","DQWERFGIESWESLDL",2478,0.166133222802324,0.148655209438252,0.151037991286239,0.135405919758674
4,"I5","LEAGHVSMDSV",1621,0.0402273252268598,0.0377027601529894,0.150989983393255,0.104661150456266
4,"H9","KPAESIYAIDQN",1595,0.0743416970097023,0.0794667837215386,0.150957646215452,0.124532392335307
5,"G2","TAWGRASADPCHWNCT",2128,0.0739675532918413,0.0778315814882048,0.150832297689426,0.138257509259488
5,"T9","CCYSGCCTCSQSDQQCCCC",2525,0.163939494013917,0.133501244690567,0.15069826602925,0.18629642903516
1,"E21","MSASFCEDLGADSLDTVMLW",111,0.219800450135574,0.406678758018524,0.150424759678321,0.186528804536834
1,"E23","NEASFSDDLGADSLDTVELV",113,0.141928189136046,0.124560170111506,0.150397697798016,0.173250816589392
4,"A8","GDSLWQLEMAIM",1400,0.266223864862922,0.308435284180511,0.150118472743856,0.170919390448259
1,"H23","TYFNRYGNDSSASISCTSDF",203,0.0726770596319717,0.096860748335499,0.150082778939689,0.166246170144609
