"TS","spot","seq","unique_seq_idx","sfp_1","sfp_2","AcpS_1","AcpS_2"
3,"D18","DSAETAEVAG",935,0.0357933102432692,0.0412316190443377,0.0266006625321887,0.0156530119721173
1,"C26","GIDSTDSALVPAE",56,0.00181231035156214,0.00154113610898959,0.0265327262306814,0.0201289426946868
1,"C12","FEVESSDSAEVTND",42,0.00685642278011469,0.00784021913489511,0.026436450183079,0.023751392995517
5,"R17","HYQEDLGVDSTDTCEAPDL",2473,0.0595761187202507,0.0595025883030077,0.0263372455496502,0.0808228427703285
5,"M6","DFPLESTDTPTLGCT",2312,0.0582731530340368,0.0357909853848855,0.0259710545129384,0.0805068438576551
4,"I28","CPGLESADSHLDQ",1644,0.0281427942760241,0.025084519058957,0.0258808943013473,0.0714370382679861
5,"M26","SEGKRCDDSTEGECEGES",2332,0.0535160034247677,0.0455173253051235,0.0256972504536035,0.0730166325817705
4,"G28","MTRCGVDSSDSMMASP",1584,0.0508033373527819,0.0534410370239275,0.0253570509870258,0.100532132047326
3,"H3","VDSADTVDVVVP",1040,0.0157034611479162,0.0415190909270415,0.0253018066212869,0.0380821875824798
5,"S30","EGNECMESSDGMDVGC",2516,0.0561050573017907,0.0561738564139786,0.0252692248469886,0.0871815602449884
