"TS","spot","seq","unique_seq_idx","sfp_1","sfp_2","AcpS_1","AcpS_2","measure"
3,"F7","VPLDSIETMEILC",984,0.114264334550381,0.131248864758874,0.133299036960417,0.158450026502812,-24.0388014091084
3,"C5","NSTSFSEDLGADSLDTLKTV",892,0.346418722033752,0.300189412564947,0.18483317450292,0.160615577865795,-24.0456019194214
4,"S6","NVAEVTSRTINNRCA",1922,0.215607110869118,0.221159454018011,0.187942577357825,0.16446302665185,-24.0691239862173
4,"L9","TCMQGCCTCSRRVWGCCMM",1715,0.385642116971973,0.342199295183041,0.294308772669918,0.272907189207402,-24.0737064899269
4,"C12","HGKIRHHASMGFHHT",1448,0.271003903895714,0.244438679066481,0.249837566756161,0.228154692528111,-24.0874933585454
3,"E2","NSTSFVEDCHADSLDTVELV",949,0.120948497842266,0.10668750789447,0.137536366528451,0.186618964794541,-24.0979639056647
4,"M14","VMTCSQSLWNKCM",1750,0.316993854403275,0.305741426770861,0.225372509792157,0.20353305860242,-24.0982833988744
4,"T5","NGLCLCSKRIYQKG",1951,1,0.991285493474332,0.728937606650266,0.711154071749315,-24.1147398400892
3,"H7","IGLDSVDSLDIVC",1044,0.124093048215912,0.160770671176754,0.138839038427612,0.176398442475479,-24.1504860236741
5,"D9","CREPIMSMEYIATLCC",2045,0.32617672268924,0.345573061123275,0.192770220354374,0.171692171177648,-24.1568862205713
5,"H3","TLEGHMSLVFCKS",2159,0.194565754310512,0.206474577385928,0.206259619082508,0.247500027497419,-24.1592395314384
1,"B20","DSLEFIAAKLA",20,0.400918809863995,0.510778296196539,0.138033350668917,0.115543142503072,-24.1808243680815
4,"R11","SCIGPCVSSSQKLNQCCAL",1897,0.313455992027994,0.315667936832171,0.293876288995172,0.275291285400094,-24.1932394670315
5,"H30","DDKHFCLISACFCI",2186,0.164482713196226,0.144747017650387,0.175584953328522,0.230985434652776,-24.2112234002635
3,"N17","ECMESSDFNAK",1234,0.367538170038767,0.288295169357996,0.111469380307836,0.0879014753946763,-24.2294048283751
4,"Q16","PCCTTSQRMWGCCV",1872,0.25271430204012,0.243064078333163,0.221265934770307,0.203319723498772,-24.2672487265476
1,"E5","SASFVEDVAADSLDTVELGM",95,0.04781119696054,0.0508651628886511,0.0929723130843374,0.114751498734756,-24.2956292154131
4,"A14","GDSLSWLLRCLN",1402,0.290619022584424,0.358242343037274,0.157003029448978,0.138194445725994,-24.2975613783136
1,"B18","DSLEFIASKAA",18,0.24143154614048,0.462555840494575,0.24850924684724,0.284728663814134,-24.2991083983973
1,"B1","DSLEFIASKLA",1,0.331320685980502,0.469349712137003,0.226499371713533,0.209399645779549,-24.3032539527325
