"TS","spot","seq","unique_seq_idx","sfp_1","sfp_2","AcpS_1","AcpS_2"
4,"Q8","VDISSKSANPHGLI",1864,0.129569020915566,0.119591836735074,0.176993284818086,0.135234405880989
1,"F17","NSASFVEDLGADSLDTVCLV",137,0.320835658911363,0.443792283519413,0.176718560695234,0.207451226246325
4,"E13","SHYVPQDSIDAYFTLVT",1509,0.454019663408435,0.451015410995006,0.176654645340273,0.143786515053204
4,"I10","MAGVDSRDILI",1626,0.0910325706851064,0.0829843063414199,0.176592133118549,0.14548324431939
5,"I10","HCIDCMASAIYCV",2196,0.15772860450607,0.137393767240298,0.17641529284215,0.169984931414294
3,"B11","NEAKFDDDCGADSLDNVECV",868,0.113670477771864,0.123974512926362,0.176391631637058,0.187765345941763
4,"Q9","MNPRVSMEFVLYN",1865,0.189625436842399,0.180507583838855,0.176335654728268,0.123069341417037
4,"F9","YGMDSFMLCSSTC",1535,0.333618883762413,0.343747909282909,0.176238093178345,0.148571456383688
4,"M1","SCMNPAEVTSKSANGKCM",1737,0.227353378754267,0.223554453519927,0.176216035619527,0.170024776720776
4,"H25","PNVVGGDSVAIRFLHLS",1611,0.23061095511452,0.18743604807624,0.17608190745447,0.205306515152876
