"TS","spot","seq","unique_seq_idx","sfp_1","sfp_2","AcpS_1","AcpS_2"
1,"J25","NEASFHDDLHADSLETVEEV",265,0.0868170583907525,0.0955634270482835,0.0603914340296681,0.0741853123270631
5,"M21","RPWDECSMDSTETCCI",2327,0.0734682271180595,0.0599863722564774,0.0602934977130696,0.111685546085175
3,"S11","VESSETA",1378,0.0805394295240913,0.0943254401839852,0.0602819800241388,0.0578328606771025
3,"K23","NGNDSDSTGLLSSE",1150,0.147787186086939,0.0682500194266784,0.060254484201756,0.0517343031767227
3,"J17","GFDSMDTTEIVYP",1114,0.0785033113099567,0.0739248158547716,0.0602389540169782,0.066910938843204
1,"E8","LDSSTTLAIGFM",98,0.0253943585760777,0.0298537850954084,0.0600499762259214,0.0592830496714281
3,"F10","PLDSLET",987,0.0536476561504497,0.0683564104814695,0.0600406261620397,0.0522371135866856
3,"K11","ADIDSSEVMM",1138,0.0477839697674622,0.0539103597415451,0.0600195051107419,0.0520723563419865
5,"N8","CCSPPCSCSQSCQNCNCC",2344,0.134114338725325,0.0927331779091893,0.0600038579711985,0.107036296736149
5,"E7","CQNCVDGVDSIDWIHSN",2073,0.246403887001819,0.372285187283511,0.0599995280917954,0.0872942925214019
