"TS","spot","seq","unique_seq_idx","sfp_1","sfp_2","AcpS_1","AcpS_2"
3,"O18","CIDSTEYC",1265,0.108587016488549,0.0752167280402942,0.109737380148156,0.109279371277639
4,"T26","CVQPCATTSQSVNQRCA",1972,0.168334972200224,0.172009824301359,0.109554166891299,0.183799818250599
5,"S6","WFKELGMDSFDTVE",2492,0.190905814709687,0.205068844444246,0.109336971405039,0.141882140490528
1,"H27","NNASFREDLSADSLDTWELV",207,0.0356191017300027,0.0447056709243168,0.109304428654393,0.153642594498171
4,"B23","TFYQRDGVCSEITVVVSSE",1429,0.144137905181425,0.156601514523872,0.109194987141602,0.116394581156928
5,"J4","LDKFLSAEFRATT",2220,0.143401338978443,0.15882161643948,0.109169565618228,0.191334413327206
3,"A22","NGAESSASKVVGCM",855,0.134638635196353,0.129678316269918,0.109091842134225,0.112463837207404
4,"T7","CFNDECPMESKDHT",1953,0.0325555376845985,0.0259270012485647,0.109017161112816,0.04382758814454
3,"J28","DSIETFETLAW",1125,0.157233914971805,0.0848593306737853,0.108302879166209,0.139308939874637
4,"H15","TWLQTVPPDSVIMKD",1601,0.0613064892054217,0.0640604838071735,0.108212562817253,0.0598403865438071
