"TS","spot","seq","unique_seq_idx","sfp_1","sfp_2","AcpS_1","AcpS_2"
5,"O18","PCCTSQTTQ",2384,0.106962912802647,0.0967989376234869,0.0723400735933548,0.127467779095591
3,"I20","AESIESV",1087,0.0680958149240191,0.0498650480289721,0.0721944600252286,0.0755760586934829
5,"O12","GPCSCSNTCQQCCCC",2378,0.147440561406893,0.139664719886082,0.072020805800287,0.134969760695318
1,"E15","NSASFVEDLGADSLDTVEGD",105,0.0567290817659142,0.0519122413404557,0.0719801006378997,0.0792108901343097
5,"C30","QQTHERIASACCIVEH",2036,0.0977790495990944,0.101183909004037,0.0719205861197202,0.125397316280458
3,"G15","LDSLEWAD",1022,0.055300322918805,0.0649047817299005,0.0718862672059763,0.089712458668415
1,"D30","EVESSDSCMHSSI",90,0.019140840795395,0.0285737638942773,0.0718662128904158,0.0721726994620559
3,"E10","SPANQSEDLGADSLDTLETV",957,0.0689598028979505,0.0664832919496276,0.071753121755148,0.0591884479046677
3,"G25","ADSCETLDIV",1032,0.0936149934549333,0.0535582958906006,0.0714988260724008,0.0657494232764837
1,"F5","NSASFVEDLVADSLDTNELV",125,0.0584772013951305,0.0753856012620845,0.0714704258873528,0.0822193281352126
