"TS","spot","seq","unique_seq_idx","sfp_1","sfp_2","AcpS_1","AcpS_2","measure"
5,"T29","TTEMGLESVDIMI",2545,0.0916935316569438,0.0846926547883673,0.0464523327711788,0.105343769877599,-38.6834295623
5,"T30","CSHGCSCSNSCQNCQCC",2546,0.133238955456828,0.115439141804214,0.0873931182648179,0.124161889376954,-38.6834295623
