"TS","spot","seq","unique_seq_idx","sfp_1","sfp_2","AcpS_1","AcpS_2"
5,"P8","CCCCSNTENQKQCC",2404,0.215821116497138,0.140793327708636,0.13308721131198,0.176942164142594
4,"B30","TSFNREPCESEISQSS",1436,0.0863477901482049,0.0851871745802357,0.132961352438109,0.0952429374397604
5,"Q24","TKGCCCSNTCQ",2450,0.21142113040411,0.193087100351517,0.132737439761769,0.177566819799913
4,"H11","DCDEGVLSMDTI",1597,0.0356871497287129,0.0392408880104811,0.132574045981854,0.0856070614899965
4,"F18","FPAESTLTCS",1544,0.0999535508418958,0.103064936180513,0.131536316548723,0.0785506208897206
4,"N13","DKMESLDMVETKC",1779,0.196391637531119,0.193844511205549,0.131364351040723,0.0893228332987344
4,"J6","CDAESADAVMIST",1652,0.037025671034457,0.0296614143149356,0.131356309419967,0.0941604665659933
3,"D25","AGIDSLDTLDVIMC",942,0.161803676799124,0.142286445153668,0.131328611487767,0.140604739327877
4,"B11","FINCDCLDSLETAS",1417,0.186530988821643,0.242491908169264,0.131269046455116,0.0760287921309713
5,"Q10","PRCCSCSQSNQ",2436,0.196443361273723,0.14045086881047,0.131023439972425,0.184271476234302
