"TS","spot","seq","unique_seq_idx","sfp_1","sfp_2","AcpS_1","AcpS_2"
4,"G12","YCMCSSAMMT",1568,0.0748779920671542,0.076738787767263,0.137976270249706,0.0937543841131117
4,"I3","ANCWPVDSSATCLSTCS",1619,0.0610771349285662,0.0574361788556125,0.137902245613363,0.0989835514794791
4,"B20","CEGLDSYAVCSTST",1426,0.12700308875306,0.121324775673163,0.137850221637577,0.1198938392301
3,"A14","NSAAFVEDLGADSLDTVELV",849,0.142693865554806,0.142397909384468,0.137780323545332,0.13856755783839
5,"E27","DRRHWQVCSMVPCASGC",2093,0.167960341285254,0.131703539265866,0.137708895396681,0.17274061563079
3,"E2","NSTSFVEDCHADSLDTVELV",949,0.120948497842266,0.10668750789447,0.137536366528451,0.186618964794541
4,"N23","DDCMGQESVMTKESH",1789,0.0193545008377023,0.0206194187980936,0.13752867060387,0.0789952381418401
4,"J2","DDACSAETI",1648,0.0430195880529466,0.0353312090541655,0.13750244050598,0.0938035551037635
5,"E15","LHCMIEPMDSADVWMTSWT",2081,0.122235058862273,0.0812215411516745,0.137073643707846,0.0925460853174209
4,"H21","APQMSIEYM",1607,0.074482720681277,0.0716372599794923,0.137072763812065,0.0934151996365718
