"TS","spot","seq","unique_seq_idx","sfp_1","sfp_2","AcpS_1","AcpS_2"
4,"Q23","SYQCDHHELSVETFVSMAC",1879,0.170743970027127,0.154441406851192,0.175606863881196,0.163994202895133
5,"H30","DDKHFCLISACFCI",2186,0.164482713196226,0.144747017650387,0.175584953328522,0.230985434652776
4,"K26","GCCSCSQRVWGCC",1702,0.223164969837403,0.230672340074465,0.17551825432419,0.181749942978454
4,"C21","QKYPMESTDFHALTC",1457,0.0864004245035616,0.0871086037250435,0.175362504820309,0.154875294750119
5,"I19","PWCCNMISKCWCCSEHC",2205,0.138446210011812,0.120600872642756,0.174975364688958,0.174879700576674
4,"Q4","CETCSKSAFQHCMM",1860,0.239999303688283,0.230020124927091,0.174913406853625,0.201101967559389
4,"T16","DVEYRMSAAMMESRAC",1962,0.0822932715240241,0.0659448906907017,0.174760236737533,0.160415381219981
5,"I11","NPRQYQICSKCFCCTQEC",2197,0.200270952582316,0.18486582245477,0.174515181213967,0.23703072440201
5,"D4","EDKFHTNVLSMCWCMSREC",2040,0.110019928361138,0.0865456101278737,0.174358478499838,0.159837083862272
4,"J14","ETRFKMVSMDWLETLLC",1660,0.160391852060884,0.157852028055734,0.174282632742556,0.138768017629878
