"TS","spot","seq","unique_seq_idx","sfp_1","sfp_2","AcpS_1","AcpS_2","measure"
5,"M25","SPPCSCSQTCQNCNC",2331,0.109615041278539,0.0921863848998727,0.0630062401346252,0.107189368083596,-38.6834295623
5,"M26","SEGKRCDDSTEGECEGES",2332,0.0535160034247677,0.0455173253051235,0.0256972504536035,0.0730166325817705,-38.6834295623
5,"M27","TKCCSCSQTDNQHQ",2333,0.0980744921722417,0.0945421748465331,0.0621203419437121,0.120490376831774,-38.6834295623
5,"M28","TGPCCTSNSDQN",2334,0.0854748082263154,0.0791942013816114,0.0485692302715005,0.108922205444432,-38.6834295623
5,"M29","KSEEEQDLDSTEGET",2335,0.0467869229658521,0.0503219243173062,0.0200027536086991,0.0857508373856911,-38.6834295623
5,"M30","WTGPCCTSQTCNQ",2336,0.0730988518986586,0.0906663480360846,0.0501716991784662,0.11488447441433,-38.6834295623
5,"N5","CCCPKGCTSSNTDQQK",2341,0.211681723541352,0.174503866984582,0.0929291853088652,0.126101393054966,-38.6834295623
5,"N6","CTGECSTSNTGQQCQ",2342,0.0755371027621312,0.0471960471701245,0.0390689640325675,0.0796701795274358,-38.6834295623
5,"N7","HCCCCSQSGNNC",2343,0.0986126423456923,0.0561217463850415,0.0521851904015817,0.100271617363913,-38.6834295623
5,"N8","CCSPPCSCSQSCQNCNCC",2344,0.134114338725325,0.0927331779091893,0.0600038579711985,0.107036296736149,-38.6834295623
5,"N9","KCSADSWETPSLS",2345,0.0700813803695041,0.0455841384534652,0.0330410664736222,0.0818489464631677,-38.6834295623
5,"N10","IEYPDSTESEDIICD",2346,0.0521451533415068,0.0326377550011934,0.0173863874916109,0.0690696601761806,-38.6834295623
5,"N11","YEEHIDMDSSCSIV",2347,0.0700983730696559,0.0561524810371029,0.031633539440458,0.0818463752759205,-38.6834295623
5,"N12","GPCCTSNTCQQCCCC",2348,0.13184975901764,0.123119513977648,0.070256890771981,0.129916349279789,-38.6834295623
5,"N13","SGCCCCSQSDQNK",2349,0.163817520988251,0.145877074651034,0.0899590096641449,0.145766575908518,-38.6834295623
5,"N14","DRMKLESTTSVI",2350,0.0963965638364074,0.093115066527976,0.0697081393705474,0.134689501285379,-38.6834295623
5,"N15","EEYPVDSSATMGD",2351,0.0733133631371847,0.0677065666362664,0.0361023155367992,0.0936396398223767,-38.6834295623
5,"N16","FTHDCTTSNTPQQCCC",2352,0.109466110342124,0.0927893637515138,0.078339462058702,0.117701152906077,-38.6834295623
5,"N17","DEEEPMDSSECIDL",2353,0.0547709575327563,0.0506040309861292,0.0191675977123641,0.0726334971131995,-38.6834295623
5,"N18","CCCCSNTQNQC",2354,0.106500538551399,0.0978512522576723,0.0599704351942328,0.104646178208702,-38.6834295623
