"TS","spot","seq","unique_seq_idx","sfp_1","sfp_2","AcpS_1","AcpS_2","measure"
3,"O8","EGLDSSDTC",1255,0.0728436747108818,0.0967420924823984,0.0705263259016153,0.0869168177909479,-26.2141021948017
3,"F22","MGMDSAESVDLAIG",999,0.0717084148020034,0.060223745234079,0.053800864150061,0.0448151465434403,-26.2197893431687
3,"H23","NEASCVGMLGADSNDTVELC",1060,0.127335617842486,0.109098253429054,0.114123027909572,0.121759568572705,-26.2281715031469
4,"A27","NEASCVGMLGADSNDTVELC",1060,0.127335617842486,0.109098253429054,0.114123027909572,0.121759568572705,-26.2281715031469
4,"D20","HVRRDSVESKMVMLK",1486,0.594578667269354,0.55390493564332,0.462610582738034,0.463518399988505,-26.228270546556
5,"S23","QSSSECTMDSWDTGEIT",2509,0.0642191292266359,0.0517032929522945,0.0615299458594799,0.085093927612794,-26.2387547916064
3,"R15","SICGAMSTELNTH",1352,0.10610311726713,0.0846412811996379,0.0748103495585481,0.0660695639700212,-26.2393788521524
3,"O4","EMESTDYRYTTIA",1251,0.0608110726385131,0.08369551011412,0.0579328399026931,0.076988672686411,-26.2515257243119
3,"G30","IGTDSMEEMECVEC",1037,0.138582721760332,0.113866780155543,0.0490518519702288,0.0404986498957529,-26.2546455217454
3,"K23","NGNDSDSTGLLSSE",1150,0.147787186086939,0.0682500194266784,0.060254484201756,0.0517343031767227,-26.2573572649334
1,"C21","NRYGTDSSSSISLTSDFGDW",51,0.0797920955417469,0.105213727208407,0.048243563266769,0.0397738085407808,-26.2615125973166
3,"L25","PVDSSDSQISGLM",1182,0.120948395990522,0.0658665976448084,0.0586458528718199,0.050216719713421,-26.2648725827227
3,"I12","QAESLDTLSVV",1079,0.0920948154351621,0.0928648024173873,0.0634442658298977,0.0550305047531461,-26.2661470242743
3,"K26","TMVGVDSTAVM",1153,0.110528331099376,0.0565822486224653,0.0623747389808814,0.0539854287742798,-26.268177506393
3,"B13","DSMEPADVGLL",870,0.0731269040405735,0.0944509588114834,0.0495273270655162,0.0411399879652703,-26.268341373384
3,"F30","EVGADSMETVEVIMT",1007,0.100551830553313,0.0787557173682249,0.0409520323320876,0.0325885978236784,-26.2703308107312
3,"E24","EDLPADSAES",971,0.0526255331587971,0.0484949992234695,0.0319787359394345,0.0237820870452912,-26.284322634891
5,"F10","ERHCFQMCSHCFCHT",2106,0.198216045513793,0.184339891571754,0.184179058513942,0.23199054031643,-26.2908974866314
3,"D26","LDSMET",943,0.0718552646464904,0.0793739894550566,0.0394082432212618,0.0313475583815298,-26.295875452912
3,"S9","VDSVDTVV",1376,0.0612344295975882,0.0698198882556901,0.0577140713664566,0.0645647459123552,-26.2961632679028
