"TS","spot","seq","unique_seq_idx","sfp_1","sfp_2","AcpS_1","AcpS_2"
4,"H1","NHDGADSTVLNTSSCC",1587,0.0822253429694812,0.0882721397020818,0.0537244371853378,0.142393809704355
3,"P30","MESHLLCAHS",1307,0.188998173926257,0.0651851171831932,0.0536965013083542,0.066919750211313
3,"O26","GIESSDF",1273,0.102382737873654,0.0933125769525758,0.0536570546390186,0.0608528761409421
1,"E16","KPLESSTSLIYPSV",106,0.0264430453295797,0.0295451346299142,0.0536517932013197,0.0558662693269948
5,"I26","VFPMESLEFVTTE",2212,0.311230001238113,0.439665326554268,0.0535969256883231,0.1092753722972
3,"P25","GIDSTDSMATPML",1302,0.144055440038834,0.12008668813222,0.0535382561207946,0.0563161805068564
1,"F3","NNASFVEDLGADSLDTGVLV",123,0.0326133022977863,0.0304172547187792,0.0534612954931636,0.0561513034981742
5,"O26","GCTTSNSCNQ",2392,0.0840289310517064,0.0786705046481563,0.0534261630287166,0.108394454977583
5,"J26","VENIVSYEGL",2242,0.073395907338261,0.0667873046657693,0.0532908421347862,0.113551942339126
5,"O11","KECCSSNTPQQ",2377,0.100517034412532,0.0815679249071761,0.0532903069811521,0.107837392976116
