"TS","spot","seq","unique_seq_idx","sfp_1","sfp_2","AcpS_1","AcpS_2","measure"
5,"A4","DALEFIASKLA",2,0.198196467100498,0.178195832173145,0.152831002397318,0.15555666859738,-27.5046941469801
3,"L29","NEASFVDPLGADSRDTRELT",1186,0.137921540979037,0.107926236689382,0.0546383996198014,0.0547990912982456,-27.5086141501621
5,"J5","PFADCIASHAEYVTGC",2221,0.0866391249997655,0.0817798068208962,0.0731322225976406,0.134522488389304,-27.5338472566414
3,"L4","DSTDTN",1161,0.0411129453505515,0.0744776221248633,0.0275997415049224,0.0469916226394165,-27.5353928822574
1,"I17","TSTSFNRYGLDSSDSISLTS",227,0.13217214548508,0.16561872365246,0.0820130546391027,0.0822910862728847,-27.5429173070146
1,"I5","TPFNRYGLDSSSSITLASDF",215,0.13014207446816,0.159591045646778,0.0841760440577394,0.0845602462052555,-27.5750029613537
5,"K21","ECCMDSSESAVNPCA",2267,0.0638187351291614,0.0546201563507324,0.050060971026539,0.104243615992042,-27.597302770449
5,"N20","CGLESSESCC",2356,0.0743682065999961,0.0669024841329739,0.0605741857941522,0.114521308500045,-27.6068162536311
5,"F26","CNMASHVPC",2122,0.105873680722918,0.0938876294077399,0.0920596822792874,0.13269597410643,-27.6120971673677
3,"J22","KMDSICTAD",1119,0.127883338646464,0.0798945604249515,0.0808512956240667,0.0813796995328228,-27.6202992184532
3,"G4","EDMPLDSMDTMDIMC",1011,0.0689200807177938,0.0799097314058424,0.0550733483281448,0.0759475507450713,-27.620810841559
3,"L13","SYMESHLTCVSSC",1170,0.160660798379795,0.141059319124941,0.106858912166874,0.109565255008123,-27.6298168255446
4,"S26","LGPCMSCSNTAFN",1942,0.0737853815226053,0.0731504830113396,0.0596785366436352,0.102547653643755,-27.692890990978
5,"C24","WCIVSRMWCLSECC",2030,0.157725983598081,0.133310255094358,0.141045067476792,0.145425436498317,-27.7204935539626
5,"T27","TRENKCEDSSDPECDGE",2543,0.055804689725718,0.0488074124449988,0.0414744796178225,0.0864025762153466,-27.7592257009931
4,"N9","NPVDTTSKRINPRC",1775,0.563120407648826,0.523863715455193,0.465168690578332,0.468219596593488,-27.7613558709733
3,"I22","ATSIETLD",1089,0.0953237601638792,0.067461686712453,0.0590813044623371,0.060093172594603,-27.7891397466069
3,"I29","EDVPVESMDTIDMVA",1096,0.10298321501553,0.0634604800755258,0.0524079249007102,0.0534863167528655,-27.814774102602
3,"C30","ESIETVEAV",917,0.0989791174039911,0.0359860035972532,0.0361244078359754,0.0372751378454121,-27.8434156338162
3,"R19","DPIDSRDI",1356,0.105226499676944,0.0850117686897762,0.0594222733667966,0.0606558559952173,-27.8772609039199
