"TS","spot","seq","unique_seq_idx","sfp_1","sfp_2","AcpS_1","AcpS_2"
4,"C18","TYQKDCVDSRMVCTT",1454,0.0620661793795856,0.069521777093815,0.140497432153136,0.107404921075854
4,"E23","TADPADSVESMISNSS",1519,0.0857057566925404,0.0812464446951049,0.140258269800001,0.116199926628544
4,"L17","AMMLSSQTMQPHGI",1723,0.0728370824621242,0.0713236630755296,0.140074981538248,0.0937558756250111
4,"N24","TGIDAESREAVCEQAC",1790,0.0309528171606668,0.0379527405198674,0.139933570395903,0.102124920049832
4,"D21","HDGAESTILNSDTTS",1487,0.074448903181349,0.0767743827344414,0.139412003011984,0.0895369997368841
4,"I11","DPLESSLTQCMT",1627,0.10413503186815,0.104179915029657,0.139096407329496,0.100192531903536
3,"H7","IGLDSVDSLDIVC",1044,0.124093048215912,0.160770671176754,0.138839038427612,0.176398442475479
4,"I8","WNRDCLESHIVCTT",1624,0.0683512145810491,0.0685063010334444,0.138316559777061,0.132230500915531
5,"E26","YNEHRCCILSECFC",2092,0.163042337048277,0.141716514536469,0.138243076024169,0.174284613572697
1,"B20","DSLEFIAAKLA",20,0.400918809863995,0.510778296196539,0.138033350668917,0.115543142503072
