"TS","spot","seq","unique_seq_idx","sfp_1","sfp_2","AcpS_1","AcpS_2"
5,"D22","GCCQYCVSFCWCK",2058,0.438636457177932,0.449353474593507,0.383019988717988,0.467596455589811
5,"E6","CQGRCFCMISYMYCVSPH",2072,0.257193617972088,0.217385529823782,0.382418135480954,0.276670832466153
4,"O5","VCCSCSKRLWQH",1801,0.571678847767324,0.526706506635042,0.381321707600405,0.445706618179389
4,"B15","CVENNASMCYFRTNW",1421,0.423930425425617,0.353604074134942,0.381206128268129,0.340713251785785
5,"H16","TNFGIVSHMWMVTKA",2172,0.354120901275778,0.322600478650299,0.377569619230892,0.383403957657117
5,"K10","NYCILSRVWC",2256,0.320734479251987,0.249373177494093,0.374746805436869,0.359073069856158
5,"I21","SCDWHVSFCFCKTQC",2207,0.331518824400344,0.329644450302317,0.374496134609626,0.409725658606042
5,"J18","DWHCCVLSFLQCR",2234,0.335696782145118,0.27805558203697,0.373498364984022,0.372903657471006
5,"G30","RSCNRCISMEWKK",2156,0.381540552650173,0.2983201639042,0.371512458498228,0.388566158861947
5,"G28","QNECRFCVLSKLQC",2154,0.402243623280679,0.342780676084807,0.37016260643172,0.413678001936104
