"TS","spot","seq","unique_seq_idx","sfp_1","sfp_2","AcpS_1","AcpS_2","measure"
3,"O18","CIDSTEYC",1265,0.108587016488549,0.0752167280402942,0.109737380148156,0.109279371277639,-13.458178002063
1,"B28","LDMESSSTMVVTWV",28,0.0146619557460833,0.0140678004288645,0.0213163947227292,0.0144734063346968,-13.474241903271
1,"D5","FNRYGLDSSSSISLTSDFGD",65,0.0532842918024635,0.0606900510734804,0.0702862585162121,0.0668170015949135,-13.5071099807355
3,"F18","LPIDSIDSAEQ",995,0.0442377772265604,0.0432913527779213,0.0480998664340022,0.0404747211514105,-13.5246659883918
1,"C9","NNASFDEDLGADSSDTVELV",39,0.012052486191436,0.014512894080939,0.0276802134548792,0.0240483358772394,-13.5250357276571
1,"C12","FEVESSDSAEVTND",42,0.00685642278011469,0.00784021913489511,0.026436450183079,0.023751392995517,-13.5520948971066
1,"D30","EVESSDSCMHSSI",90,0.019140840795395,0.0285737638942773,0.0718662128904158,0.0721726994620559,-13.5550086643983
3,"B14","DDIGVESMESIDA",871,0.0432938560039445,0.0720909476846904,0.041487690591052,0.0303475107093247,-13.559986088991
1,"E8","LDSSTTLAIGFM",98,0.0253943585760777,0.0298537850954084,0.0600499762259214,0.0592830496714281,-13.572934314856
1,"C22","VPADSTDTISLSSE",52,0.00581881644281839,0.00868403480157308,0.0408646718938357,0.0401551727609409,-13.5786080630993
3,"D8","DSMECVEA",925,0.0464696952333444,0.0710148518049281,0.0673198160458702,0.0650206362132194,-13.5814374356858
3,"F26","LGLESIETLEL",1003,0.11401889221771,0.0926399563438008,0.111634370032785,0.110887812387728,-13.588490562269
3,"I8","ESIET",1075,0.0139066334211153,0.0488878183974791,0.0382659167822681,0.0365258306908457,-13.5929314601645
3,"H12","DSLDSMDVA",1049,0.0553103043897162,0.0655084168543688,0.0626083277505916,0.0572343693763006,-13.5990129803596
1,"D28","VGEDSTETMIVPSE",88,0.000773295308600213,0.00181650903886569,0.0173401659423811,0.0144422683192875,-13.6035463084803
1,"G18","WELFSSTTVAGGM",168,0.0426413522949656,0.0427278795844468,0.0503350786923554,0.0451876837215858,-13.6086917698984
1,"B12","DALEFIASKLAXXXX",12,0.0207611676927352,0.0226235923904722,0.0463035121954126,0.0448278938434709,-13.6155202025241
4,"K4","TTIDDDPMDSIDYKIT",1680,0.202963593083535,0.161532407845414,0.186167996490779,0.120027464025681,-13.6163968120135
3,"J9","GSLEFDAKKW",1106,0.285350616334102,0.28420480590057,0.271597935561457,0.261845789940788,-13.6240771772209
1,"C14","YPIDSTDTGVMSVD",44,0.00966569725924681,0.0110707060047567,0.0322170097558453,0.0304311192454526,-13.6285129072434
