"TS","spot","seq","unique_seq_idx","sfp_1","sfp_2","AcpS_1","AcpS_2"
4,"L24","FYDEDMPNISHDVHESNI",1730,0.0580628860482645,0.0546851131681083,0.157133781650605,0.111163311003292
4,"J3","ADAENMDSMMSAHLQAS",1649,0.105482506591844,0.090525837087973,0.157112881023075,0.110076854614122
4,"A14","GDSLSWLLRCLN",1402,0.290619022584424,0.358242343037274,0.157003029448978,0.138194445725994
4,"S13","TYIEEDHEMSADMIDAV",1929,0.0697039145781694,0.0653768858953018,0.156892608892281,0.111298060545551
4,"R13","TCLPGCCSCSQHIYNCC",1899,0.122317838528659,0.128629433855808,0.156810466770836,0.12606224342586
1,"E25","NNASFSEDLGADSLDTVELV",115,0.226800687046329,0.204546721331927,0.156708681430521,0.175933314814066
4,"L14","QFTEAMPVDSADTVEAIC",1720,0.100817658418181,0.0995759594426569,0.156568440538611,0.108801807548224
4,"E7","CLNEIGLVSLEEVVV",1503,0.145730850334284,0.130805154378249,0.156518426968014,0.0939225826435412
4,"O18","CCTCSKHMWNCPV",1814,0.149947499212026,0.150908446152256,0.156343578614838,0.115930158582865
4,"L16","TCLNAMITCSNSIYQ",1722,0.178397498467865,0.176058242070008,0.156093055575777,0.111836960910526
