"TS","spot","seq","unique_seq_idx","sfp_1","sfp_2","AcpS_1","AcpS_2"
4,"O11","IPNDSVVGCDTHLV",1807,0.0901142729136239,0.0853323799087007,0.142737782177064,0.093444589756295
4,"R3","ACSTSKHAQ",1889,0.252467363837521,0.223230370373588,0.142707720929664,0.199018032023704
1,"I7","NNASFVEDLTADSLDTVELV",217,0.101720533569389,0.111506990633489,0.142625764830166,0.175317324526257
4,"F10","CYSCDMGLDSLEYLDTLPT",1536,0.306728423136066,0.364956188847351,0.142530786306952,0.0962258926835162
4,"G10","RFCIESEMACTST",1566,0.0463273622646546,0.0465409730263126,0.142356032784209,0.10597343641762
5,"C12","NKCCCCMLSECFC",2018,0.15526503739949,0.142417071379723,0.142185066343239,0.16910601390698
5,"L15","CFGRCCSCSNTQQQHCC",2291,0.185621228968419,0.165616027547352,0.141715201452504,0.19687026517654
4,"M16","AGPNSVCFMEAVV",1752,0.0926627385722609,0.0846883498560704,0.141639247470011,0.0941270664798519
1,"D21","SASFTEKLGADSLDTVELWM",81,0.236216875199097,0.380851607638364,0.141516489205075,0.235320484136234
3,"C20","AESLETGDHLR",907,0.092661925945707,0.164245189904291,0.141410141866163,0.134590511903713
