"TS","spot","seq","unique_seq_idx","sfp_1","sfp_2","AcpS_1","AcpS_2"
5,"E16","MEWAESLDWAK",2082,0.193700509059733,0.225438340767187,0.0866043504584929,0.0950994456663139
4,"B19","HWCVESWLMC",1425,0.0469415080250659,0.0285478918883436,0.0865960224129128,0.0686883040924051
3,"H15","NEIPNDSIDCI",1052,0.0927646739850456,0.100787282827124,0.0865763429405529,0.0951268142872966
3,"R26","STSTYQNRVGFDSSESISLT",1363,0.176483629771669,0.112350701556378,0.0864801741201479,0.0819782760499507
3,"O16","DPMDSTESCATGA",1263,0.10793029681364,0.0753654279265936,0.0863713592921381,0.0853453605663455
3,"P14","MCSHEVCI",1291,0.102928561369704,0.0993197028196707,0.0862507267330451,0.0845982519929901
5,"C2","HCCVISLAQC",2008,0.068374362835105,0.0756844429957648,0.0861751085936187,0.0953311096372812
4,"P26","DWMDSLDTL",1852,0.142217059443327,0.144893304497423,0.0860672099838791,0.0813414108106627
3,"R22","AESKETVARHAV",1359,0.147894802639641,0.132367172375867,0.0860389985472412,0.0930160229354053
4,"C24","SKCERVDFPSAVTM",1460,0.0864032132730869,0.0948278762798801,0.0859935646692698,0.116625496540177
