"TS","spot","seq","unique_seq_idx","sfp_1","sfp_2","AcpS_1","AcpS_2"
4,"L28","MEYRLSALMMD",1734,0.0739969170299675,0.0849830423953043,0.0576219679997132,0.12152406173618
5,"L9","PGGCTSSQSDQQRN",2285,0.100085103015624,0.0981953112899826,0.0575294291929713,0.120890367861188
5,"S3","REPIESADTATALSI",2489,0.082744887745153,0.11215575711302,0.057501820130485,0.117633473543983
3,"N13","MDSSDTIIS",1230,0.0766169966408848,0.0751767980185896,0.0574450146128443,0.0481877019479646
5,"T5","KYEMDSSDTCENPTV",2521,0.091979642645601,0.117001989804174,0.0573824078945864,0.097800135044468
5,"S12","WPIEWGDSSETEMIVR",2498,0.113637530217517,0.0897664990137953,0.0573669857398584,0.116354793557233
5,"R4","CYSKDCSSSNSSNQ",2460,0.129535526064089,0.139547427034158,0.0573487905162992,0.109150926834439
3,"N12","WMDSSESVITPL",1229,0.0593629445424415,0.0610763543601425,0.0572048144216145,0.052729885513445
1,"B14","DALEFIASKLAXXXXXX",14,0.0133916606684657,0.0165184078829137,0.0571784473904195,0.0496106889320122
3,"O28","DSLEPRASKDA",1275,0.161537110414749,0.108474843631963,0.0571103021542525,0.061161274024756
