"TS","spot","seq","unique_seq_idx","sfp_1","sfp_2","AcpS_1","AcpS_2","measure"
1,"I16","GHESTSSALISCD",226,0.0180435431836998,0.0295291836331116,0.0881474730428917,0.104923162435506,-24.4661513923591
5,"H4","CDHSVYKRMSIVQCCTNC",2160,0.160002342991124,0.165606577698535,0.164393820532337,0.221368880092254,-24.492235461752
1,"D20","EMDSTDSNMITCA",80,0.0176652951997493,0.0318001770435624,0.0848253424226172,0.097361008890992,-24.5002989565265
1,"J8","EMESTDSLCGGTA",248,0.012627322204844,0.0230952445844867,0.0791859192400995,0.089835866150648,-24.5074212640845
5,"G29","CNKCLSVEYKRSNC",2155,0.342945637620371,0.266073083163984,0.343927234673869,0.354600689620988,-24.535174034314
3,"L21","DSLEFINFKQA",1178,0.466967105484922,0.379523204989036,0.184924299710935,0.171637627903999,-24.543709264307
1,"F14","PAESSTSMMCGVI",134,0.0289614536269458,0.0428948756753506,0.0917144305706387,0.099563977600037,-24.5537025145012
1,"F29","NEASFEDDLGADSCDTVELV",149,0.018123271719283,0.0230830763282194,0.0800322333229517,0.0992728463321926,-24.5642636325559
1,"H18","VPADSSDTMSGTCE",198,0.0153293247988112,0.0276722019157915,0.0770749244900418,0.0865978999890071,-24.5663207179285
5,"L29","DCTTSQSGNCCCC",2305,0.0967707200528001,0.0957665189968737,0.103785895734071,0.150567153911411,-24.5681326931782
3,"A10","GDSLAWLLRLLN",845,0.348754937084999,0.400511256765213,0.153939372594587,0.140387135017264,-24.5692276646232
4,"A11","GDSLAWLLRLLN",845,0.348754937084999,0.400511256765213,0.153939372594587,0.140387135017264,-24.5692276646232
1,"G28","VDSTSSECAGVE",178,0.0137608046292339,0.0235569240989082,0.0750343765395101,0.087545295009253,-24.5722884741055
3,"S6","IEPLDSTDWLVR",1373,0.0168522062276991,0.0486125803937656,0.0773083575940781,0.0907602786129788,-24.5827079574219
1,"H30","YAESSSTDERGLE",210,0.0103224064049228,0.0125700997042031,0.0707085471122039,0.0775339030686617,-24.5836054362216
1,"I1","NEISFVDDLGADSLDTWELV",211,0.0239168155619508,0.026212540218331,0.0842141809518624,0.137788104006539,-24.5847446218908
4,"O26","PPACTCSKTAWQCP",1822,0.144736521898901,0.15831190804085,0.115887682913789,0.10100032007766,-24.5922524665465
1,"H14","ADLDSTESVTIPC",194,0.0197326653786213,0.0308688028372216,0.0791312912208489,0.0935301969389161,-24.5963511254534
5,"J17","ADPKISMDFHHTQCF",2233,0.123594186862548,0.101069031448935,0.127274153611959,0.166487288264516,-24.5984626419209
1,"G16","DMESTTSIDDGCL",166,0.0194388766582354,0.0314379862504919,0.0778846891596723,0.0885199332440287,-24.6088048607722
