"TS","spot","seq","unique_seq_idx","sfp_1","sfp_2","AcpS_1","AcpS_2","measure"
5,"H29","CCVLSHAWYI",2185,0.196044119223716,0.151455685721074,0.241241371559844,0.181253216662379,-9.28862557564441
4,"J6","CDAESADAVMIST",1652,0.037025671034457,0.0296614143149356,0.131356309419967,0.0941604665659933,-9.28917069913197
4,"D21","HDGAESTILNSDTTS",1487,0.074448903181349,0.0767743827344414,0.139412003011984,0.0895369997368841,-9.30408385249651
4,"G14","KYPAESHMVC",1570,0.0676982315355643,0.075719321109099,0.121186371314411,0.0595480991135477,-9.30486934558282
4,"B14","FNHDGLESHLVHSS",1420,0.0838092172825155,0.0809838225804728,0.155645797319501,0.111823855166623,-9.31416733340174
5,"H7","DDHCWCMMSHMWCV",2163,0.114122657406257,0.0734104712289534,0.182877540550659,0.139555644563075,-9.3237535651873
4,"K14","TGDDAPMDSAESAET",1690,0.0493404075707401,0.0493936678795168,0.11823429992143,0.0691312342245071,-9.33295516558101
5,"D19","QKHHWCMLSACYCATG",2055,0.245081739725264,0.21986990413501,0.3175672937451,0.280642916800523,-9.33635309913907
5,"H12","WQLVSAWFCCT",2168,0.198948344486774,0.144625860323548,0.250843511590576,0.200288230090404,-9.34144642267415
4,"L17","AMMLSSQTMQPHGI",1723,0.0728370824621242,0.0713236630755296,0.140074981538248,0.0937558756250111,-9.34423979148658
4,"Q15","EVEIPAMSIEMIK",1871,0.0893492400441588,0.0996760156720004,0.18228789551007,0.15007311545424,-9.34733582294461
4,"F16","CFGMESYDGMAITTC",1542,0.104519764640768,0.0997702753395857,0.168025056931165,0.122055088874408,-9.34967900911819
5,"G5","FGFASVIFRHT",2131,0.324569270857256,0.291066725635285,0.402415780804963,0.369596996396195,-9.35319969454005
4,"L10","CAGGCVSSSHSMQNC",1716,0.0811512557256741,0.0752195060175982,0.143254133887144,0.0950732473974315,-9.363568611891
4,"J9","TYWNKEPADSHIICTSSTT",1655,0.0515140626051751,0.0581087256618169,0.144957402268243,0.111772581388703,-9.37019557124632
4,"N20","EMLYRVSMDTVDFIA",1786,0.127807399239629,0.13235912811311,0.186693869176376,0.139973843873032,-9.37110727418656
4,"J23","EQIESLMSADEHI",1669,0.0828939724797765,0.0765455787514739,0.143591369874542,0.0950001877653741,-9.37280827146228
4,"N17","PTECPIDSHDKTE",1783,0.0563044347629456,0.0510668643645094,0.10754493759975,0.0441939621494761,-9.37712556872916
4,"O24","TCIPPVVSTSNSLQPCGL",1820,0.0692195199893569,0.0740474645328545,0.151152276197044,0.114590903152248,-9.3806591706444
4,"N8","WDDECGMMSLLLT",1774,0.100045433458888,0.0969099197037565,0.154466239490117,0.103109953629841,-9.38534035371495
