"TS","spot","seq","unique_seq_idx","sfp_1","sfp_2","AcpS_1","AcpS_2"
3,"I3","EELGADSADTADIAQC",1070,0.0345714967223468,0.0729748454417431,0.0346075377120978,0.0474263622481662
3,"F3","EEPPLESAENIY",980,0.0454120667237363,0.0479816617772633,0.0344027463421613,0.0477356463817706
1,"E28","VDLESTSTYTLP",118,0.00748382243776254,0.008922611982606,0.0343750499693191,0.0381331797472184
1,"C15","NKYGLDSSSSISLTSDSGDW",45,0.0429387363686174,0.0438899216052468,0.0343481748514724,0.029299567435972
5,"Q25","YTHPCTSSQTEQQC",2451,0.0757817976443168,0.0712795152252216,0.0342892393496521,0.0871943019062354
5,"O28","YDDLEIDSMDSLILSDD",2394,0.0668293519758818,0.0632143862680243,0.0342407592954362,0.110121007214037
3,"D15","ADSVDTMEVL",932,0.040103635308293,0.0545824220582233,0.0341634335900616,0.0256934381077991
1,"C8","APAESTSTAAVPTV",38,0.00494548200650074,0.00855399317589865,0.0341184570269313,0.0374483881077458
5,"R3","HSSDDLPEESTDTCSVGC",2459,0.0731498588003006,0.0944102996400457,0.0339925696350423,0.0847678725011095
5,"M22","YCEDDCVESSDPMEIPST",2328,0.0585288499695409,0.0489314077456041,0.0339417786901336,0.0855506276053805
