"TS","spot","seq","unique_seq_idx","sfp_1","sfp_2","AcpS_1","AcpS_2"
5,"S8","CCWGHCCSCSNTDQ",2494,0.122433671845742,0.0935772939573083,0.116086961492534,0.141008936732652
3,"K10","AGADSTSTAWLSCR",1137,0.18170395942856,0.198475728960707,0.116013837768166,0.122914733342189
4,"B28","AQREPVESKETL",1434,0.074011800252592,0.0821317165792993,0.116002408772164,0.118854426593299
4,"O26","PPACTCSKTAWQCP",1822,0.144736521898901,0.15831190804085,0.115887682913789,0.10100032007766
4,"F22","GPQLSVETWKTNM",1548,0.119120939922184,0.116899756160939,0.115833117482388,0.0654275167660384
5,"B16","GSAEPIISYEYHLS",1992,0.14627085881153,0.138285917503967,0.115328527167196,0.142822852198015
5,"P18","PKPCTSSQSCNNHN",2414,0.169691379009359,0.16836696005411,0.115295396292212,0.170770029155835
4,"S8","LPVISMDWKHT",1924,0.0940395394091736,0.064950241472829,0.114679448361333,0.0592828056035666
4,"C23","QFDVTNISAEKH",1459,0.101650619842189,0.105547961861491,0.114447151731578,0.1070383514628
4,"N10","WGEVDHQASHDWSRT",1776,0.12692479771807,0.12350541890383,0.114435013436098,0.056823767050682
