"TS","spot","seq","unique_seq_idx","sfp_1","sfp_2","AcpS_1","AcpS_2","measure"
4,"K15","VGGCATCSQTMWN",1691,0.0410064487212949,0.0376956236824831,0.0705160999666948,0.0155525569487257,-11.0890914597082
4,"T3","ECVDFIDSADTAFA",1949,0.0680581002262044,0.0623521875386702,0.11726023964131,0.109301537387579,-11.1097820959634
4,"J20","WHHMEEWGMSAYEK",1666,0.111614834645195,0.110637313956724,0.107336803764436,0.0498904862116757,-11.1139969799898
4,"F22","GPQLSVETWKTNM",1548,0.119120939922184,0.116899756160939,0.115833117482388,0.0654275167660384,-11.118262340041
4,"R22","SDNGIESKDTRDSRV",1908,0.110660547069102,0.115809478238281,0.164654385038895,0.158901080974806,-11.143196217986
3,"C20","AESLETGDHLR",907,0.092661925945707,0.164245189904291,0.141410141866163,0.134590511903713,-11.1509672313827
4,"S11","GGCCTCSRRIWGHCA",1927,0.328910765627905,0.264963372141773,0.346134420086491,0.33291474733902,-11.1530253727491
4,"T2","SCMGGCMSCSQSAYN",1948,0.0757420996434397,0.0669247426554429,0.0937316901057833,0.0683200962613631,-11.1662054326709
5,"C1","EGMESWDNCWD",2007,0.000616863816696064,0,0.0400224618575329,0,-11.1926762316303
3,"A3","DALEFIAAKLA",840,0.211976119871057,0.198273053653896,0.215416758660183,0.191492083104592,-11.2381403474609
4,"A3","DALEFIAAKLA",840,0.211976119871057,0.198273053653896,0.215416758660183,0.191492083104592,-11.2381403474609
5,"A6","DALEFIAAKLA",840,0.211976119871057,0.198273053653896,0.215416758660183,0.191492083104592,-11.2381403474609
4,"B20","CEGLDSYAVCSTST",1426,0.12700308875306,0.121324775673163,0.137850221637577,0.1198938392301,-11.2807445495382
4,"J5","IGLDSVEFSTITIT",1651,0.169491636377449,0.159620328933392,0.164919644727312,0.124993514022379,-11.3132988509353
4,"P24","IISCSNSAYGCC",1850,0.147023342265126,0.145046403636122,0.157399212033803,0.140716641249965,-11.3221009189603
5,"F19","WNHMSILYCHTQC",2115,0.205067041396001,0.181074591415516,0.2105336965567,0.190976275512427,-11.3227143801504
4,"C1","ADEDRAESIDSLWTDI",1437,0.0350990422690274,0.044127331315727,0.079970257960648,0.0494410276586367,-11.3462606869169
5,"F30","CENKISAFYCHTQ",2126,0.20089184856515,0.173128778121331,0.273267932694214,0.27136813016264,-11.3504111263682
3,"K17","AESSDTRLW",1144,0.0833656837908629,0.0841799145675866,0.0946964618019319,0.0722196481144357,-11.3989614068749
4,"A29","AESSDTRLW",1144,0.0833656837908629,0.0841799145675866,0.0946964618019319,0.0722196481144357,-11.3989614068749
