"TS","spot","seq","unique_seq_idx","sfp_1","sfp_2","AcpS_1","AcpS_2"
5,"H4","CDHSVYKRMSIVQCCTNC",2160,0.160002342991124,0.165606577698535,0.164393820532337,0.221368880092254
5,"Q11","CTGPCTSSNTCQNRQC",2437,0.232087479521576,0.171807278656321,0.164196494792347,0.232410872293843
1,"H29","STSTSFNRYGLDSSDSICLT",209,0.095153589290833,0.129516750585621,0.163639865836796,0.17015952740538
4,"B17","DFYTVSAELAS",1423,0.0753255748982326,0.0754426008241606,0.163490986315368,0.138794864844068
5,"B6","CEDHLCCMCSAVWCITG",1982,0.115466347970462,0.0891867975852773,0.163442317370917,0.135782170159172
4,"T27","EWVESADSKK",1973,0.277960709642623,0.219786688377109,0.16343571913876,0.246505399153217
4,"E19","MVHIESLDFMHSL",1515,0.47461587121615,0.521251417708473,0.163339371418385,0.120999758627008
4,"G19","TDWHILSIEFVETNL",1575,0.20842103891176,0.228843510275533,0.163287764696507,0.126039161667941
4,"J18","CPMESLEAMMTL",1664,0.316351321904643,0.332417058339763,0.163146069062861,0.105818588141241
4,"I4","SHEGVESLDSVIVNSE",1620,0.227310783969202,0.226602687665004,0.162732703203497,0.107696695034804
