"TS","spot","seq","unique_seq_idx","sfp_1","sfp_2","AcpS_1","AcpS_2"
4,"R12","GCITSSRTANPCCAM",1898,0.127107447444244,0.130395433585834,0.174103460121615,0.143300477782107
5,"H5","HFCSQLCSYCNC",2161,0.168459955470902,0.145746014607224,0.173985889944682,0.185457250655189
1,"G1","NNASFVQDLGADSLDTVELV",151,0.277906867584236,0.30607970973585,0.173849123599273,0.20306254014522
4,"T8","FTEEAPMLSICFVESNY",1954,0.15464408064734,0.14874149329358,0.173762260222099,0.13463736100295
4,"H7","HEGIDSFVTICT",1593,0.155861774843966,0.15651794499782,0.173712398380196,0.14257203315083
4,"C20","SYVTREGADSRESLLIT",1456,0.0917600579101202,0.101063287281524,0.173515757993416,0.147344675620897
4,"A7","GDSLDLLSYCLG",1399,0.483885330141728,0.536621743985796,0.173276576674194,0.240667474872748
4,"I19","YCIESTMSIML",1635,0.152158112781538,0.149576256443661,0.173107133655724,0.127293009704054
3,"K5","ESKEYCLK",1132,0.330420033420702,0.372160497363816,0.17296923742225,0.234386908163868
3,"P16","VVSKSFAMRNAE",1293,0.250103516623511,0.20442802083447,0.172955275046602,0.185799575733468
