"TS","spot","seq","unique_seq_idx","sfp_1","sfp_2","AcpS_1","AcpS_2"
5,"L10","YTSEWPMESTMSA",2286,0.0802128602177919,0.0768141377018887,0.0396687253053964,0.0988850046502778
3,"J1","EEAGMDSADTM",1098,0.0112775547238108,0.0335320913697722,0.0396584418933581,0.0337507269479459
4,"H27","QCCGAESIDMIAIT",1613,0.124340048700135,0.117475829537278,0.0396322175222778,0.0950627334610912
3,"L7","TDDEAVSTDINARTVA",1164,0.0792368068294861,0.122621285704471,0.0395271304833989,0.0585982055442231
3,"D26","LDSMET",943,0.0718552646464904,0.0793739894550566,0.0394082432212618,0.0313475583815298
3,"C2","ADSADTIDLMM",889,0.0879399976128645,0.105379793615252,0.0393624069901891,0.0429778825547615
3,"J13","PVDSAPSI",1110,0.0908284315910691,0.0855378740335001,0.0393290392788951,0.0334016808766273
3,"L20","MDGMESTDSQIH",1177,0.113317581849282,0.0669993480356094,0.0392807625902144,0.0276820292481984
5,"M18","EGEPRTDIESSDTC",2324,0.0587987458900871,0.0465928871712217,0.0392651221646283,0.0950116539061976
5,"P24","GSWECKVESADSMAVGCT",2420,0.0636344075342947,0.0533685797287225,0.0392527649807138,0.0841469879184196
