"TS","spot","seq","unique_seq_idx","sfp_1","sfp_2","AcpS_1","AcpS_2"
3,"K19","SLCPVESTESAMS",1146,0.108822905127633,0.085473427706676,0.0596007817478282,0.0526885044655368
5,"R18","QCPADSFECMTQDY",2474,0.114147340023257,0.114609698684289,0.0594592661730118,0.111801392355032
4,"C3","SSINKDGMESIVTQ",1439,0.0299630681783989,0.0351588851377765,0.0594277101471869,0.102784046054308
3,"R19","DPIDSRDI",1356,0.105226499676944,0.0850117686897762,0.0594222733667966,0.0606558559952173
3,"L19","DGMDSSLFM",1176,0.125639585467028,0.089838131045747,0.0591164618425436,0.0537832274759339
3,"I22","ATSIETLD",1089,0.0953237601638792,0.067461686712453,0.0590813044623371,0.060093172594603
3,"H5","EEMGIDSLETMEVMIS",1042,0.039210130698953,0.0782497105399851,0.0589832720197588,0.0956086955675925
4,"D28","TFNCDCADSKMAC",1494,0.102444010094406,0.100001875653854,0.0589605185338025,0.112012714804512
3,"G14","EWPVCSIDTV",1021,0.0736696719843043,0.0746412259827898,0.0589554803843327,0.0527407932031737
3,"H24","ESIESQEL",1061,0.085125589482193,0.0421537719468047,0.0588625655074049,0.0521707130254621
