"TS","spot","seq","unique_seq_idx","sfp_1","sfp_2","AcpS_1","AcpS_2","measure"
5,"O21","QPVESYESGSNGTI",2387,0.0738466171088968,0.0650190054798781,0.0513506183092113,0.117022159491602,-38.6834295623
5,"O23","EECEDESSETDTVP",2389,0.0438177798279768,0.0321675872835583,0.014991477678377,0.06822965330254,-38.6834295623
5,"O26","GCTTSNSCNQ",2392,0.0840289310517064,0.0786705046481563,0.0534261630287166,0.108394454977583,-38.6834295623
5,"O27","SEPHKCDESSDGD",2393,0.048400912667217,0.0434567148213358,0.0219153926969529,0.0783300767342265,-38.6834295623
5,"O28","YDDLEIDSMDSLILSDD",2394,0.0668293519758818,0.0632143862680243,0.0342407592954362,0.110121007214037,-38.6834295623
5,"O29","PSDDECDDESSDTD",2395,0.0364827224009369,0.0418375602142102,0,0.0691237408146121,-38.6834295623
5,"O30","ELGVESSALMDM",2396,0.0405815056834782,0.065114892763716,0.00452679161531015,0.0951018168723307,-38.6834295623
5,"P3","PKRPKCSIDSTESCCLPCI",2399,0.0890914308423468,0.105823180948746,0.0623556392665573,0.0955269769680189,-38.6834295623
5,"P4","CCTCSNTDQN",2400,0.0798393664286933,0.0769570025089168,0.0320594244325365,0.0733981967692461,-38.6834295623
5,"P5","RGDDKRCEDSTEGGT",2401,0.0793172585162334,0.0642465029825348,0.0183300822750062,0.056737331938988,-38.6834295623
5,"P6","SGRADIDSSDSDE",2402,0.0683696394404866,0.0423055541647053,0.0193532473730646,0.0636712525695802,-38.6834295623
5,"P7","YCDQCPLDSFECVDLI",2403,0.31062480190203,0.267328856364222,0.0927901183394961,0.129978429167434,-38.6834295623
5,"P9","HGCCSSQTCNQ",2405,0.118653919308254,0.0774862242338526,0.0843103657556163,0.130926054511741,-38.6834295623
5,"P10","GCTCSQTCQQCNC",2406,0.12734931438541,0.0907548384734049,0.0586621791601931,0.110630559388926,-38.6834295623
5,"P11","DELPIDSSSTCLDSY",2407,0.0813914623798443,0.0591101327606243,0.0487029457045285,0.103584449288117,-38.6834295623
5,"P12","GCCSCSNSNQNC",2408,0.112300089510826,0.089585170604875,0.0471926934987834,0.102920997272113,-38.6834295623
5,"P14","RDCSTSQSENQRN",2410,0.103888443725017,0.0972853482122507,0.0662166754358887,0.133796756504425,-38.6834295623
5,"P16","DFHKEDGIDSSDSVDM",2412,0.0595262062637032,0.059437526244862,0.036527324822931,0.0976885740866893,-38.6834295623
5,"P17","CCYPHECTCSQSCNN",2413,0.110423058571349,0.113803985855641,0.0829141255990984,0.125098430047351,-38.6834295623
5,"P20","HGCCTSQSDQNCNCC",2416,0.114144632711707,0.0939490987118627,0.0838326438365261,0.124422150663859,-38.6834295623
