"TS","spot","seq","unique_seq_idx","sfp_1","sfp_2","AcpS_1","AcpS_2","measure"
3,"O23","GDACSWLLRLLNGSGSGWGS",1270,0.134553996397096,0.124375803576101,0.0902962363330953,0.0915404852073548,-27.8817024849331
1,"I21","NNASFVNDLGAGSLDTVEVV",231,0.09400288701659,0.112871634121141,0.0357685220282348,0.0371044425243086,-27.9207118596766
1,"B21","DSLEFAASKLA",21,0.215107210545051,0.444513199797791,0.184578794953688,0.187667840073659,-27.968425270028
3,"E30","PMESLDSADACL",977,0.155112322774113,0.121786056454116,0.0666211795906519,0.0681505977808714,-28.0084146526399
3,"P27","ECVDSTET",1304,0.0949636327674739,0.0660529943844253,0.053211959543287,0.0548449206383713,-28.05870875087
5,"K16","DQFEHTEIESSESCTGPC",2262,0.0671007455581363,0.0504956143500265,0.0517885199328917,0.0974307697120427,-28.1180858807531
4,"F30","HYCMESKMMCSSS",1556,0.107299580748132,0.115093122241704,0.0919687923481376,0.126969009307671,-28.1262796024567
4,"B25","NHYPAESSESITS",1431,0.0664201531398477,0.0711352602541631,0.0510545242640138,0.0948346788465665,-28.1418420467744
3,"S24","PLVSSSTLIVGIM",1391,0.192608308992037,0.1654451780824,0.107750108122685,0.110842562518619,-28.1569854212373
3,"P24","CCLDSSDFNA",1301,0.14330676860945,0.120420498258957,0.0708168586821774,0.0726819929594794,-28.1816201802348
1,"F23","NSASFVEDLGADSLDTVEEV",143,0.0916773452426691,0.0881913947996398,0.0762169004010119,0.0880508850250081,-28.1854631557129
5,"C29","TSSQDGMDSIEEICE",2035,0.0401487102509685,0.0352100763079565,0.0246382057368956,0.0770873933689367,-28.2092848370624
3,"Q16","CFMDSTEVC",1323,0.12154054165974,0.0831399852042527,0.101124739017999,0.10421482867701,-28.2120819780031
3,"E3","EKYPQDSADCI",950,0.0765415856096334,0.0725970516072078,0.0609715793908816,0.078510431749687,-28.2383581682252
3,"B15","LESLESMEAMCP",872,0.0815490451215817,0.109808870460439,0.0582676263145459,0.0604215622284978,-28.3591731341446
3,"D30","APVDSIETIDMM",947,0.116549072871599,0.0729081902201013,0.0381158360347059,0.0403240927735632,-28.3964019403395
3,"E27","DSLDTIDVCV",974,0.13729344164419,0.122956964896053,0.0775631561589991,0.0799055082227231,-28.4947145033289
3,"Q28","VDSTDMILH",1335,0.118694437266338,0.0512787649858709,0.0496435224289585,0.0520925014814542,-28.5804313001256
4,"P29","TFEDEEGHASACSIE",1855,0.0470267269506657,0.0439904858527123,0.0308692595915805,0.0654304508878077,-28.5826172971202
3,"I15","GIESLDTIQ",1082,0.104468681960949,0.0950987232851669,0.0606159381594701,0.0630699833811578,-28.5846926736965
