"TS","spot","seq","unique_seq_idx","sfp_1","sfp_2","AcpS_1","AcpS_2"
4,"D6","MGADSAVTMRSK",1472,0.553605448938613,0.517806395803246,0.415960704514258,0.476754663408426
5,"J7","RYCFNAKSWCPCC",2223,0.392518844989753,0.334334564245131,0.410177065309906,0.510939273271066
4,"N22","CLPPCCSTSNKAY",1788,0.446715347623204,0.451318346885886,0.404368006449717,0.413762052043719
5,"G5","FGFASVIFRHT",2131,0.324569270857256,0.291066725635285,0.402415780804963,0.369596996396195
5,"I18","IECIMSWMYCAT",2204,0.184074979658168,0.115776588961473,0.3997595700673,0.221627684373052
4,"H22","CSDQHKSWWHTR",1608,0.493673588265421,0.398720578519745,0.396434245829017,0.367291675970488
3,"S18","STSTYFNRYGLDSSASISLK",1385,0.712299153087313,0.584072181019952,0.391674085110539,0.406224947823367
3,"S7","FEECICSKVAAARS",1374,0.580222822584903,0.614226241100652,0.389784105995037,0.466263377450144
5,"F5","GRWYEFVDSLEYHKYT",2101,0.398952569279081,0.462337415911362,0.385680723936376,0.349200710733293
4,"T10","NGCCSCSRSMF",1956,0.443611711340748,0.417189851575416,0.384633167370036,0.408414101647722
