"TS","spot","seq","unique_seq_idx","sfp_1","sfp_2","AcpS_1","AcpS_2"
1,"B15","DALEFIASKLAXXXXXXX",15,0.0163360026878367,0.0188871970399305,0.0620091330968311,0.0576803696969074
5,"T26","DGMESSDTVALEC",2542,0.0599778952746867,0.054156177831204,0.0620005161800052,0.101549583131983
3,"O25","AGADSVSTNLESSF",1272,0.134890371966803,0.117291683707175,0.0619265082668899,0.0618341250916303
4,"T24","WYGEVIGLLSRDTGDL",1970,0.122439663723712,0.127302545525303,0.061576605701106,0.0911188092337696
5,"S23","QSSSECTMDSWDTGEIT",2509,0.0642191292266359,0.0517032929522945,0.0615299458594799,0.085093927612794
3,"J21","VESMFSVE",1118,0.121774454374991,0.0806644937735526,0.0613944589270548,0.0574808320343737
3,"R20","CCVESSES",1357,0.078506713158206,0.0837175747887276,0.0613818572914066,0.0618537418898767
4,"E26","DLDHAFLASHEWWHILIC",1522,0.127625483400172,0.136252902935154,0.0612514321448409,0.152802557779187
1,"E1","ASFREDLGADSSDTVELVYA",91,0.0321936762130901,0.0396218263612843,0.0611185002824638,0.0636687382032696
3,"K8","DDPMESKELCVVT",1135,0.0883276046097987,0.125600356606468,0.0611109812875775,0.0758368206510597
