"TS","spot","seq","unique_seq_idx","sfp_1","sfp_2","AcpS_1","AcpS_2"
3,"H27","NGESRSDDLGADSLDFVELV",1064,0.346249403694541,0.261369154180888,0.214213828854246,0.300769454656042
4,"I27","WYQCFGADSRIIKTTS",1643,0.45670973984802,0.455463441983557,0.213876443939291,0.399147753883796
4,"P7","PGCITTSHSAQNRCLA",1833,0.240360552085951,0.224373574691796,0.21345687616958,0.179229899143781
5,"C4","YQGYCCCMVSHVFCLSNE",2010,0.153790416640557,0.130653609737293,0.212906883997422,0.194793145843312
5,"A12","VSIYFVITHLL",522,0.137067707029054,0.130064044747217,0.212699560614541,0.212990809291185
5,"S17","DCSCSQTCNCRCCC",2503,0.243224898417662,0.20819058539562,0.212541787593144,0.274810692767836
1,"G27","NSASFYEDIGDDSLDTVELV",177,0.176812535221405,0.243052850857151,0.211371961433412,0.266842269977745
4,"L30","PLCSCSKSIY",1736,0.598070705758013,0.575067570924973,0.210671023560333,0.551801038217966
5,"F19","WNHMSILYCHTQC",2115,0.205067041396001,0.181074591415516,0.2105336965567,0.190976275512427
4,"D15","FIEMVYILSVLRVES",1481,0.240913432983212,0.219997112307466,0.209540758590251,0.17581433689408
