"TS","spot","seq","unique_seq_idx","sfp_1","sfp_2","AcpS_1","AcpS_2"
4,"L3","SEDIPLISIMVADT",1709,0.0744860672047074,0.0636498309043249,0.130845666501981,0.0883850635302271
1,"H16","RACSSSTLLITCE",196,0.0477640789098434,0.0640289676877764,0.130576243178164,0.146457298624108
4,"C10","TWFQHFCLESHVACT",1446,0.0742588852325348,0.0712799995274114,0.130198676386794,0.0826295880714778
5,"P2","GECSTSNTPNQRCC",2398,0.17185838029651,0.196079019098702,0.130153353138883,0.191406892238828
4,"O22","VWHDSAEMV",1818,0.0578190301698774,0.0579311003673375,0.129985061352428,0.0800693223175497
4,"M25","SYTYDNFADSIETMEI",1761,0.138702094333622,0.150096374065541,0.129809738847085,0.0829545909594657
4,"C11","AQIYGCESLETCSA",1447,0.2789811057342,0.284630552746717,0.129779317244037,0.0816238444819799
4,"P10","PDVEYKQSLDVLE",1836,0.122107653372857,0.123209502969652,0.129387610655671,0.0745692377078099
4,"Q7","AEDFKNSAEIAD",1863,0.0571012302495306,0.0466481074692603,0.129253804914087,0.0715280449448663
4,"F8","WYNHEPADSSATKSTSSC",1534,0.112277152729722,0.116947847233616,0.128753441615085,0.0893086517101824
