"TS","spot","seq","unique_seq_idx","sfp_1","sfp_2","AcpS_1","AcpS_2"
1,"G17","NEASFVDDLGADSLDTFTLV",167,0.114484479198342,0.155124369751079,0.117421760113873,0.130420160323687
4,"D8","FMDQYYTVSMDAMHSQ",1474,0.0547537614849968,0.0656014662528676,0.117302249523324,0.0606033804589186
4,"T3","ECVDFIDSADTAFA",1949,0.0680581002262044,0.0623521875386702,0.11726023964131,0.109301537387579
3,"F14","NNASFVEDLMADSRTTFQLV",991,0.130241401249745,0.132040690091338,0.117155162586864,0.148037793986449
4,"A26","NNASFVEDLMADSRTTFQLV",991,0.130241401249745,0.132040690091338,0.117155162586864,0.148037793986449
1,"H17","NASFVEDKGADSLDTVELGM",197,0.0581366310313711,0.0666360959512469,0.116856206035601,0.137409941271918
4,"T4","VQPRDSMVSHHAA",1950,0.0794420922722815,0.0623604600187674,0.116739582629552,0.0928023594030081
4,"H3","QRYCAESKIIC",1589,0.115731498796587,0.113193510306729,0.116458277631796,0.117504534971268
3,"R17","WESSETNIKGMG",1354,0.305616750427956,0.191498194335127,0.116364464968493,0.0966412788330665
4,"S17","SWPDCLHVASIEWGEL",1933,0.0760405566935855,0.0924218370950175,0.1163431534856,0.0539083992096151
