"TS","spot","seq","unique_seq_idx","sfp_1","sfp_2","AcpS_1","AcpS_2"
3,"I9","DDAPIESLETADAV",1076,0.0376055583241104,0.0560062125464335,0.0556093024001526,0.0491923342585088
3,"I14","GIDSLESI",1081,0.12494114731778,0.112042014573996,0.0555505095577795,0.0541637865446093
3,"L17","TLDCVESRET",1174,0.11834708207863,0.103348921155715,0.0555070102497495,0.0502497325181155
3,"I16","EIGAPSMDS",1083,0.0635943752465696,0.0677615138419943,0.0554764527623677,0.0569302834385825
3,"C9","DMEAESIED",896,0.0226397278765297,0.0330000390015391,0.0553727259187042,0.0570149714233668
4,"I29","YNRWGADSRILCCST",1645,0.145688549103905,0.163011113662772,0.0553196557705752,0.169954577857444
5,"Q26","WQKRCHADSVESA",2452,0.125868530172523,0.122114418396335,0.0552777459523533,0.105541151351937
3,"G4","EDMPLDSMDTMDIMC",1011,0.0689200807177938,0.0799097314058424,0.0550733483281448,0.0759475507450713
3,"D5","IGVDSMESVELLDT",922,0.0630660295097879,0.0620707454052193,0.0549947655931691,0.0469514005335419
3,"K18","IDYVDSVEVHISPV",1145,0.110254309167341,0.105942139398128,0.0549033741534149,0.0526649506730288
