"TS","spot","seq","unique_seq_idx","sfp_1","sfp_2","AcpS_1","AcpS_2","measure"
5,"K9","HWQICSVFYYRS",2255,0.498991676799548,0.363507515572579,0.447666936919252,0.562394272423288,-37.1655091295568
4,"S10","CAPGCCTCSQKLYNCC",1926,0.481969328055964,0.45812091795785,0.446643318846742,0.478162968504683,-37.1657981265823
3,"P11","DSLETKASKLA",1288,0.705029138563988,0.70420159063436,0.437464687021344,0.447368702350246,-37.1684275362625
4,"P20","DFRLSAMVRKTK",1846,0.734735559920192,0.867777045211593,0.433933935530188,0.516837358585667,-37.1694576963134
4,"D6","MGADSAVTMRSK",1472,0.553605448938613,0.517806395803246,0.415960704514258,0.476754663408426,-37.1748728192741
4,"N22","CLPPCCSTSNKAY",1788,0.446715347623204,0.451318346885886,0.404368006449717,0.413762052043719,-37.178527851152
3,"S18","STSTYFNRYGLDSSASISLK",1385,0.712299153087313,0.584072181019952,0.391674085110539,0.406224947823367,-37.1826895347891
3,"S7","FEECICSKVAAARS",1374,0.580222822584903,0.614226241100652,0.389784105995037,0.466263377450144,-37.1833242459216
4,"T10","NGCCSCSRSMF",1956,0.443611711340748,0.417189851575416,0.384633167370036,0.408414101647722,-37.1850748190115
5,"D22","GCCQYCVSFCWCK",2058,0.438636457177932,0.449353474593507,0.383019988717988,0.467596455589811,-37.1856294280811
4,"O5","VCCSCSKRLWQH",1801,0.571678847767324,0.526706506635042,0.381321707600405,0.445706618179389,-37.1862166380818
5,"G28","QNECRFCVLSKLQC",2154,0.402243623280679,0.342780676084807,0.37016260643172,0.413678001936104,-37.1901633071225
4,"Q25","CVPGCLSSSNKVYQC",1881,0.594553098656127,0.541929501206973,0.369683035741733,0.46230731677718,-37.190336459451
4,"M28","CMQPVCSTSKRAQPRC",1764,0.853634102811599,0.823785073807878,0.366036862474233,0.844007975736779,-37.1916628336269
4,"S4","PCCTCSKTLYGHC",1920,0.479294986147595,0.454592093498963,0.36400292037173,0.472524051033222,-37.1924104401901
4,"R21","GPCATSSNRVYNCCMV",1907,0.407505013253554,0.346246052629979,0.363395417649028,0.371639457608349,-37.1926348254486
3,"A26","DDDHKAALDFSK",858,0.613014948969369,0.381419310591123,0.3622326707601,0.396058895779887,-37.1930657030509
3,"L30","AQCIASTSWKL",1187,0.71705116842533,0.50329656284557,0.361460761414035,0.393609471791716,-37.1933527772963
3,"O29","TCIGVCSKSQIAHRII",1276,0.486749769720397,0.682654064423371,0.360228877576156,0.41076317735132,-37.1938126306829
3,"L10","CQPLCSKTLMIHR",1167,0.686045256815941,0.654778321568929,0.359108677952808,0.400928241864168,-37.1942326368898
