"TS","spot","seq","unique_seq_idx","sfp_1","sfp_2","AcpS_1","AcpS_2","measure"
4,"N29","VGPCCSCSHHLYPRC",1795,0.378800707572475,0.345759898782019,0.160453643396639,0.304237521401668,-37.3314327372601
5,"J12","PQKDGYESKLFVCSVA",2228,0.205741277176599,0.176071485195766,0.15988899454119,0.214104161937944,-37.3322728286092
5,"M16","CCTPPCSTSQSCQQRQC",2322,0.25145215900623,0.218716992388184,0.158669233458097,0.223756256019971,-37.3341120586919
5,"Q3","SPCCTCSQTSNCK",2429,0.282036283166686,0.290764058752263,0.158664246799234,0.210052627917637,-37.3341196477414
3,"I26","DLPLDSLESAEMACC",1093,0.279545535444607,0.227729943549242,0.158626712432348,0.176759350659378,-37.3341767886807
5,"C23","LDGCLSLGYCHTQC",2029,0.238917997760042,0.245644744172214,0.15848144318286,0.167737399504075,-37.3343982494816
1,"F21","NNASFVEDLGADSLDTVELW",141,0.235513699791913,0.396203899779902,0.157948186518257,0.252273145342897,-37.335215421918
4,"G30","NHFCICSKLICTST",1586,0.268692835912353,0.305068501294793,0.157839111448444,0.266553030652627,-37.3353833963934
1,"E25","NNASFSEDLGADSLDTVELV",115,0.226800687046329,0.204546721331927,0.156708681430521,0.175933314814066,-37.3371410667184
5,"F17","GSCFGMESMVIHK",2113,0.226919884200675,0.216756043089519,0.155148968527858,0.210903005246508,-37.3396180803181
5,"T28","YSKECCTSNTPQQRN",2544,0.220970797479913,0.225771319625326,0.154412913354491,0.217526269320151,-37.3408086827361
4,"A18","GDSLSYMLSLIY",1406,0.517782442100815,0.530735291827685,0.154229523762165,0.165923999233867,-37.3411075427456
5,"K19","GRGCCSSQTCQ",2265,0.222373069657861,0.207320987966028,0.154198511348541,0.216268815912564,-37.3411581703932
4,"O29","SCLNPCLTSSKSAQNCCLV",1825,0.340010714158962,0.339115582584589,0.153321237870679,0.341311372508473,-37.3426010380605
4,"S29","GGCLTTSHHINQKC",1945,0.311794208301063,0.2624164386392,0.152747532714455,0.242038589975578,-37.3435560069154
1,"F7","NSASFVEDRGADSLDTVELV",127,0.21473964349361,0.233294015141669,0.152694595899739,0.180108826839802,-37.3436445849275
5,"D14","PTCDFKVSLMFCHTN",2050,0.20855529712292,0.210539220025445,0.152507985343601,0.234401828285545,-37.3439574635712
1,"J9","NASFVEDLGADSLDTVYLTM",249,0.282247615376485,0.345759996632679,0.152507459915844,0.17880009217774,-37.3439583459076
5,"C8","DQGFKCCLASFVNC",2014,0.189355331624991,0.181203598457027,0.151331790631357,0.176385359259852,-37.3459523731232
1,"I25","ASFVEGLGADSLSTVELSMA",235,0.338292654901718,0.451988318339204,0.151115313870387,0.195543963508977,-37.3463239091147
