"TS","spot","seq","unique_seq_idx","sfp_1","sfp_2","AcpS_1","AcpS_2","measure"
4,"Q23","SYQCDHHELSVETFVSMAC",1879,0.170743970027127,0.154441406851192,0.175606863881196,0.163994202895133,-11.8037797669336
5,"H26","CGKWNFNLLSVFWC",2182,0.273592984876697,0.217406240994032,0.263351681805433,0.224938430778711,-11.8344320034456
5,"D23","PYCFNCCSRCPCHSWHC",2059,0.243251510714171,0.195077093594468,0.253684569258489,0.246248116426787,-11.8355579483404
5,"D26","GRYRCNVLSKIPCCSG",2062,0.437641721791759,0.378256012366252,0.496624810354931,0.496635044396547,-11.8537680432354
5,"A12","VSIYFVITHLL",522,0.137067707029054,0.130064044747217,0.212699560614541,0.212990809291185,-11.8591220921539
4,"B19","HWCVESWLMC",1425,0.0469415080250659,0.0285478918883436,0.0865960224129128,0.0686883040924051,-11.8945282767864
4,"G24","EPLESREWAIMSCS",1580,0.110914178318562,0.125358017518816,0.104791687693519,0.0753678567514046,-11.8965024025049
1,"J10","MESSETMIKGML",250,0.0414368458744786,0.032877147081415,0.0797072292918407,0.0616021894831494,-11.9098903796976
4,"C23","QFDVTNISAEKH",1459,0.101650619842189,0.105547961861491,0.114447151731578,0.1070383514628,-11.95829357101
5,"C9","DNKFCWNMCSWCNCCTWH",2015,0.187788691074558,0.155759654084453,0.199742834353652,0.193972622855255,-11.9866036313428
4,"I25","DCIESEILCTSSTC",1641,0.0935457804258498,0.0954123969070231,0.125721352302368,0.123110345768764,-11.9923083328596
5,"F27","PNRILEWIVSLCFMMT",2123,0.175133708850171,0.140342421983157,0.179368319245414,0.170529908835699,-12.0284628226444
4,"N10","WGEVDHQASHDWSRT",1776,0.12692479771807,0.12350541890383,0.114435013436098,0.056823767050682,-12.0309204415736
4,"K23","CMQVMDLTSRTVNGKG",1699,0.317121932313158,0.321145425537594,0.314455194796814,0.301819951769791,-12.0488747095173
1,"G12","CPVDSSETQLAPVA",162,0.0131914562602846,0.0169032157610028,0.0502948874111837,0.0348153191884763,-12.0596743351704
5,"J18","DWHCCVLSFLQCR",2234,0.335696782145118,0.27805558203697,0.373498364984022,0.372903657471006,-12.0598568230507
3,"P17","CEAESHLYIDK",1294,0.197425183520628,0.115882141804217,0.184009601408827,0.126655576664444,-12.0911220633986
3,"D9","LEASFVDDLGNDSRDTVELC",926,0.0384642296370054,0.075775359967048,0.111822669825553,0.112256182064194,-12.1120238147954
4,"Q9","MNPRVSMEFVLYN",1865,0.189625436842399,0.180507583838855,0.176335654728268,0.123069341417037,-12.1395840983251
4,"O6","PLIESCSKTLYNCPLM",1802,0.154245139827877,0.147327976949664,0.143949127167737,0.113585208464779,-12.1750127089548
