"TS","spot","seq","unique_seq_idx","sfp_1","sfp_2","AcpS_1","AcpS_2"
1,"H12","CIDSSDTAILSTL",192,0.0328841101929105,0.046967247162526,0.0637734033417988,0.0684155624606505
3,"N14","NEAHFVDDLGADSTDYHELT",1231,0.0862860475125349,0.0726064454785754,0.0637589073734958,0.0562583867945595
3,"M8","PMISRDSCV",1195,0.13924589883581,0.149917375721037,0.0637183661958996,0.0851979022358256
5,"I25","DPMLSIEFMFEI",2211,0.117411378511732,0.115811097514819,0.063519476794887,0.118453225175866
3,"I12","QAESLDTLSVV",1079,0.0920948154351621,0.0928648024173873,0.0634442658298977,0.0550305047531461
3,"Q29","TACGMDSTDTMATSA",1336,0.162700746219504,0.0617505042037913,0.0634254077483818,0.0568285010588015
3,"J20","FWNDSMESADSACP",1117,0.0956539635178997,0.0804622949402398,0.0633570897260116,0.0675165371855947
4,"T29","AYHISAIYMESHP",1975,0.079674822428036,0.0881615389734595,0.0631800745340527,0.0871902157926929
5,"O4","KEDVVDMDSRLSL",2370,0.0735583172300506,0.0640991094939652,0.0631543317402782,0.106253398788142
3,"F17","NNASFSEDLGADSYDTVSLV",994,0.0711236839397481,0.0745244701138541,0.063145908794338,0.0532499437077914
