"TS","spot","seq","unique_seq_idx","sfp_1","sfp_2","AcpS_1","AcpS_2","measure"
3,"B29","IGCESVDQICM",886,0.154887393382682,0.0823664836409462,0.0741318431809324,0.0815013202732979,-38.6834295623
3,"B30","ESADTCDRVC",887,0.171604136790872,0.100181050430727,0.0696923697696999,0.0773301515479803,-38.6834295623
3,"C28","GIDSIDSMEAVMC",915,0.120940594146932,0.0918045814520292,0.0814829008436535,0.0853489055655074,-38.6834295623
3,"D1","NDSADSL",918,0.0502841652679199,0.071104566917524,0.029593447464087,0.0446208021903521,-38.6834295623
3,"D2","CPLPIESLET",919,0.0911304016416552,0.0825664250323023,0.0492517476342973,0.0603805390891587,-38.6834295623
3,"E1","VESLDTMEM",948,0.059804145927064,0.070175229038507,0.0207269839520529,0.0366619552500069,-38.6834295623
3,"E5","GIDSAETMEMCCC",952,0.0793389844990584,0.0703409446969735,0.0578399102351132,0.0616823036852189,-38.6834295623
3,"E25","PVDSAESIDVVMC",972,0.133391869932824,0.126832371574286,0.0654023426897943,0.0902098697445638,-38.6834295623
3,"F2","DMHMCSLETAEYMCS",979,0.188660942801901,0.194148237003565,0.065204471763265,0.108358506615559,-38.6834295623
3,"F5","NSASFSDMLGEDSGDTVELV",982,0.0701301405474595,0.0652040991144838,0.0468776261013376,0.0518192297672197,-38.6834295623
3,"G2","ESIETVELLC",1009,0.223614185304224,0.248164532068375,0.0727164628130995,0.119880285206296,-38.6834295623
3,"I28","DSMETLDVLCP",1095,0.13318918302761,0.0868299804075781,0.0785922749462888,0.0888119266217192,-38.6834295623
3,"I30","NDSMETDECAD",1097,0.15440447352372,0.103878400525589,0.0598883711886087,0.0664480608036073,-38.6834295623
3,"J17","GFDSMDTTEIVYP",1114,0.0785033113099567,0.0739248158547716,0.0602389540169782,0.066910938843204,-38.6834295623
3,"J20","FWNDSMESADSACP",1117,0.0956539635178997,0.0804622949402398,0.0633570897260116,0.0675165371855947,-38.6834295623
3,"J29","MESADTVELILI",1126,0.137167776962453,0.0808894854885557,0.0583516815908242,0.0636416656257983,-38.6834295623
3,"K3","TLNGVISSDSC",1130,0.0667611904114517,0.102109779710123,0.0488176124118232,0.0674278951632838,-38.6834295623
3,"K4","MMELISLITQIHG",1131,0.080800536654988,0.127502846157315,0.0444864953183832,0.0654903145156314,-38.6834295623
3,"K7","VDSSEYCLSGVL",1134,0.154435803120172,0.200697197487371,0.0744740101282176,0.100679748695528,-38.6834295623
3,"K8","DDPMESKELCVVT",1135,0.0883276046097987,0.125600356606468,0.0611109812875775,0.0758368206510597,-38.6834295623
