"TS","spot","seq","unique_seq_idx","sfp_1","sfp_2","AcpS_1","AcpS_2","measure"
5,"Q16","MGIESTDTGTL",2442,0.0828555995068198,0.0805623764577089,0.0498988194754084,0.111839788751256,-38.6834295623
5,"Q17","SEKCGLESTTSIADS",2443,0.0697752525560919,0.0606790190026396,0.0431485131607657,0.0984478456807697,-38.6834295623
5,"Q18","ESGADSMDIME",2444,0.0590068632651663,0.0554402703866816,0.0321328377810682,0.0926686166741207,-38.6834295623
5,"Q19","FSGECTCSNTCNQ",2445,0.118757430773246,0.104766820692384,0.0610711489189045,0.111536131537369,-38.6834295623
5,"Q21","CCSHGCCCSQTCQQ",2447,0.115577664557049,0.100974895255293,0.0798115967306005,0.125058690920009,-38.6834295623
5,"Q23","CCCSPPCCSSQSCQQC",2449,0.108509795739006,0.094557662937405,0.0732894118150733,0.115357944261517,-38.6834295623
5,"Q25","YTHPCTSSQTEQQC",2451,0.0757817976443168,0.0712795152252216,0.0342892393496521,0.0871943019062354,-38.6834295623
5,"Q26","WQKRCHADSVESA",2452,0.125868530172523,0.122114418396335,0.0552777459523533,0.105541151351937,-38.6834295623
5,"Q28","YPGECTTSQTGQQCCC",2454,0.109897264106991,0.0935936877844885,0.0650954799221303,0.119097136168791,-38.6834295623
5,"Q29","YTRCCTCSQSEQ",2455,0.125579971082997,0.122795501908961,0.0740478704655764,0.149682036985957,-38.6834295623
5,"Q30","CCGRECSCSQTCNQ",2456,0.104917366119801,0.102356777140857,0.0409732595891625,0.11007024055028,-38.6834295623
5,"R1","REPMDSIDTLVEVTV",2457,0.116525886026705,0.175250193702616,0.0539110851967018,0.12988186680193,-38.6834295623
5,"R3","HSSDDLPEESTDTCSVGC",2459,0.0731498588003006,0.0944102996400457,0.0339925696350423,0.0847678725011095,-38.6834295623
5,"R4","CYSKDCSSSNSSNQ",2460,0.129535526064089,0.139547427034158,0.0573487905162992,0.109150926834439,-38.6834295623
5,"R5","CCYPGDCSCSNSCQC",2461,0.154935379016546,0.140466296518921,0.0657731060487199,0.100042381736457,-38.6834295623
5,"R6","SREECGIESSDTCT",2462,0.0950511452010008,0.0825934901290566,0.0182755695798241,0.0665710946843989,-38.6834295623
5,"R7","PEVCADSTETCDAPE",2463,0.0882516458406088,0.0634264795202163,0.0146480306711143,0.065733144760556,-38.6834295623
5,"R9","NQDDGMDSTELI",2465,0.0766522847110747,0.0482339002145875,0.0464736416158818,0.109506664874454,-38.6834295623
5,"R11","DFWDDPPEESSETMC",2467,0.0594482702524986,0.0323661246823362,0.028746531535509,0.0844171339918525,-38.6834295623
5,"R14","YSHCCSCSNSENQ",2470,0.11022479120212,0.0921455965747892,0.0852772667465992,0.134843001164034,-38.6834295623
