"TS","spot","seq","unique_seq_idx","sfp_1","sfp_2","AcpS_1","AcpS_2"
4,"S3","TCAGGCMSTSQTMQ",1919,0.0820187685363272,0.0592477354830743,0.0787481212666494,0.0734385983349955
3,"L6","MLSVVVCMT",1163,0.148216980076235,0.203712411734243,0.0787400187708082,0.125930078951364
3,"I28","DSMETLDVLCP",1095,0.13318918302761,0.0868299804075781,0.0785922749462888,0.0888119266217192
4,"P4","CLQGCCTCSNTAYPHCMA",1830,0.10181856247855,0.0788245305044222,0.0785234869359172,0.0719146643900111
5,"N16","FTHDCTTSNTPQQCCC",2352,0.109466110342124,0.0927893637515138,0.078339462058702,0.117701152906077
3,"S21","GADSSECQMSPSN",1388,0.103221935133097,0.103718995995173,0.0783344147163687,0.0867820907795332
3,"C12","NNASFTEDLHNDSLDTVEGG",899,0.0737812607550215,0.0866880043000096,0.0781187078451312,0.0762825531658642
5,"L6","HNKIGIASLELAML",2282,0.293513556065808,0.279912099939289,0.0780135534955384,0.139380975242752
3,"S10","ESTETCMS",1377,0.076350043219883,0.0863668892500823,0.0779429209440988,0.0852669956329509
3,"H10","NNYGFNEDLGAMSLDTVELV",1047,0.130841031810583,0.140166197411507,0.0779308813532329,0.0706787786975376
