"TS","spot","seq","unique_seq_idx","sfp_1","sfp_2","AcpS_1","AcpS_2"
3,"G24","PIESMDTIEVAP",1031,0.0711628561204872,0.0359332328573226,0.0499408884908228,0.0452248155090791
5,"Q16","MGIESTDTGTL",2442,0.0828555995068198,0.0805623764577089,0.0498988194754084,0.111839788751256
3,"G11","DSAETVEA",1018,0.0375287417387921,0.0487528816250438,0.0497199309380652,0.0389185006058979
3,"F13","DDVPVESVDTME",990,0.0330893705141309,0.0397759088123332,0.0496535061191727,0.041652615295989
3,"Q28","VDSTDMILH",1335,0.118694437266338,0.0512787649858709,0.0496435224289585,0.0520925014814542
1,"J14","ADSTSTRVIGT",254,0.0245169241755093,0.0258624383233349,0.0496269501529,0.0549588011136718
3,"E23","LDSVDNYDAIM",970,0.0734334981603368,0.0670605174305612,0.0496119887585335,0.0438895097671032
3,"B13","DSMEPADVGLL",870,0.0731269040405735,0.0944509588114834,0.0495273270655162,0.0411399879652703
3,"N21","DSTEWIVHPIA",1238,0.0644938076274099,0.0239013827852994,0.049520582528127,0.0430888171679554
3,"N15","CPGAVSHVWIESG",1232,0.0828168956307883,0.0584611685373999,0.0493378588112271,0.0397125633748824
