"TS","spot","seq","unique_seq_idx","sfp_1","sfp_2","AcpS_1","AcpS_2","measure"
1,"E21","MSASFCEDLGADSLDTVMLW",111,0.219800450135574,0.406678758018524,0.150424759678321,0.186528804536834,-37.347518407714
4,"A8","GDSLWQLEMAIM",1400,0.266223864862922,0.308435284180511,0.150118472743856,0.170919390448259,-37.3480528153898
5,"E29","KPKAQKKDSMERH",2095,0.219661898749239,0.206717978923176,0.150008720571719,0.213307151028825,-37.3482450075118
3,"M24","TLAFADSKISCLITSV",1211,0.206864355006089,0.131176990719806,0.149168667205497,0.15450265289285,-37.3497284269417
5,"R13","EEPYESKCLAGAPK",2469,0.201190920087821,0.170864286394547,0.149131117262135,0.214659938345787,-37.3497952515865
1,"D29","NSASFVEDLGADSLDTVSLV",89,0.322272265359356,0.442563792238301,0.146010946456591,0.158746170281148,-37.3555100550466
3,"K30","CECCICSLCMMVRP",1157,0.289290852902158,0.230037704615213,0.145841746650442,0.157921105810561,-37.3558294918046
4,"B22","TYFTCDPIDSRDYL",1428,0.166747105543448,0.179799995506042,0.145064333064989,0.150263491055043,-37.3573104502696
5,"K11","KCNLCSMAFCIWPCC",2257,0.17726096449968,0.154648194869336,0.143782475615846,0.173758091561978,-37.3598013021484
5,"G21","MFPLDSAEYLVSNYS",2147,0.261171263463377,0.27375804440138,0.143720762671769,0.168265692777121,-37.3599227999115
5,"H23","ERHQFNMCSHCGCC",2179,0.161726814044662,0.138135836997683,0.142995556522075,0.181918639921939,-37.361361725017
4,"R3","ACSTSKHAQ",1889,0.252467363837521,0.223230370373588,0.142707720929664,0.199018032023704,-37.3619386265113
5,"L15","CFGRCCSCSNTQQQHCC",2291,0.185621228968419,0.165616027547352,0.141715201452504,0.19687026517654,-37.3639538264276
1,"D21","SASFTEKLGADSLDTVELWM",81,0.236216875199097,0.380851607638364,0.141516489205075,0.235320484136234,-37.3643622149575
5,"B27","CCIISICECMTKC",2003,0.243476102368042,0.198764829164894,0.141307560334315,0.193289058441229,-37.3647934067129
5,"E26","YNEHRCCILSECFC",2092,0.163042337048277,0.141716514536469,0.138243076024169,0.174284613572697,-37.3713413848536
5,"E27","DRRHWQVCSMVPCASGC",2093,0.167960341285254,0.131703539265866,0.137708895396681,0.17274061563079,-37.3725279960341
5,"J8","YQKLKEWHISMWWSKWNCS",2224,0.259307855485209,0.282807829490533,0.136855446976127,0.293932326637343,-37.3744535307757
5,"R8","YPKCCSCSQTTNN",2464,0.236714764580024,0.18571331991844,0.136829978528177,0.190425355791606,-37.374511565848
5,"S22","CCCTRGCTCSQSCQQ",2508,0.157310238468096,0.137612230837859,0.136749583857237,0.175463931456719,-37.3746949828387
