"TS","spot","seq","unique_seq_idx","sfp_1","sfp_2","AcpS_1","AcpS_2"
5,"E13","HCNMRSHAFCIT",2079,0.217651547116537,0.208899142909598,0.200237073059904,0.225174380061757
1,"F19","NSASFVEDLGADSLDTVEFV",139,0.301562378757941,0.31795090183388,0.200020539176818,0.246630455708321
1,"D13","NRASFVEDLGADSLDTVALT",73,0.330103617587375,0.428089836577418,0.199996951078249,0.239489307708103
5,"C9","DNKFCWNMCSWCNCCTWH",2015,0.187788691074558,0.155759654084453,0.199742834353652,0.193972622855255
5,"P13","CCFTRGCTSSNSNN",2409,0.223523936277123,0.200711316873837,0.199643976882336,0.252988940895119
4,"T1","PPCCSCSNSLYNR",1947,0.353052438877291,0.327654498336816,0.199596744509321,0.252724172439351
1,"H25","NNASFVEDLGADSLDTAELV",205,0.179889211471515,0.170403758165936,0.199516915529942,0.249107854942172
4,"A13","GDSLSWLVRCLN",1401,0.3160190179991,0.366028785800223,0.199331769312203,0.192671844499736
3,"I10","NENSFDDDLGADSLDIVERV",1077,0.192932217908279,0.190524193088368,0.198988553370923,0.248371026564228
1,"E29","NSASFVEDYHADSLDTVELV",119,0.237385869621536,0.235331669011828,0.198883491974077,0.261015484728818
