"TS","spot","seq","unique_seq_idx","sfp_1","sfp_2","AcpS_1","AcpS_2"
5,"I20","GYVWGWISLLYHHDNC",2206,0.224996742561295,0.184326063997448,0.278865226179035,0.281427157479648
4,"O9","AQVIDTCSRTLFN",1805,0.316729332274932,0.286636396142657,0.276954974045217,0.252738231772829
4,"Q17","CMNVMESCSRSMFNHCL",1873,0.227191101723363,0.218568478297457,0.275267978566496,0.261882715679266
5,"F30","CENKISAFYCHTQ",2126,0.20089184856515,0.173128778121331,0.273267932694214,0.27136813016264
4,"O21","IQVIDMCSHSLFNRCV",1817,0.313236912165179,0.299814893864111,0.272506118056909,0.257447741722825
4,"P11","TCMNPCCSCSKSLWNCCI",1837,0.329159377092219,0.30022222612354,0.272034052159246,0.247774846936737
3,"J9","GSLEFDAKKW",1106,0.285350616334102,0.28420480590057,0.271597935561457,0.261845789940788
4,"L5","PLETCSKHAWPR",1711,0.399839683914404,0.348912733194803,0.270620471786219,0.287049387174633
5,"F20","WNHASMIWCRSNC",2116,0.280891435995444,0.247042778355275,0.27042930754282,0.301514929241641
5,"C7","QKWCFQAHSFCGCCSWHC",2013,0.224787213928068,0.189532809930513,0.26983061657726,0.226547079795511
