"TS","spot","seq","unique_seq_idx","sfp_1","sfp_2","AcpS_1","AcpS_2"
3,"H2","SDSAESIEN",1039,0.0118396133878536,0.031328439643066,0.0251934650941466,0.0352095452328342
3,"H6","ELGMESAETADIMPG",1043,0.00735304406502677,0.0398016630694934,0.0247522895212399,0.0264136012788717
5,"C29","TSSQDGMDSIEEICE",2035,0.0401487102509685,0.0352100763079565,0.0246382057368956,0.0770873933689367
1,"J2","GGVESTDTIVISSD",242,0.00903175868425552,0.00256856018164932,0.0244622776104676,0.0235269627416895
4,"H29","RDDLCSLDTAA",1615,0.0996206891824481,0.105084586462248,0.0243448309404895,0.0988961880037959
1,"C11","NEASFVDDLGADSSDTVELV",41,0.0139042613270935,0.0139064916751292,0.024209102421079,0.0345729850855791
4,"B26","EPAASIEWIEV",1432,0.138314396658667,0.159765476004955,0.0241732637203103,0.0631683897097072
1,"J24","WPLDSSTTVWLTVM",264,0.0642043888933098,0.0788672303602116,0.0238146414314747,0.0223785674477766
1,"J6","EIESSDTVTITL",246,0.00690940693350855,0.00676179419683662,0.0237547467108809,0.0251346590566101
1,"D12","MDSSTTMDMTTE",72,0.00421293403491532,0.0080625278863532,0.0236054861536669,0.0221299323319381
