"TS","spot","seq","unique_seq_idx","sfp_1","sfp_2","AcpS_1","AcpS_2"
3,"I21","IGVESVCT",1088,0.13162184765037,0.105008408003045,0.108069630581499,0.112002782797184
4,"C9","SHCPAESVDALVSQST",1445,0.0667122987642257,0.0579299934861977,0.107986942250013,0.0480726266184439
5,"O24","SHSHIRAESWMSV",2390,0.128828831346082,0.119540738485109,0.107901762333893,0.130692419297217
3,"S24","PLVSSSTLIVGIM",1391,0.192608308992037,0.1654451780824,0.107750108122685,0.110842562518619
4,"K7","CWGVDSSLTVATTCE",1683,0.122425074055775,0.119838496458533,0.107675348411816,0.0810336458880699
3,"M6","DSLEKIACCLA",1193,0.283713777326763,0.399875597735801,0.10764030232098,0.163916619729535
5,"G8","THFGAESMDWMMS",2134,0.150157838167095,0.156371750681598,0.107636350456547,0.116992733681996
4,"J10","WWGKASVEYM",1656,0.0986463518212412,0.0875094403398895,0.107616970796991,0.0517073677643176
3,"J27","IESVDTVISL",1124,0.201845526249365,0.167916756747437,0.107610670740764,0.119847795342565
4,"A23","IESVDTVISL",1124,0.201845526249365,0.167916756747437,0.107610670740764,0.119847795342565
