"TS","spot","seq","unique_seq_idx","sfp_1","sfp_2","AcpS_1","AcpS_2","measure"
3,"E4","GADSMETIDVI",951,0.0680913945583299,0.0639937703957996,0.0448700908823947,0.0473351126062795,-28.5939882540047
4,"R1","TDIEHRASLCYSETHPC",1887,0.311702032129384,0.3396546628281,0.0867114500164957,0.089176860740708,-28.5943192741744
3,"R30","TENDVESRDY",1367,0.101712084880167,0.0556403855816249,0.0405038164087483,0.0431131379073974,-28.724976253783
4,"L28","MEYRLSALMMD",1734,0.0739969170299675,0.0849830423953043,0.0576219679997132,0.12152406173618,-28.7476500102925
4,"T29","AYHISAIYMESHP",1975,0.079674822428036,0.0881615389734595,0.0631800745340527,0.0871902157926929,-28.8517215767093
3,"A22","NGAESSASKVVGCM",855,0.134638635196353,0.129678316269918,0.109091842134225,0.112463837207404,-28.8620349207374
5,"S29","SGDCCSSQTCNQHNCC",2515,0.119691654866167,0.118816541924208,0.102444800727031,0.159908448592753,-28.862549858556
3,"O1","TDCFAESHESW",1248,0.0481999526602724,0.0157228404916951,0.0157625311327224,0.0185361700163921,-28.898578577318
3,"P25","GIDSTDSMATPML",1302,0.144055440038834,0.12008668813222,0.0535382561207946,0.0563161805068564,-28.9035352716552
3,"Q30","DCIESTDSLISP",1337,0.156674463712408,0.0555077062511462,0.0657475105576619,0.0685448766780336,-28.9263357432362
3,"S28","VDSSDTCMSGCA",1395,0.162467790910646,0.118139486666492,0.0694012157817467,0.0722120760513546,-28.942472420919
3,"K9","TVVYMDSMISM",1136,0.0793022363898262,0.0929966564465055,0.0627119214783855,0.0675283992981747,-28.9432830736954
3,"N9","MGYCSSPSWIYGME",1226,0.0987517435707044,0.0897918170752835,0.069719717685561,0.0726204838153687,-29.0571922059607
5,"E13","HCNMRSHAFCIT",2079,0.217651547116537,0.208899142909598,0.200237073059904,0.225174380061757,-29.2988015325032
3,"M26","DQPMDSRTYQIHT",1213,0.102384815649231,0.0946556820960163,0.0743194626037003,0.0774495907505096,-29.4284207649286
4,"O4","ELWRESVDLVQTKIV",1800,0.281680399790954,0.252966149624044,0.167618139541275,0.171133239023217,-29.4707316242831
5,"E11","CKWCICSIVWCKTGR",2077,0.499749292015637,0.477814788903529,0.48228364164264,0.539656920771865,-29.5217571923044
4,"K28","DADFMASMCSLHVVLT",1704,0.0942902938227023,0.105730946790962,0.0772554902443071,0.135356245287462,-29.5338082465841
5,"L30","EVPIESFESQAGPSD",2306,0.0450270840550491,0.0540848963837413,0.0278491275414628,0.0907851363093492,-29.8338859860758
3,"C2","ADSADTIDLMM",889,0.0879399976128645,0.105379793615252,0.0393624069901891,0.0429778825547615,-32.4485771789403
