"TS","spot","seq","unique_seq_idx","sfp_1","sfp_2","AcpS_1","AcpS_2"
3,"I8","ESIET",1075,0.0139066334211153,0.0488878183974791,0.0382659167822681,0.0365258306908457
3,"C6","GLDSVWSM",893,0.0133009210995977,0.0293914816236355,0.0382518065000986,0.0384070833470084
3,"D7","DNSMESMDSDEH",924,0.0390854845346561,0.0285787296985683,0.0382271061109758,0.0253692752036741
5,"M3","EPDEPADSSDCLDIPCM",2309,0.0192847849927541,0.02676933850371,0.038143805025044,0.0894464619534995
3,"D30","APVDSIETIDMM",947,0.116549072871599,0.0729081902201013,0.0381158360347059,0.0403240927735632
5,"T2","GRTPEMPVDSFDTQ",2518,0.0738539902126914,0.109154931958803,0.0380952519953325,0.105094593264604
3,"B18","EAGIDSMDSL",875,0.06062686357433,0.0759134037563697,0.0378810935941265,0.0299276669143608
5,"O17","DDYCMESHEAQE",2383,0.0678457458544514,0.057910394446659,0.0378492272746401,0.080833870306744
1,"C13","NRYGLDSSSSISLTSDFPDW",43,0.0553590629424445,0.0698700216761406,0.0377786090217075,0.034574759157184
4,"E29","EDGIDSHETAE",1525,0.0576326522991805,0.0531892798215357,0.0376425233000175,0.0643297151060263
