"TS","spot","seq","unique_seq_idx","sfp_1","sfp_2","AcpS_1","AcpS_2"
3,"H19","VGIDSIETAEV",1056,0.0739218161617298,0.0599808153512706,0.0703188426329839,0.0682621118650822
1,"D5","FNRYGLDSSSSISLTSDFGD",65,0.0532842918024635,0.0606900510734804,0.0702862585162121,0.0668170015949135
5,"N12","GPCCTSNTCQQCCCC",2348,0.13184975901764,0.123119513977648,0.070256890771981,0.129916349279789
3,"C4","VESCETVD",891,0.0633766773289621,0.0833693461617523,0.0702400972008344,0.0715017468443031
3,"Q14","CIESRDAQEHG",1321,0.0894335515867563,0.0787458622990382,0.0701350539891279,0.0631773729951899
3,"L26","IDGIESLDTFM",1183,0.106312218897544,0.0674401803299422,0.0700082389374281,0.0657646088257779
3,"M16","SCCPVESMEACVCHA",1203,0.106145793147862,0.0897561834753672,0.0699272305354967,0.0646145463332728
5,"B29","YDPHVDFMDSAEFCMSNIT",2005,0.0960834949370011,0.0966100614119975,0.0698272353792987,0.1188845275522
3,"N9","MGYCSSPSWIYGME",1226,0.0987517435707044,0.0897918170752835,0.069719717685561,0.0726204838153687
3,"H14","DSIDSWETCPF",1051,0.0516614045501733,0.0498008687114116,0.0697159016973013,0.0727463483288788
