"TS","spot","seq","unique_seq_idx","sfp_1","sfp_2","AcpS_1","AcpS_2"
3,"N29","FVESTEALATGVM",1246,0.178263488997921,0.126638585717927,0.0849071586806355,0.100567348361527
1,"D20","EMDSTDSNMITCA",80,0.0176652951997493,0.0318001770435624,0.0848253424226172,0.097361008890992
5,"G6","ECAISHCQC",2132,0.112423041776839,0.0952194542666646,0.0846021217868585,0.128887445849725
3,"S4","GLESKSFN",1371,0.143267392725223,0.210764466217958,0.0845862754818219,0.0780045024221922
4,"Q28","DTDSLCSRAFSDR",1884,0.243973212195448,0.238045013190304,0.0845131857389279,0.167112929825833
5,"O14","CWGPCCSCSQSNQQCQCC",2380,0.158059069322242,0.143733589295038,0.0844914666104269,0.136576495606055
1,"I30","VESTDSLLMSRV",240,0.0320966437258232,0.0274060609890399,0.084408955520329,0.086480464605417
5,"P9","HGCCSSQTCNQ",2405,0.118653919308254,0.0774862242338526,0.0843103657556163,0.130926054511741
3,"M20","NEASFVDDLGNDSTCTQEYT",1207,0.0839723018146282,0.0471430342271887,0.0842937015912605,0.0833832717033339
1,"I1","NEISFVDDLGADSLDTWELV",211,0.0239168155619508,0.026212540218331,0.0842141809518624,0.137788104006539
