"TS","spot","seq","unique_seq_idx","sfp_1","sfp_2","AcpS_1","AcpS_2"
4,"Q25","CVPGCLSSSNKVYQC",1881,0.594553098656127,0.541929501206973,0.369683035741733,0.46230731677718
5,"J22","QPWCFQLKSYCGCCTW",2238,0.348876320382833,0.302215343280436,0.369354427143576,0.390354619573563
5,"D18","PCHFCLCSKMYCMCWCS",2054,0.348039674710445,0.331790018851822,0.369055397887943,0.421729674800522
4,"M17","PPCVSSSNRVYNCCM",1753,0.384892671856381,0.362194753431275,0.367010410670013,0.33115224484317
5,"J20","QPCCQNCNSFCWCKSQC",2236,0.367306430160326,0.321550911416249,0.366802620014892,0.40782235153072
4,"M28","CMQPVCSTSKRAQPRC",1764,0.853634102811599,0.823785073807878,0.366036862474233,0.844007975736779
5,"D17","VDGRISALFTR",2053,0.361193983108613,0.308482102606306,0.365246952725744,0.394083983831803
4,"S4","PCCTCSKTLYGHC",1920,0.479294986147595,0.454592093498963,0.36400292037173,0.472524051033222
4,"R21","GPCATSSNRVYNCCMV",1907,0.407505013253554,0.346246052629979,0.363395417649028,0.371639457608349
3,"A26","DDDHKAALDFSK",858,0.613014948969369,0.381419310591123,0.3622326707601,0.396058895779887
