"TS","spot","seq","unique_seq_idx","sfp_1","sfp_2","AcpS_1","AcpS_2","measure"
4,"Q21","DEGLVSADTVHLMMC",1877,0.0623208674259185,0.0610691957838918,0.631505746828182,0.147192272445993,-4.88755975483461
5,"B1","FKCCVMSKAFC",1977,0.31444317683088,0.37393314430524,0.473145066284859,0.178035232978848,-6.61550610092217
5,"D1","QGWHCCALSIAYCMTWC",2037,0.154082518276047,0.125042694072257,0.345124057126191,0.116519378109797,-6.73994712705188
5,"G3","RCCLVSIIFCLYFDC",2129,0.259934425301822,0.199191793260624,0.482655573418335,0.307546705973454,-6.81686123340487
5,"I18","IECIMSWMYCAT",2204,0.184074979658168,0.115776588961473,0.3997595700673,0.221627684373052,-6.8537262274485
5,"F28","DPFMYCLCSVCYCACQCS",2124,0.264075431124062,0.184363138803667,0.438098341291311,0.296001989527554,-7.25964587388143
5,"F1","PKRWQIVSHIYCRFNH",2097,0.274103457109731,0.277617900061592,0.54363000548046,0.466735450686985,-7.42166158652625
5,"C14","QENYLSFCYCRSN",2020,0.489175022723056,0.381264717426351,0.634132293383871,0.503739463310372,-7.46289219965623
5,"I24","RQNFKVSVVNCRFQCY",2210,0.491306051328021,0.444039368716699,0.789503983124173,0.739579442329484,-7.69073528959079
5,"D2","CHFCMCSIMYCRT",2038,0.295893628532151,0.289857567663713,0.495059583275865,0.41710570879276,-7.70111682982621
5,"D12","HDYLVSLCYIKT",2048,0.398607847875494,0.32353435316657,0.506130355154709,0.383802063149216,-7.81369520596134
5,"K5","FCAMSILYCAT",2251,0.16454129480997,0.144542955260129,0.320029243713587,0.230866702939453,-7.85457518023961
5,"F4","YGMVSIVVIEW",2100,0.173346393607258,0.139968443461463,0.294198375127616,0.180551996762589,-7.85580285256687
5,"E6","CQGRCFCMISYMYCVSPH",2072,0.257193617972088,0.217385529823782,0.382418135480954,0.276670832466153,-7.85807861531559
5,"H6","FGECLCCLMSMAYCI",2162,0.184546887102213,0.152719701121718,0.315766550416702,0.213263697964348,-7.8732357684257
5,"B5","EDGFCWNIISIVFCVYG",1981,0.23049347784378,0.14609288142209,0.331324950394907,0.2127923707732,-7.95426076365788
5,"J29","QLVDWHISLYYTHSNC",2245,0.218133304566434,0.149799728028622,0.316332232133105,0.205325643007506,-8.04681890981444
5,"F24","CYQVHSYCWC",2120,0.234474233863233,0.174840468787954,0.330348343663015,0.22375585605751,-8.10027854834553
5,"D7","EPWIYCACSMCYCVC",2043,0.210350907107602,0.178041854152037,0.321874818321423,0.228446101558754,-8.10187364362975
5,"H9","EDCFWQACSVFYWACGES",2165,0.265387901201887,0.146316145422085,0.354432665388623,0.246278799261269,-8.13862908226045
