"TS","spot","seq","unique_seq_idx","sfp_1","sfp_2","AcpS_1","AcpS_2"
1,"D4","FPAESTSTPTMPSV",64,0.00460804443593806,0.00583608087493324,0.0331041687884756,0.0326773997716092
5,"N9","KCSADSWETPSLS",2345,0.0700813803695041,0.0455841384534652,0.0330410664736222,0.0818489464631677
4,"G1","AEPQDSCDWSKTL",1557,0.102177022106693,0.104758085654472,0.033037519520008,0.114560706149038
3,"C27","DEMGLESMDSVEA",914,0.0592767575966759,0.0378502380026855,0.0330227637041108,0.027015773924957
5,"L22","EDKDGLDSSTSC",2298,0.055276303154558,0.0428249939375115,0.032969428862149,0.0898827638605919
1,"D17","EASFVDDLGADSSDTVELVM",77,0.0111717297685517,0.0126681335253482,0.0323263778518219,0.0304525304544767
1,"D16","MDSTDTRVITLD",76,0.0115049412221175,0.0145458541837848,0.0323121091999562,0.0351515363450371
1,"E14","VDADSTETQMISI",104,0.00853692453738077,0.0116384080650901,0.0322908929846164,0.0333514858065698
1,"C14","YPIDSTDTGVMSVD",44,0.00966569725924681,0.0110707060047567,0.0322170097558453,0.0304311192454526
5,"Q18","ESGADSMDIME",2444,0.0590068632651663,0.0554402703866816,0.0321328377810682,0.0926686166741207
