"TS","spot","seq","unique_seq_idx","sfp_1","sfp_2","AcpS_1","AcpS_2"
3,"J30","VDSLDSLEALCS",1127,0.322013658989664,0.255389505994383,0.121748898356171,0.229124390994663
4,"R5","PCMTTSNSAQNC",1891,0.0670397590174349,0.0647332053840841,0.121623729273435,0.0996635831015615
4,"M7","AAEPAESREDADTMV",1743,0.0592244525887604,0.0607203534541631,0.121396572453173,0.0776436349487769
1,"G9","NNASFVEDLGADSLDTVTLV",159,0.262166320887111,0.285441652536008,0.121293656127318,0.126554010655019
3,"A17","NNASFVEDLGADSLDTVTLV",159,0.262166320887111,0.285441652536008,0.121293656127318,0.126554010655019
3,"M10","AGAYSTSTALLSCE",1197,0.173589940243475,0.163007820429267,0.121229997906115,0.133390887596003
4,"G14","KYPAESHMVC",1570,0.0676982315355643,0.075719321109099,0.121186371314411,0.0595480991135477
4,"B12","CFGTTNPMDSMESV",1418,0.0567703941174224,0.0492327331874868,0.121111739763293,0.0569739451832445
4,"B10","SWAEAEGKESMDSMTTIV",1416,0.0426495330146719,0.0369210399122641,0.120839785046275,0.0694067482586515
4,"F15","DPAESHAMCS",1541,0.0493571695433607,0.0509456900081575,0.12082984681685,0.0825237885306771
