"TS","spot","seq","unique_seq_idx","sfp_1","sfp_2","AcpS_1","AcpS_2","measure"
5,"A10","ISIEYMATRLN",577,0.164299332894756,0.156384979791464,0.191639635326854,0.202367463510925,-23.7449436357696
5,"I8","CWNMCSWCWC",2194,0.192028628973105,0.117166803621073,0.217912905692064,0.222054387181089,-23.7542834642322
4,"F11","YFDEDGINSINVFETMI",1537,0.251230940851872,0.236706531736283,0.178790530158724,0.144948329469818,-23.7556481654082
4,"F23","EVDVLSREYKII",1549,0.272494163619104,0.243503422760292,0.206503282908914,0.17373573167961,-23.7567574373563
5,"J24","RCCVLSVAWCVTGC",2240,0.165288339990541,0.132912123604443,0.191992617798869,0.196312688937624,-23.758844486421
4,"H22","CSDQHKSWWHTR",1608,0.493673588265421,0.398720578519745,0.396434245829017,0.367291675970488,-23.7633253102966
4,"D17","NKVSVRRISIEWR",1483,0.374500278187099,0.339687811005391,0.338025071435234,0.308768269982865,-23.7812240352548
1,"D25","NSASFVEDLGADSLDTVELD",85,0.0808168132734755,0.0729863914643994,0.113721566247893,0.127084579440524,-23.7840497223059
4,"E13","SHYVPQDSIDAYFTLVT",1509,0.454019663408435,0.451015410995006,0.176654645340273,0.143786515053204,-23.7844990106801
5,"D18","PCHFCLCSKMYCMCWCS",2054,0.348039674710445,0.331790018851822,0.369055397887943,0.421729674800522,-23.7937809000937
5,"T15","CCFGPCCSCSNSNNNR",2531,0.258985743013179,0.206110652537255,0.281384510561865,0.302688076276269,-23.7967847346024
4,"N7","LGVVSVDILETIAN",1773,0.187303389913749,0.182285875775222,0.161058908121112,0.128153636521042,-23.8041030653568
5,"J22","QPWCFQLKSYCGCCTW",2238,0.348876320382833,0.302215343280436,0.369354427143576,0.390354619573563,-23.8076974434509
3,"M21","CWMDSTDWKA",1208,0.238501951131714,0.089158204092575,0.119361982909085,0.0838693115403389,-23.8304457179183
4,"I12","ASHDPVESFDSALLTTC",1628,0.210948838320441,0.20400163121379,0.186779652786466,0.157161929198038,-23.8663262750349
5,"J7","RYCFNAKSWCPCC",2223,0.392518844989753,0.334334564245131,0.410177065309906,0.510939273271066,-23.8708898824547
4,"N16","GCDSSSRRINQCC",1782,0.314744990658062,0.299785008073337,0.265466342898333,0.237964537447784,-23.8711563430956
3,"K12","EACSAEFYMKSGL",1139,0.371018484871655,0.276655046149358,0.17010980501031,0.140897661926889,-23.898158283779
4,"H18","HWGVESHIIKS",1604,0.299040666218839,0.289553639643379,0.222909251351385,0.195744945836921,-23.9103815315745
1,"H25","NNASFVEDLGADSLDTAELV",205,0.179889211471515,0.170403758165936,0.199516915529942,0.249107854942172,-23.9256054041748
