"TS","spot","seq","unique_seq_idx","sfp_1","sfp_2","AcpS_1","AcpS_2"
3,"L16","SIDDMESLDTMMTSS",1173,0.0879024550600293,0.0801033859427174,0.0460937067457111,0.0403452945954733
5,"P26","QPMESTFSCELG",2422,0.0682224941776469,0.0648367713346495,0.0460804253206482,0.0994843769663333
3,"G27","EPPIDSVDTDLPVMT",1034,0.0752471314248963,0.0542086090890737,0.0457974351921073,0.0407278988559729
5,"K4","SIGGMDSRLLCE",2250,0.049745726477703,0.0636709679410349,0.045784096158351,0.110785373429951
3,"C29","EPLDSMDF",916,0.0917771194753038,0.0409164995660585,0.0457140602858287,0.0396878165538104
4,"D4","KFPVDSSESMSDSG",1470,0.0396761763022519,0.0367490655372876,0.045525853096214,0.0912139481321416
3,"E11","GMDSAETADAA",958,0.0345901559618461,0.0447929886032785,0.0454217674176585,0.0366339190787511
4,"D26","HEPIDSTITCTS",1492,0.0759732446038851,0.089217882250648,0.0453659120871745,0.114070120989198
1,"I19","NEASFVDILGADSMDTVTLV",229,0.0319886780005543,0.0431067885035194,0.0452680637703549,0.0456596479433592
5,"N4","FCAESKEMQ",2340,0.0466611481835423,0.0367479863682282,0.0452517885685832,0.0860458668379268
