"TS","spot","seq","unique_seq_idx","sfp_1","sfp_2","AcpS_1","AcpS_2"
4,"B21","SWFQCDGVDSTLTHCDN",1427,0.0398816352275957,0.036625560904852,0.114304412963165,0.092970704639526
3,"Q24","CCDDAVSMEFKVSRG",1331,0.262442285038318,0.223526950729682,0.114244624327628,0.118532568993682
4,"C8","SKRSMQPLDSAETV",1444,0.0589870549134846,0.0595921794166949,0.114187847394381,0.0646905387306153
3,"H23","NEASCVGMLGADSNDTVELC",1060,0.127335617842486,0.109098253429054,0.114123027909572,0.121759568572705
4,"A27","NEASCVGMLGADSNDTVELC",1060,0.127335617842486,0.109098253429054,0.114123027909572,0.121759568572705
3,"N16","CMESLDTQDKQC",1233,0.124236862878428,0.0959313067164546,0.113869725667092,0.110386143876534
1,"D25","NSASFVEDLGADSLDTVELD",85,0.0808168132734755,0.0729863914643994,0.113721566247893,0.127084579440524
5,"F16","PSMEGAESRWFME",2112,0.103441190096785,0.0916968646164504,0.113692854409751,0.100644868045956
3,"P29","MESIDYHMRSC",1306,0.230508976476388,0.195175029533074,0.113584343118491,0.145929726202982
4,"A25","MESIDYHMRSC",1306,0.230508976476388,0.195175029533074,0.113584343118491,0.145929726202982
