"TS","spot","seq","unique_seq_idx","sfp_1","sfp_2","AcpS_1","AcpS_2"
4,"J28","YQHYCICSFLLCT",1674,0.145708863088237,0.155242031456646,0.0823907478759386,0.190386285896465
4,"N3","SCAGIMATCSQSIWNCP",1769,0.0799214670759484,0.0762876463174603,0.0823635884398014,0.0669032577609608
3,"P8","DLFAESHATIAR",1285,0.293348076383363,0.317216860318974,0.0823585518240342,0.0964194777797393
3,"I23","APADSLESAEK",1090,0.1174457756257,0.150030126451018,0.0822042853219082,0.0760619280978359
1,"J1","NRYGLDSSDSIKLTSDFGDY",241,0.132875930630537,0.154458766133255,0.08215697378999,0.0779171229269373
1,"E24","MGICSSSSWIYGME",114,0.053229835867031,0.0500433823469095,0.0821220305339155,0.0778989947699636
1,"I17","TSTSFNRYGLDSSDSISLTS",227,0.13217214548508,0.16561872365246,0.0820130546391027,0.0822910862728847
5,"R19","PCTSSNTCQQCCC",2475,0.13477063136661,0.116435512125757,0.0817303414353161,0.126093822336961
5,"L24","KPHDDLWADSIETHVCTC",2300,0.105461247729404,0.101129806355222,0.0815268614285343,0.130379620084229
4,"I26","TYTIFPMDSWEPATLSTC",1642,0.0719338146906096,0.0738958509451593,0.0815245477308129,0.112422122595399
