"TS","spot","seq","unique_seq_idx","sfp_1","sfp_2","AcpS_1","AcpS_2"
3,"F23","PVDSLDSAEVIP",1000,0.0714540095158614,0.0542017639424958,0.0665335006045922,0.0616896663757858
5,"C5","NTHVHGVMSVANADSQLG",2011,0.0855976452875821,0.0751697130517617,0.0663028108458127,0.126475900761886
1,"I20","FVDSSETMMVGRM",230,0.039877955364526,0.0492927861043317,0.0662544865805643,0.0631799712803192
3,"J25","LGLESMDF",1122,0.145148411103607,0.0851116787015307,0.0662488545035935,0.0616597213588274
3,"S13","ESSESAV",1380,0.0682770906579753,0.0739171211332638,0.0662481593429415,0.0620386101875131
5,"P14","RDCSTSQSENQRN",2410,0.103888443725017,0.0972853482122507,0.0662166754358887,0.133796756504425
5,"P22","RTKWRHTVDSSETGS",2418,0.147734477517145,0.143884877449733,0.0661926178475196,0.129292293566161
5,"M19","WGPPCSTSNSENNRN",2325,0.126668828747298,0.113272167686622,0.0661734252921878,0.131421579431759
3,"C11","EDGNESCDSA",898,0.0910030462209682,0.108708282549126,0.0661503487601457,0.0643683393241777
1,"J3","SASFVEDLGADSLDTVMLVM",243,0.224697994098527,0.257732582312608,0.0658604924971075,0.0724652785354629
