"TS","spot","seq","unique_seq_idx","sfp_1","sfp_2","AcpS_1","AcpS_2"
1,"D24","AEMESSESNTCTLA",84,0.0147867628629666,0.0241092571225214,0.102903406840415,0.111551420217274
4,"S20","DKACSEAAMESAI",1936,0.0299660330807363,0.0325384896816654,0.102883699372711,0.0638276379692565
5,"S29","SGDCCSSQTCNQHNCC",2515,0.119691654866167,0.118816541924208,0.102444800727031,0.159908448592753
4,"Q19","CCTCSHHIW",1875,0.0438555437347606,0.028712875435069,0.102440215367686,0.0304761848961855
1,"I23","SASFSEDLNADSLDTVELVM",233,0.0727867284193139,0.0883182356448613,0.102036567563321,0.119036105968376
4,"K27","APVIESTSKTVNG",1703,0.0721587069362246,0.0722350340518613,0.101739001210659,0.123050318527566
4,"C19","CDCMESSATCSSTCD",1455,0.0196822546455983,0.0232649229790065,0.101704653627667,0.0617987661187772
4,"S2","PPCITTSHHLNPCC",1918,0.105588127568182,0.0804607629850372,0.101602786776066,0.0692508730396535
4,"F29","YMQRYPICSVASMLS",1555,0.184525364489975,0.195936312660526,0.101334663208558,0.190746131480465
4,"D30","EIWRMSADILDSNAC",1496,0.108526639339269,0.120244605323018,0.101161692497964,0.114386883885217
