"TS","spot","seq","unique_seq_idx","sfp_1","sfp_2","AcpS_1","AcpS_2"
4,"N30","EDEIWRMSLMVMETQ",1796,0.065163973923772,0.0542064744605181,0.0599878924836025,0.111908186716478
1,"D23","SASFVFDLGADSSDTVELPM",83,0.0190066142734639,0.023225074588313,0.0599720215755445,0.0571740863658125
5,"N18","CCCCSNTQNQC",2354,0.106500538551399,0.0978512522576723,0.0599704351942328,0.104646178208702
3,"N8","CADSTDF",1225,0.0844744309125064,0.101936636339412,0.0598899833696951,0.0706711774012579
3,"I30","NDSMETDECAD",1097,0.15440447352372,0.103878400525589,0.0598883711886087,0.0664480608036073
5,"K7","KVEGKISVVFSHTD",2253,0.151064960343332,0.139537524317187,0.0598511202589949,0.128509052793188
3,"R2","VESIDAMARPMI",1339,0.0863425752304502,0.119566189983034,0.0597739211221224,0.0558273285310932
4,"B6","WTHDGIESSITQ",1412,0.0677383017503227,0.0639755743723739,0.059686388603524,0.0681652968870137
4,"S26","LGPCMSCSNTAFN",1942,0.0737853815226053,0.0731504830113396,0.0596785366436352,0.102547653643755
5,"T14","RQCAESTESPTPGCT",2530,0.0772283660474065,0.0609117026602401,0.0596044874091729,0.10733452588807
