"TS","spot","seq","unique_seq_idx","sfp_1","sfp_2","AcpS_1","AcpS_2"
5,"T28","YSKECCTSNTPQQRN",2544,0.220970797479913,0.225771319625326,0.154412913354491,0.217526269320151
4,"A18","GDSLSYMLSLIY",1406,0.517782442100815,0.530735291827685,0.154229523762165,0.165923999233867
5,"K19","GRGCCSSQTCQ",2265,0.222373069657861,0.207320987966028,0.154198511348541,0.216268815912564
3,"A10","GDSLAWLLRLLN",845,0.348754937084999,0.400511256765213,0.153939372594587,0.140387135017264
4,"A11","GDSLAWLLRLLN",845,0.348754937084999,0.400511256765213,0.153939372594587,0.140387135017264
4,"J13","CDNGILSLAWVAVN",1659,0.14721917259674,0.14431880405744,0.153932970030712,0.0956779454430852
3,"O22","LGFLESTDWCCHRS",1269,0.168059329433688,0.126692448768482,0.153825681528836,0.154688015445177
4,"T15","YRDELKVVSAEWGRTQA",1961,0.18970457918598,0.180539159079789,0.153663689531916,0.112210181199591
4,"O29","SCLNPCLTSSKSAQNCCLV",1825,0.340010714158962,0.339115582584589,0.153321237870679,0.341311372508473
1,"H5","NSASFSEDLGADSLDTLETV",185,0.153458970645672,0.135909687901171,0.153068998601249,0.174063198643021
