"TS","spot","seq","unique_seq_idx","sfp_1","sfp_2","AcpS_1","AcpS_2"
3,"A11","GDALAWLLRLLN",846,0.176085762260634,0.175807386607533,0.152982860654939,0.154745845957705
4,"A12","GDALAWLLRLLN",846,0.176085762260634,0.175807386607533,0.152982860654939,0.154745845957705
4,"H20","FCIESSEMLMATC",1606,0.145017923421739,0.145496700360844,0.152848716786935,0.0947702748737287
1,"B2","DALEFIASKLA",2,0.198196467100498,0.178195832173145,0.152831002397318,0.15555666859738
3,"A2","DALEFIASKLA",2,0.198196467100498,0.178195832173145,0.152831002397318,0.15555666859738
4,"A2","DALEFIASKLA",2,0.198196467100498,0.178195832173145,0.152831002397318,0.15555666859738
5,"A4","DALEFIASKLA",2,0.198196467100498,0.178195832173145,0.152831002397318,0.15555666859738
4,"S29","GGCLTTSHHINQKC",1945,0.311794208301063,0.2624164386392,0.152747532714455,0.242038589975578
1,"F7","NSASFVEDRGADSLDTVELV",127,0.21473964349361,0.233294015141669,0.152694595899739,0.180108826839802
4,"H23","CDGCMDQRISACWWYTNAT",1609,0.170229398016504,0.130588933886134,0.15265708344704,0.0752392199628322
