"TS","spot","seq","unique_seq_idx","sfp_1","sfp_2","AcpS_1","AcpS_2"
3,"M3","DSMMYCLTSCS",1190,0.186933476112758,0.213834490184592,0.0642470728483444,0.0974629005618811
3,"E13","APVESVETAEVLIF",960,0.0660967707446974,0.0714279879565467,0.0641444700942458,0.0593233453487344
1,"J27","NEASFVDDLGADSLDTVWLV",267,0.204159654206454,0.249990317640665,0.0641441268228672,0.0714548122109204
5,"L18","GIYPLDSLESQE",2294,0.082142309317059,0.0834503770591225,0.0641244436530657,0.128634269612124
4,"G2","CCVPMISLDFVDY",1558,0.174567079491644,0.164078962678123,0.0641119732034655,0.135468793308332
4,"P3","TWCEEMHLMSVYLM",1829,0.0899281005312077,0.0762167767960651,0.0640257533733821,0.0730759897863301
5,"S25","DSEDENEMDSTEGDCEP",2511,0.054737519355,0.0456521290590078,0.063823346758392,0.0839500349752887
3,"N20","LDSTDYL",1237,0.0909247833408851,0.0456286062307444,0.0638157330591303,0.0605105451161127
3,"P6","ESTEFCASGAV",1283,0.0505048576268007,0.0755117247295198,0.0637834894374012,0.0866290081714969
3,"S22","DSSEFHAHGI",1389,0.0857160647828095,0.0722174372549656,0.0637769519691423,0.0694094985649507
