"TS","spot","seq","unique_seq_idx","sfp_1","sfp_2","AcpS_1","AcpS_2"
1,"B27","NEASFVDDLGADSTDTQELT",27,0.00963973081899228,0.0117247233263952,0.0391727160729837,0.0344734943343139
1,"J4","LTVESSSTLMGGSP",244,0.0102983112304033,0.0100631214803589,0.0391019704535234,0.0416555479395818
5,"N6","CTGECSTSNTGQQCQ",2342,0.0755371027621312,0.0471960471701245,0.0390689640325675,0.0796701795274358
5,"L8","EECCLESTDSMDVPK",2284,0.0686523806903001,0.047754946854762,0.0389417190934789,0.0923472754057226
5,"T1","CCTGPCCCSQTCQQ",2517,0.0836896242712182,0.0975284780286069,0.0389300430141896,0.117193486268503
3,"G19","DELPMDSADSIEVID",1026,0.0434710984088386,0.0420646151263056,0.0387597618675498,0.032246266798849
3,"G20","EIGMDSAESLD",1027,0.0429410008220603,0.0316867660749222,0.0387226669119091,0.0289339422935454
1,"I13","STSTSFNRYGEDSSDSISLT",223,0.0485821163924206,0.0539839927808944,0.0385390684021681,0.0359016219762193
1,"F6","ALIDSSETMTRSSD",126,0.0105887779284731,0.0144143047524425,0.0384596383283654,0.0416144384182556
3,"D28","IESLDSAE",945,0.0698373371538327,0.0602149339283776,0.038311501572254,0.0286658346886668
