"TS","spot","seq","unique_seq_idx","sfp_1","sfp_2","AcpS_1","AcpS_2"
5,"B18","WGFMSADYC",1994,0.189932392201671,0.12768711198916,0.283975383905838,0.184535280045859
5,"E24","PCQEQYASWCWCKTQC",2090,0.306010045359795,0.284952613068572,0.283618849959705,0.31763675894991
5,"K12","CHCCACSWLFCRTQH",2258,0.311208601956397,0.272599456707022,0.282570921843487,0.335207109846976
4,"O13","NILAATSQSVNPKGI",1809,0.327010586139763,0.322426087016289,0.282048221794834,0.281557420301789
5,"F6","QTSLQCRDSLDWLVW",2102,0.283647133538701,0.357163678086873,0.281462010538148,0.288349050667673
5,"T15","CCFGPCCSCSNSNNNR",2531,0.258985743013179,0.206110652537255,0.281384510561865,0.302688076276269
3,"F1","ESIECMDKVK",978,0.48783273894391,0.422580803293391,0.281244458068902,0.402810840938282
5,"Q20","CWGGCCTCSNTCNNRCCC",2446,0.285199085483919,0.237873526647058,0.280835783485597,0.31048571584067
5,"G26","KYCMVSVIFC",2152,0.293829159469644,0.267277410541911,0.280711871094139,0.303308132365291
5,"I29","CQMLSECWCRTF",2215,0.287680624530998,0.219271091670387,0.279609284331748,0.306359903077668
