"TS","spot","seq","unique_seq_idx","sfp_1","sfp_2","AcpS_1","AcpS_2"
3,"S9","VDSVDTVV",1376,0.0612344295975882,0.0698198882556901,0.0577140713664566,0.0645647459123552
4,"H14","TWSRECVDSHMTAST",1600,0.0611888324869222,0.0614556138154699,0.106169573891399,0.0482613150992295
4,"D16","YPMESHMVCTS",1482,0.0611777948306957,0.0614042020993734,0.141265293138785,0.0981693326884772
3,"Q22","KPVDSSEQQRAPWA",1329,0.0610961760402942,0.0582587026948234,0.0609065301026409,0.0564743249646574
4,"I3","ANCWPVDSSATCLSTCS",1619,0.0610771349285662,0.0574361788556125,0.137902245613363,0.0989835514794791
4,"I1","TWYQKDPLDSHVMHTT",1617,0.0609080474289262,0.0704907932747671,0.0694049338459074,0.0948483225127941
5,"G1","EEYCCCALSIVWC",2127,0.060863704572768,0.0734984182244887,0.1430915436239,0.145337559031959
3,"O4","EMESTDYRYTTIA",1251,0.0608110726385131,0.08369551011412,0.0579328399026931,0.076988672686411
3,"B18","EAGIDSMDSL",875,0.06062686357433,0.0759134037563697,0.0378810935941265,0.0299276669143608
5,"L12","VDLDSSDSDDV",2288,0.0603066320196568,0.0514782778621042,0.0180130037468052,0.0799317835454586
