"TS","spot","seq","unique_seq_idx","sfp_1","sfp_2","AcpS_1","AcpS_2"
3,"G25","ADSCETLDIV",1032,0.0936149934549333,0.0535582958906006,0.0714988260724008,0.0657494232764837
4,"I25","DCIESEILCTSSTC",1641,0.0935457804258498,0.0954123969070231,0.125721352302368,0.123110345768764
4,"I23","MTCDPVDSTISCC",1639,0.0933738748012158,0.0898469694078916,0.16576945817354,0.126922405673567
4,"R26","LYEISAENPDDKV",1912,0.0928108662672581,0.093249667673749,0.0795140856436293,0.104518796648422
3,"H15","NEIPNDSIDCI",1052,0.0927646739850456,0.100787282827124,0.0865763429405529,0.0951268142872966
4,"M16","AGPNSVCFMEAVV",1752,0.0926627385722609,0.0846883498560704,0.141639247470011,0.0941270664798519
3,"C20","AESLETGDHLR",907,0.092661925945707,0.164245189904291,0.141410141866163,0.134590511903713
1,"H19","ASFVEDLRADSLDTVELTMA",199,0.0926513285449774,0.118124485182634,0.164792769172304,0.238185609778069
5,"Q7","NYDDEEPLDSSDALLVG",2433,0.0922322002517551,0.0609283380171024,0.0402955361619122,0.0975481015567539
4,"F17","VDVDPLDSMCSV",1543,0.0921924052529497,0.0967305175737632,0.145903677231365,0.0947189032917498
