"TS","spot","seq","unique_seq_idx","sfp_1","sfp_2","AcpS_1","AcpS_2","measure"
3,"E17","DLPVESMDTIDII",964,0.0428494361042119,0.0469489184924946,0.0403458226622755,0.0326032720750165,-38.6834295623
3,"E18","GIESADSVDL",965,0.0335558311312633,0.0329127997930246,0.0366137417723455,0.0259746519836173,-38.6834295623
3,"E20","LDSIESADHVAG",967,0.058941543136851,0.0612166555914208,0.041427596171288,0.0312721589762801,-38.6834295623
3,"F3","EEPPLESAENIY",980,0.0454120667237363,0.0479816617772633,0.0344027463421613,0.0477356463817706,-38.6834295623
3,"F4","ESVCSVDICR",981,0.0968963510911084,0.101017323444568,0.119360444681259,0.130300347100761,-38.6834295623
3,"F6","DSVDSI",983,0.0509931756281937,0.0573511624811504,0.0440899727243757,0.0437758993612727,-38.6834295623
3,"F8","NNRSFVQDPGADSKDTVELV",985,0.0570982710147899,0.0669033217949629,0.0521902065007777,0.0441378471843485,-38.6834295623
3,"F9","DMPVDSLETMDVL",986,0.0397366023636452,0.0615335227666986,0.0608743456435204,0.0540432906596375,-38.6834295623
3,"F10","PLDSLET",987,0.0536476561504497,0.0683564104814695,0.0600406261620397,0.0522371135866856,-38.6834295623
3,"F12","DDAGAESVESVDMM",989,0.0530585049225051,0.0586018338722194,0.0476721355639174,0.0367773892852139,-38.6834295623
3,"F13","DDVPVESVDTME",990,0.0330893705141309,0.0397759088123332,0.0496535061191727,0.041652615295989,-38.6834295623
3,"F16","MDSLDSLELI",993,0.10725088457017,0.104931339420119,0.141134458900379,0.160930349930794,-38.6834295623
3,"F17","NNASFSEDLGADSYDTVSLV",994,0.0711236839397481,0.0745244701138541,0.063145908794338,0.0532499437077914,-38.6834295623
3,"F18","LPIDSIDSAEQ",995,0.0442377772265604,0.0432913527779213,0.0480998664340022,0.0404747211514105,-38.6834295623
3,"G3","LGVESMDSLD",1010,0.0205878633827739,0.0318931885093149,0.0296317700438577,0.0427820383943356,-38.6834295623
3,"G4","EDMPLDSMDTMDIMC",1011,0.0689200807177938,0.0799097314058424,0.0550733483281448,0.0759475507450713,-38.6834295623
3,"G5","IPIDSMESVDAVD",1012,0.0222846115859288,0.0369256334697065,0.0312181858142355,0.0348544658456344,-38.6834295623
3,"G6","EAPIESACWLC",1013,0.0350705498975565,0.0512212851734718,0.0410042581248975,0.0466105352295199,-38.6834295623
3,"G7","NSASFSEDLGTCSSDTLETV",1014,0.0599930198011219,0.0739408849577311,0.0627770595105393,0.0565594219878065,-38.6834295623
3,"G8","ELKATSIESV",1015,0.0565836548930983,0.0742914195738019,0.0451420170225278,0.0401775718226293,-38.6834295623
