"TS","spot","seq","unique_seq_idx","sfp_1","sfp_2","AcpS_1","AcpS_2"
1,"G17","NEASFVDDLGADSLDTFTLV",167,0.114484479198342,0.155124369751079,0.117421760113873,0.130420160323687
3,"R11","ESSESCITP",1348,0.114364841851351,0.12422084110889,0.0772083727854134,0.0745482986720609
5,"R25","WTHPCSSSNTCQN",2481,0.114304508099067,0.122567860183477,0.0687405816001045,0.116668678382615
3,"F7","VPLDSIETMEILC",984,0.114264334550381,0.131248864758874,0.133299036960417,0.158450026502812
5,"R18","QCPADSFECMTQDY",2474,0.114147340023257,0.114609698684289,0.0594592661730118,0.111801392355032
5,"P20","HGCCTSQSDQNCNCC",2416,0.114144632711707,0.0939490987118627,0.0838326438365261,0.124422150663859
5,"H7","DDHCWCMMSHMWCV",2163,0.114122657406257,0.0734104712289534,0.182877540550659,0.139555644563075
5,"C27","TCDFKISAIWCHDN",2033,0.114089104023754,0.0859804306714987,0.0794883396104422,0.0949733432162153
4,"F24","QRYCCDSYAACT",1550,0.114046935225955,0.115233259219687,0.117670779553757,0.113910284705812
3,"F26","LGLESIETLEL",1003,0.11401889221771,0.0926399563438008,0.111634370032785,0.110887812387728
