"TS","spot","seq","unique_seq_idx","sfp_1","sfp_2","AcpS_1","AcpS_2","measure"
5,"B14","ECADSAEFSITTCT",1990,0.0795080663781071,0.0729268684227454,0.0611026986581509,0.108507872903929,-17.3190434382277
5,"K23","SDEMGMDSSATV",2269,0.067628786515056,0.0633973751935098,0.0374027631928142,0.0983924223112202,-17.5262152677456
5,"L24","KPHDDLWADSIETHVCTC",2300,0.105461247729404,0.101129806355222,0.0815268614285343,0.130379620084229,-17.6461581146206
5,"N17","DEEEPMDSSECIDL",2353,0.0547709575327563,0.0506040309861292,0.0191675977123641,0.0726334971131995,-17.8527359288559
4,"G3","TWNHWCMDSKIVCSST",1559,0.106223438621516,0.101683577646552,0.0866154626517679,0.11673882699352,-18.1467157141358
4,"E29","EDGIDSHETAE",1525,0.0576326522991805,0.0531892798215357,0.0376425233000175,0.0643297151060263,-18.221717805252
3,"K13","CVESSEM",1140,0.0664918129189429,0.0596539474653895,0.0486294901068815,0.0422194572533125,-18.3097046866153
5,"T14","RQCAESTESPTPGCT",2530,0.0772283660474065,0.0609117026602401,0.0596044874091729,0.10733452588807,-18.8218464301066
3,"J17","GFDSMDTTEIVYP",1114,0.0785033113099567,0.0739248158547716,0.0602389540169782,0.066910938843204,-19.1554122321429
4,"R29","DDQPLASREWVDSHA",1915,0.0347272552581002,0.0305652118939954,0.0131030244457628,0.0354803540248713,-19.4252101553622
3,"E24","EDLPADSAES",971,0.0526255331587971,0.0484949992234695,0.0319787359394345,0.0237820870452912,-20.4257997701821
5,"J27","RFPVLSRMYMRT",2243,0.778103775480795,0.574500962356634,1,1,-21.1134479043904
4,"O27","KITIMKMLSKHSM",1823,0.939417357941475,0.986822228305885,0.584828045355235,0.599806497898906,-21.293226020474
4,"P28","LIGIDSIETLKA",1854,0.429411942738166,0.457487927588166,0.0481746377969676,0.123030879970844,-21.3122517094906
4,"A18","GDSLSYMLSLIY",1406,0.517782442100815,0.530735291827685,0.154229523762165,0.165923999233867,-21.3377829962727
1,"B7","GDSLSWLLRLLNGSGSGSGS",7,0.41984136435759,0.516129207531909,0.0916835400599239,0.10066247458111,-21.4730596878542
4,"P20","DFRLSAMVRKTK",1846,0.734735559920192,0.867777045211593,0.433933935530188,0.516837358585667,-21.4953895324318
5,"E28","VDGADSIDYVITTVC",2094,0.383302292439298,0.39491736386062,0.0624002759446739,0.115415253168381,-21.5091817970474
4,"A7","GDSLDLLSYCLG",1399,0.483885330141728,0.536621743985796,0.173276576674194,0.240667474872748,-21.5125207098146
4,"E19","MVHIESLDFMHSL",1515,0.47461587121615,0.521251417708473,0.163339371418385,0.120999758627008,-21.5127445177992
