"TS","spot","seq","unique_seq_idx","sfp_1","sfp_2","AcpS_1","AcpS_2","measure"
4,"B15","CVENNASMCYFRTNW",1421,0.423930425425617,0.353604074134942,0.381206128268129,0.340713251785785,-9.10177667325469
3,"L25","PVDSSDSQISGLM",1182,0.120948395990522,0.0658665976448084,0.0586458528718199,0.050216719713421,-9.11034487268999
5,"N8","CCSPPCSCSQSCQNCNCC",2344,0.134114338725325,0.0927331779091893,0.0600038579711985,0.107036296736149,-9.11700847114921
5,"O9","RGCSSSNSCQQCCCC",2375,0.176575496256269,0.140247802730151,0.100525447893185,0.153363434317665,-9.13128774681858
4,"Q24","LDTSSRKAQQK",1880,0.802471483877551,0.79060974880099,0.593922321854284,0.828416150458373,-9.13918413417697
3,"L20","MDGMESTDSQIH",1177,0.113317581849282,0.0669993480356094,0.0392807625902144,0.0276820292481984,-9.16035183461052
5,"D28","RRDPHDSKDVSKSTAC",2064,0.214074007710855,0.18983281998703,0.110894025228602,0.160503621302972,-9.17629665455543
3,"M22","SECYIVSYDSHV",1209,0.13454629640525,0.0549320100050864,0.0913348211377734,0.0903327653486743,-9.20059960963524
4,"R21","GPCATSSNRVYNCCMV",1907,0.407505013253554,0.346246052629979,0.363395417649028,0.371639457608349,-9.20072390091246
4,"Q13","TFIEENPNYSAMYARSMI",1869,0.48017027815745,0.382094437332469,0.446869053210502,0.380712422296658,-9.20519263930054
5,"C11","PNPAIDQLMSADYRKTQC",2017,0.32846540899019,0.302521814255952,0.241742299686522,0.285646932852159,-9.23529258526524
5,"J13","WCCCIISILFCRTN",2229,0.319648415302796,0.276244199994014,0.264480393795234,0.345697782365284,-9.26151822989344
3,"P26","DRLWAIESKLA",1303,0.191184279018594,0.158161286737104,0.119697937782459,0.137911852296308,-9.30132585942967
3,"S24","PLVSSSTLIVGIM",1391,0.192608308992037,0.1654451780824,0.107750108122685,0.110842562518619,-9.30441452545368
3,"L29","NEASFVDPLGADSRDTRELT",1186,0.137921540979037,0.107926236689382,0.0546383996198014,0.0547990912982456,-9.31722416787496
5,"P23","YSGECTTSQSGQCRCC",2419,0.266568231435141,0.2186838424393,0.216193311114727,0.261307417289549,-9.31895606983379
5,"C26","YQHWHCNICSLLFCASECC",2032,0.245712975334122,0.220328719957581,0.160513664783169,0.162876912838324,-9.33070322826685
4,"H25","PNVVGGDSVAIRFLHLS",1611,0.23061095511452,0.18743604807624,0.17608190745447,0.205306515152876,-9.33926743501704
4,"T5","NGLCLCSKRIYQKG",1951,1,0.991285493474332,0.728937606650266,0.711154071749315,-9.35102209313651
5,"S19","KDCCTSNTPQCR",2505,0.275412067828538,0.253147561838013,0.18172370066522,0.245260494836413,-9.35134420645069
