"TS","spot","seq","unique_seq_idx","sfp_1","sfp_2","AcpS_1","AcpS_2"
3,"C5","NSTSFSEDLGADSLDTLKTV",892,0.346418722033752,0.300189412564947,0.18483317450292,0.160615577865795
3,"H27","NGESRSDDLGADSLDFVELV",1064,0.346249403694541,0.261369154180888,0.214213828854246,0.300769454656042
4,"K18","EQRTMSLDYVETHNS",1694,0.344162428739967,0.362019283642173,0.141344647245487,0.0922010111463745
4,"M23","AQVCDMCSKTLFG",1759,0.343304368390231,0.34817313269429,0.430273822188973,0.460230031917506
5,"G29","CNKCLSVEYKRSNC",2155,0.342945637620371,0.266073083163984,0.343927234673869,0.354600689620988
4,"E1","ADGVDSLAMLCLSC",1497,0.34071125306372,0.435468944974207,0.0532901896645303,0.118884550243464
4,"O29","SCLNPCLTSSKSAQNCCLV",1825,0.340010714158962,0.339115582584589,0.153321237870679,0.341311372508473
3,"N25","TLDPLESKETQMKG",1242,0.338392539792685,0.278468864351094,0.187591143040978,0.206797969230198
1,"I25","ASFVEGLGADSLSTVELSMA",235,0.338292654901718,0.451988318339204,0.151115313870387,0.195543963508977
5,"J18","DWHCCVLSFLQCR",2234,0.335696782145118,0.27805558203697,0.373498364984022,0.372903657471006
