"TS","spot","seq","unique_seq_idx","sfp_1","sfp_2","AcpS_1","AcpS_2"
5,"J27","RFPVLSRMYMRT",2243,0.778103775480795,0.574500962356634,1,1
4,"R8","CCICSKRVWQKP",1894,0.760492429767702,0.731727837534605,0.578425928997195,0.63877606062989
4,"P20","DFRLSAMVRKTK",1846,0.734735559920192,0.867777045211593,0.433933935530188,0.516837358585667
4,"S25","IPPLCSSSRTINQK",1941,0.729145133818812,0.700631177051272,0.35261276114693,0.62866461244334
3,"L30","AQCIASTSWKL",1187,0.71705116842533,0.50329656284557,0.361460761414035,0.393609471791716
3,"S18","STSTYFNRYGLDSSASISLK",1385,0.712299153087313,0.584072181019952,0.391674085110539,0.406224947823367
4,"L2","GEGCWLESIVYKMSRC",1708,0.712096886667606,0.618558562099146,0.593882739631367,0.604924804364421
3,"P11","DSLETKASKLA",1288,0.705029138563988,0.70420159063436,0.437464687021344,0.447368702350246
4,"N21","NGAETCSRKMYQ",1787,0.703905331196764,0.765832010588451,0.685092395393732,0.800384113447093
3,"L10","CQPLCSKTLMIHR",1167,0.686045256815941,0.654778321568929,0.359108677952808,0.400928241864168
