"TS","spot","seq","unique_seq_idx","sfp_1","sfp_2","AcpS_1","AcpS_2"
5,"H18","DGADSIIWC",2174,0.0911752831035015,0.0836571264670956,0.0423590399246504,0.0780975842695907
3,"D2","CPLPIESLET",919,0.0911304016416552,0.0825664250323023,0.0492517476342973,0.0603805390891587
4,"I10","MAGVDSRDILI",1626,0.0910325706851064,0.0829843063414199,0.176592133118549,0.14548324431939
3,"C11","EDGNESCDSA",898,0.0910030462209682,0.108708282549126,0.0661503487601457,0.0643683393241777
3,"N20","LDSTDYL",1237,0.0909247833408851,0.0456286062307444,0.0638157330591303,0.0605105451161127
5,"Q22","FDDDEPMDSTSSCYLT",2448,0.090885859978374,0.0761477271174568,0.0826425108046302,0.121071322305892
3,"J13","PVDSAPSI",1110,0.0908284315910691,0.0855378740335001,0.0393290392788951,0.0334016808766273
5,"T23","GECTCSQSCQN",2539,0.0907769338902825,0.0841959791881095,0.0691640827259948,0.109471353902927
4,"D27","TWLTKDPVESVESVI",1493,0.0905775609204501,0.0898715246921235,0.0375168729757098,0.112948430687781
4,"O11","IPNDSVVGCDTHLV",1807,0.0901142729136239,0.0853323799087007,0.142737782177064,0.093444589756295
