"TS","spot","seq","unique_seq_idx","sfp_1","sfp_2","AcpS_1","AcpS_2","measure"
4,"A2","DALEFIASKLA",2,0.198196467100498,0.178195832173145,0.152831002397318,0.15555666859738,-10.5543467961149
5,"A4","DALEFIASKLA",2,0.198196467100498,0.178195832173145,0.152831002397318,0.15555666859738,-10.5543467961149
5,"H17","AEFHVSIEWCKS",2173,0.159113797580307,0.143445716105052,0.101122922600487,0.125408715210587,-10.5549982982102
3,"L23","DGVESTLS",1180,0.127628502571301,0.0937772655186541,0.0929262590930466,0.117905827117177,-10.5664578180964
4,"A24","DGVESTLS",1180,0.127628502571301,0.0937772655186541,0.0929262590930466,0.117905827117177,-10.5664578180964
5,"L13","CYPKGCSTSQSCQQHC",2289,0.185452166002502,0.172598439321615,0.117452673566743,0.172793239263115,-10.5706107157646
5,"R15","CCGPECSTSNSCNCR",2471,0.207152823336664,0.178778187579469,0.172031411572308,0.214421532150482,-10.5818356738682
5,"S17","DCSCSQTCNCRCCC",2503,0.243224898417662,0.20819058539562,0.212541787593144,0.274810692767836,-10.6000905058937
5,"K14","QDPKLSVIWC",2260,0.170259741627656,0.159755702294222,0.0853069920984566,0.136902693561476,-10.6152798315125
5,"K12","CHCCACSWLFCRTQH",2258,0.311208601956397,0.272599456707022,0.282570921843487,0.335207109846976,-10.6197079211531
5,"L15","CFGRCCSCSNTQQQHCC",2291,0.185621228968419,0.165616027547352,0.141715201452504,0.19687026517654,-10.6231262387987
5,"G19","CEPKRCCVKSVCWCLSP",2145,0.288644197033164,0.267293925133932,0.249173394399228,0.281346879300043,-10.6416772518641
4,"S10","CAPGCCTCSQKLYNCC",1926,0.481969328055964,0.45812091795785,0.446643318846742,0.478162968504683,-10.6435093970274
5,"D29","KEPMESVVYCKDQCC",2065,0.185103585239897,0.175118439260969,0.0977965292367809,0.142042268318531,-10.6439111742801
4,"E4","GSEYPKESVGYLR",1500,0.257235895526588,0.250328160583501,0.103009084171805,0.177153665677741,-10.6449357474505
3,"L17","TLDCVESRET",1174,0.11834708207863,0.103348921155715,0.0555070102497495,0.0502497325181155,-10.664686939827
5,"E27","DRRHWQVCSMVPCASGC",2093,0.167960341285254,0.131703539265866,0.137708895396681,0.17274061563079,-10.6766023468477
5,"S7","EELDAESGITIEISN",2493,0.10918336909231,0.0909425976101141,0.0472648176135602,0.0992641404942422,-10.6861957704865
3,"I19","DDAPMESLESLDLVCG",1086,0.142680461865297,0.124493991585633,0.0948925941918879,0.0969053301408271,-10.6882927570024
3,"E27","DSLDTIDVCV",974,0.13729344164419,0.122956964896053,0.0775631561589991,0.0799055082227231,-10.6914973030871
