"TS","spot","seq","unique_seq_idx","sfp_1","sfp_2","AcpS_1","AcpS_2"
1,"B4","DALEFIASKLAGSGSGSGSG",4,0.0744416842454794,0.0568345919806358,0.0920644794474984,0.0804442165573514
5,"N20","CGLESSESCC",2356,0.0743682065999961,0.0669024841329739,0.0605741857941522,0.114521308500045
3,"B26","RAGAESAETNEH",883,0.0743661953207648,0.0379792762977503,0.0310552963618947,0.0178786408449336
4,"H9","KPAESIYAIDQN",1595,0.0743416970097023,0.0794667837215386,0.150957646215452,0.124532392335307
3,"F27","EAESMDSL",1004,0.074281943558135,0.0568742111155127,0.0316110551171572,0.0218097381366285
4,"C10","TWFQHFCLESHVACT",1446,0.0742588852325348,0.0712799995274114,0.130198676386794,0.0826295880714778
5,"S18","EDFCLDSTLELDE",2504,0.0741449398007138,0.0618489887832722,0.0440791453304562,0.0899269597124955
4,"K5","SYMQHEGLESTVTR",1681,0.0741037415805213,0.0714360406396656,0.147300112262026,0.11464193242002
3,"D12","GMESAETLDMIM",929,0.0740577474992608,0.0849949228325951,0.0451013427290622,0.0334744044892404
3,"H1","DFGAESIDGDEFCF",1038,0.0740235660539773,0.0954651085420723,0.068103498751062,0.0860409303057329
