"TS","spot","seq","unique_seq_idx","sfp_1","sfp_2","AcpS_1","AcpS_2"
5,"S16","DEEMELESPVTICMPSL",2502,0.0642463751492521,0.0560263119693577,0.0411004802030859,0.105101992570126
5,"S23","QSSSECTMDSWDTGEIT",2509,0.0642191292266359,0.0517032929522945,0.0615299458594799,0.085093927612794
1,"J24","WPLDSSTTVWLTVM",264,0.0642043888933098,0.0788672303602116,0.0238146414314747,0.0223785674477766
4,"B24","SRECMDSSDTA",1430,0.0641047699025894,0.0672832847593699,0.0621949001271334,0.0963789071337891
4,"C27","EEMGADSIHTADM",1463,0.0639346549615454,0.0638318254664612,0.0689944318656332,0.153785366316854
5,"T13","NFEDKCAESWETCDDPTS",2529,0.0638467586838184,0.0425032160183852,0.0556237714271258,0.0869672660723129
5,"K21","ECCMDSSESAVNPCA",2267,0.0638187351291614,0.0546201563507324,0.050060971026539,0.104243615992042
3,"P21","LESSES",1298,0.0637376806503656,0.0534356172707251,0.0518383368856694,0.0443294305284741
5,"P24","GSWECKVESADSMAVGCT",2420,0.0636344075342947,0.0533685797287225,0.0392527649807138,0.0841469879184196
5,"L17","KEKKCEESTDGPCD",2293,0.0636174724365163,0.0475560471614608,0.0284943525480246,0.0755526517011189
