"TS","spot","seq","unique_seq_idx","sfp_1","sfp_2","AcpS_1","AcpS_2"
5,"P5","RGDDKRCEDSTEGGT",2401,0.0793172585162334,0.0642465029825348,0.0183300822750062,0.056737331938988
3,"K9","TVVYMDSMISM",1136,0.0793022363898262,0.0929966564465055,0.0627119214783855,0.0675283992981747
3,"L7","TDDEAVSTDINARTVA",1164,0.0792368068294861,0.122621285704471,0.0395271304833989,0.0585982055442231
3,"H16","EMDCDSVDCQDAIK",1053,0.0791783642987837,0.14643484671559,0.0905443791045401,0.0959267569827755
5,"R21","EEMPLDSFETQIA",2477,0.0791121364645708,0.0720513837071492,0.0502235361054778,0.107381321495968
3,"Q7","KCGIESTAYYMWGVT",1314,0.0790368718560307,0.0980729637468486,0.0705750611005132,0.0767805914615707
3,"S12","PVLSHETQIA",1379,0.0788072369140274,0.0793727757765854,0.0675914315823077,0.0636494203114648
4,"C28","ECMDSSDSVVMS",1464,0.0786060485240613,0.0772557303879789,0.0768976950189388,0.108811196737886
3,"L3","SMEPVESTETIISGV",1160,0.0785660316139067,0.0957554932531072,0.0357651281041303,0.0469719376681092
3,"R20","CCVESSES",1357,0.078506713158206,0.0837175747887276,0.0613818572914066,0.0618537418898767
