"TS","spot","seq","unique_seq_idx","sfp_1","sfp_2","AcpS_1","AcpS_2","measure"
1,"J20","VVESSTTCDGTTE",260,0.0113981108715643,0.0172299334417809,0.0657806702221409,0.0763169511226165,-38.6834295623
1,"J22","INDDSSTTADLGYD",262,0.00605081134303576,0.008967396456216,0.0303535873214069,0.0314853460029149,-38.6834295623
1,"J23","SFNRYGLDSSSSISLTSDFG",263,0.070288714815913,0.0830559409583952,0.0836828417560741,0.0826105619031514,-38.6834295623
1,"J26","DIGSSSSPCMTLL",266,0.0182753698802556,0.0286451862680204,0.101124457066171,0.114186059291871,-38.6834295623
3,"A5","GDALDMLEWSLM",842,0.0216147734063941,0.0390469007017832,0.0544289196131272,0.0509058130120319,-38.6834295623
3,"A7","GDALDMLEWALM",844,0.0474717296621306,0.0546821150254825,0.0674876741632575,0.0690542116220865,-38.6834295623
3,"A15","NSASFVEDLGADALDTVELV",850,0.0703614662284131,0.0747502628566482,0.0623024422730777,0.0541501860189788,-38.6834295623
3,"A16","NAAAFVEDLGADALDTVELV",851,0.0804147280661704,0.0817643607091261,0.10547937499476,0.103583950415365,-38.6834295623
3,"A18","NNASFVEDLGADALDTVTLV",852,0.0651665180261252,0.0738232795138656,0.0489090334328818,0.046719867775785,-38.6834295623
3,"B3","PLESLDTLD",860,0.0491003628178551,0.0773402769878969,0.0480711725687937,0.0430856641638933,-38.6834295623
3,"B6","DSVDYLE",863,0.0469083095836695,0.0706590012771532,0.0527675891895117,0.0490132265845104,-38.6834295623
3,"B7","ESPMDSLETSP",864,0.0334813571360567,0.0491783487499304,0.0448559362282687,0.0380921238060921,-38.6834295623
3,"B8","DPPDSLDSMS",865,0.0460726363945678,0.0633640654577686,0.0502250465002999,0.0451455813691592,-38.6834295623
3,"B9","PIDSQECITIAIP",866,0.0854343835996266,0.100988267981966,0.08901330995458,0.0907659369770255,-38.6834295623
3,"B14","DDIGVESMESIDA",871,0.0432938560039445,0.0720909476846904,0.041487690591052,0.0303475107093247,-38.6834295623
3,"B17","EVGADSADSVEMAVG",874,0.0377266396773676,0.0562657698242982,0.035029973528706,0.0292396132549271,-38.6834295623
3,"B21","ESMETMEIVMG",878,0.0672526250762109,0.0667024094608297,0.0501956426837873,0.0454176259682992,-38.6834295623
3,"B23","PADSIESVDVMLP",880,0.0600904511794242,0.0595488186362086,0.0500865616240385,0.045718644118281,-38.6834295623
3,"C1","EQCAESIECVDSNQN",888,0.0690056769234443,0.10029074269096,0.0567774089458774,0.0631610966769229,-38.6834295623
3,"C4","VESCETVD",891,0.0633766773289621,0.0833693461617523,0.0702400972008344,0.0715017468443031,-38.6834295623
