"TS","spot","seq","unique_seq_idx","sfp_1","sfp_2","AcpS_1","AcpS_2"
5,"C12","NKCCCCMLSECFC",2018,0.15526503739949,0.142417071379723,0.142185066343239,0.16910601390698
3,"E30","PMESLDSADACL",977,0.155112322774113,0.121786056454116,0.0666211795906519,0.0681505977808714
5,"H28","GQGTLEFRISAIYCHT",2184,0.155110317424549,0.146258208489564,0.124234140417989,0.170145973442207
5,"R5","CCYPGDCSCSNSCQC",2461,0.154935379016546,0.140466296518921,0.0657731060487199,0.100042381736457
3,"B29","IGCESVDQICM",886,0.154887393382682,0.0823664836409462,0.0741318431809324,0.0815013202732979
5,"B28","CYNACSWCPC",2004,0.154685240710074,0.103483392343532,0.18342008903497,0.153967406202018
4,"T8","FTEEAPMLSICFVESNY",1954,0.15464408064734,0.14874149329358,0.173762260222099,0.13463736100295
3,"K7","VDSSEYCLSGVL",1134,0.154435803120172,0.200697197487371,0.0744740101282176,0.100679748695528
3,"I30","NDSMETDECAD",1097,0.15440447352372,0.103878400525589,0.0598883711886087,0.0664480608036073
4,"O6","PLIESCSKTLYNCPLM",1802,0.154245139827877,0.147327976949664,0.143949127167737,0.113585208464779
