"TS","spot","seq","unique_seq_idx","sfp_1","sfp_2","AcpS_1","AcpS_2"
4,"O22","VWHDSAEMV",1818,0.0578190301698774,0.0579311003673375,0.129985061352428,0.0800693223175497
4,"Q29","TLAMGIVSMEWLET",1885,0.057669141146759,0.0554536090920588,0.0186865834684376,0.0459127706819767
4,"E29","EDGIDSHETAE",1525,0.0576326522991805,0.0531892798215357,0.0376425233000175,0.0643297151060263
1,"E7","STITCFNRYVLDSSASISLT",97,0.0576075043629942,0.069005255446498,0.11203562417822,0.112985359473057
3,"D14","DDMPIDSMDTVEMIVG",931,0.0575316705558226,0.0677829716773663,0.0422053921969164,0.0336462006024675
4,"I9","AGALSADTRE",1625,0.057449797084726,0.0567671857204357,0.167669044517945,0.151744415665091
1,"B9","DALEFIASKLAX",9,0.0573886924247522,0.0603507154400077,0.0578206674581021,0.0522525466427953
3,"G23","DLGVDSVDTMELMQ",1030,0.0572434504906754,0.0459613240468569,0.0565107630685688,0.0506944083504774
3,"D21","PAESVES",938,0.0572250764360594,0.064638160843333,0.040385432028785,0.031214859518674
3,"C22","IDSVESLEL",909,0.0572055616419106,0.0584485220077293,0.0488952781263643,0.0445771032583765
