"TS","spot","seq","unique_seq_idx","sfp_1","sfp_2","AcpS_1","AcpS_2"
3,"L2","MESTESC",1159,0.0486275670222465,0.0642705376343869,0.0440874287322026,0.0633734728045938
5,"M20","MPVESWESQAAPT",2326,0.0485851826597102,0.0435570704042947,0.0221507143449634,0.0848630064292537
1,"I13","STSTSFNRYGEDSSDSISLT",223,0.0485821163924206,0.0539839927808944,0.0385390684021681,0.0359016219762193
3,"I4","NSASFVSDRGADSLDTHELV",1071,0.0485333337887055,0.0825465935260819,0.0532257740124132,0.0724326670328525
4,"G4","REEAGIVSMDTIT",1560,0.0484766229046103,0.040955330382155,0.1276860112902,0.101070274430845
5,"O27","SEPHKCDESSDGD",2393,0.048400912667217,0.0434567148213358,0.0219153926969529,0.0783300767342265
3,"O1","TDCFAESHESW",1248,0.0481999526602724,0.0157228404916951,0.0157625311327224,0.0185361700163921
3,"O9","EGMDSSDS",1256,0.0481676656574271,0.0566274217351658,0.0579079768163965,0.0649850839620099
5,"E2","GSKNGLNSAEWSAF",2068,0.0481085230198597,0.0556378416667307,0.119220164394331,0.118426713378473
4,"D13","SDPRMSGEWSH",1479,0.0480215544290166,0.0447925668807189,0.0791964605898661,0.0228380546551309
