"TS","spot","seq","unique_seq_idx","sfp_1","sfp_2","AcpS_1","AcpS_2"
1,"J13","NNASFVEDLMADSLDTFELV",253,0.0943052961746312,0.113714418131309,0.191873773953803,0.239130211145328
4,"K28","DADFMASMCSLHVVLT",1704,0.0942902938227023,0.105730946790962,0.0772554902443071,0.135356245287462
3,"L12","CPLESHDT",1169,0.0940924133197192,0.0833600736582319,0.076888288281817,0.0627738225617582
4,"S8","LPVISMDWKHT",1924,0.0940395394091736,0.064950241472829,0.114679448361333,0.0592828056035666
1,"I21","NNASFVNDLGAGSLDTVEVV",231,0.09400288701659,0.112871634121141,0.0357685220282348,0.0371044425243086
1,"B8","GDALSWLLRLLNGSGSGSGS",8,0.094002676762013,0.0995269190945972,0.080237279826662,0.0735101455358375
4,"E8","GMADGRLSPDFTH",1504,0.0939751041554045,0.0877656541952914,0.136556203475031,0.0883613460459246
3,"R1","ESTEFNASGMA",1338,0.0939575819810232,0.124747601838988,0.0530675879874622,0.0465204786161973
4,"F25","YEEIPVESHDLADYL",1551,0.0938958737454169,0.0900166135067843,0.085919217609453,0.125959109045666
4,"G21","SWYQCYGADSSAACSS",1577,0.0938284148783731,0.0967105937132477,0.118203157607088,0.0726376075429706
