"TS","spot","seq","unique_seq_idx","sfp_1","sfp_2","AcpS_1","AcpS_2"
4,"F23","EVDVLSREYKII",1549,0.272494163619104,0.243503422760292,0.206503282908914,0.17373573167961
3,"P19","DGILSKAWHA",1296,0.272276804253257,0.197685818464469,0.16882159836897,0.186070359130983
4,"C12","HGKIRHHASMGFHHT",1448,0.271003903895714,0.244438679066481,0.249837566756161,0.228154692528111
5,"H21","DGCLDGQMSFEWCFTQCC",2177,0.270674330219103,0.234795985627529,0.32814540805343,0.229030532420029
1,"J21","NRASFSDDLGADSLDTVELV",261,0.269432661987162,0.241572397313112,0.194425546783291,0.246957292716167
3,"R16","DSDIFIADKLA",1353,0.269185135305091,0.169540954545808,0.149261729988947,0.130546792715569
4,"O7","CVPPCCTCSNKAWP",1803,0.269145761438733,0.252699158241756,0.189088641078118,0.14147496502126
4,"G30","NHFCICSKLICTST",1586,0.268692835912353,0.305068501294793,0.157839111448444,0.266553030652627
3,"F15","DSLEFQAKRAGSMSGSGSV",992,0.268399349100197,0.307063881614747,0.186742248350371,0.190586943712131
4,"C2","TYATRDCMESLDSVASSC",1438,0.2676229171451,0.321597761253889,0.0870421427039869,0.10015431496749
