"TS","spot","seq","unique_seq_idx","sfp_1","sfp_2","AcpS_1","AcpS_2"
5,"C15","DCCFCLLSFMFCIT",2021,0.224089274770817,0.199430454777859,0.263831203786747,0.231601005448489
3,"G2","ESIETVELLC",1009,0.223614185304224,0.248164532068375,0.0727164628130995,0.119880285206296
5,"A18","ESIETVELLC",1009,0.223614185304224,0.248164532068375,0.0727164628130995,0.119880285206296
5,"P13","CCFTRGCTSSNSNN",2409,0.223523936277123,0.200711316873837,0.199643976882336,0.252988940895119
3,"S19","EFIDSTITCISR",1386,0.223365551597712,0.226310521575597,0.181706388041292,0.178883601452481
4,"A30","EFIDSTITCISR",1386,0.223365551597712,0.226310521575597,0.181706388041292,0.178883601452481
4,"C17","DPIISAATAR",1453,0.223351699973724,0.225274808967164,0.224848306122188,0.207497570584157
4,"K26","GCCSCSQRVWGCC",1702,0.223164969837403,0.230672340074465,0.17551825432419,0.181749942978454
5,"A14","DPVLSKRAVE",627,0.222735046720307,0.143256113956321,0.0762086992142242,0.137299599166193
5,"K19","GRGCCSSQTCQ",2265,0.222373069657861,0.207320987966028,0.154198511348541,0.216268815912564
