"TS","spot","seq","unique_seq_idx","sfp_1","sfp_2","AcpS_1","AcpS_2"
3,"R28","EGLDSTDSM",1365,0.129062822582583,0.058425850493886,0.0449682268595382,0.0424243854740905
5,"O24","SHSHIRAESWMSV",2390,0.128828831346082,0.119540738485109,0.107901762333893,0.130692419297217
3,"C13","DMGVDSAETVEILCG",900,0.128782648805211,0.152609872862399,0.0667910206495123,0.0657528660160544
3,"N28","PMDSTDTMI",1245,0.128765232156989,0.092848175022331,0.0627177194140359,0.0689910864042637
3,"A24","NGAEAAAAKVVGCM",857,0.128762054382576,0.0905600998211636,0.0910555884154686,0.0876807991968525
5,"K17","SRCCSCSQSEN",2263,0.128700838872397,0.115307387362567,0.109779056957131,0.157332490364833
4,"O23","YIEEVRVVSLWMAHSDVT",1819,0.128367941914217,0.154574261716413,0.171938329597491,0.122376790875405
3,"S16","PMDSTDSCL",1383,0.128186367955187,0.108962038443898,0.0835710007449628,0.0816152204146369
3,"L24","IEGAESKDSALRGI",1181,0.127933999703925,0.0527732401082476,0.100470725960376,0.0892480126484198
3,"J22","KMDSICTAD",1119,0.127883338646464,0.0798945604249515,0.0808512956240667,0.0813796995328228
