"TS","spot","seq","unique_seq_idx","sfp_1","sfp_2","AcpS_1","AcpS_2"
5,"N24","CCYSHPCTCSNTCNQC",2360,0.133030060449708,0.127850295480705,0.0778484829245854,0.124649729303978
1,"J1","NRYGLDSSDSIKLTSDFGDY",241,0.132875930630537,0.154458766133255,0.08215697378999,0.0779171229269373
5,"H2","DGHISICWTKSQ",2158,0.132834903608643,0.158919103857462,0.208983526754884,0.224137163126261
3,"S27","MEGAESTETIVHPIA",1394,0.13261909844614,0.0888050479310063,0.0541559137553857,0.052778782641307
3,"K14","SVQCILSALWQSS",1141,0.132529448541079,0.116006980771772,0.0709065639875844,0.0674441885248161
1,"I17","TSTSFNRYGLDSSDSISLTS",227,0.13217214548508,0.16561872365246,0.0820130546391027,0.0822910862728847
4,"R9","CELCSHTLFQC",1895,0.131999330812736,0.1302594328479,0.158341257559594,0.119912324197247
4,"G9","FNMCPLDSKLSQ",1565,0.131957499269856,0.131657132442898,0.183415543160189,0.162757299412238
5,"N12","GPCCTSNTCQQCCCC",2348,0.13184975901764,0.123119513977648,0.070256890771981,0.129916349279789
4,"G11","YRDELPNESLEIFD",1567,0.131804146301433,0.124080647555089,0.145528528036677,0.107599771212355
