"TS","spot","seq","unique_seq_idx","sfp_1","sfp_2","AcpS_1","AcpS_2"
4,"S2","PPCITTSHHLNPCC",1918,0.105588127568182,0.0804607629850372,0.101602786776066,0.0692508730396535
3,"E14","DAGAESLESAEAVLL",961,0.10550321049502,0.0925731312071729,0.054533637430486,0.049560502873383
4,"J3","ADAENMDSMMSAHLQAS",1649,0.105482506591844,0.090525837087973,0.157112881023075,0.110076854614122
5,"L24","KPHDDLWADSIETHVCTC",2300,0.105461247729404,0.101129806355222,0.0815268614285343,0.130379620084229
3,"R19","DPIDSRDI",1356,0.105226499676944,0.0850117686897762,0.0594222733667966,0.0606558559952173
3,"Q13","FCPACSSDFQM",1320,0.105056244301687,0.101409681420758,0.0934995809892762,0.0891130129447619
5,"Q30","CCGRECSCSQTCNQ",2456,0.104917366119801,0.102356777140857,0.0409732595891625,0.11007024055028
4,"N19","SDEVWAMSRDFMDEVYC",1785,0.104729480109072,0.101737319638732,0.134711258426374,0.076511137298842
4,"F16","CFGMESYDGMAITTC",1542,0.104519764640768,0.0997702753395857,0.168025056931165,0.122055088874408
3,"I15","GIESLDTIQ",1082,0.104468681960949,0.0950987232851669,0.0606159381594701,0.0630699833811578
