"TS","spot","seq","unique_seq_idx","sfp_1","sfp_2","AcpS_1","AcpS_2","measure"
3,"R26","STSTYQNRVGFDSSESISLT",1363,0.176483629771669,0.112350701556378,0.0864801741201479,0.0819782760499507,-8.29530510749082
4,"S1","NPVCSCSRSVW",1917,0.334574257490848,0.29269831808987,0.21829660423844,0.246293384404365,-8.32886009989052
3,"B29","IGCESVDQICM",886,0.154887393382682,0.0823664836409462,0.0741318431809324,0.0815013202732979,-8.33934101674597
3,"O28","DSLEPRASKDA",1275,0.161537110414749,0.108474843631963,0.0571103021542525,0.061161274024756,-8.34233088950455
5,"R8","YPKCCSCSQTTNN",2464,0.236714764580024,0.18571331991844,0.136829978528177,0.190425355791606,-8.35082742681655
3,"M30","PADSISTHAITA",1217,0.177000201446846,0.134403506388524,0.0558226575576951,0.0709651225961813,-8.38086522035575
3,"R28","EGLDSTDSM",1365,0.129062822582583,0.058425850493886,0.0449682268595382,0.0424243854740905,-8.39699690331029
3,"L27","TMCPVESKETLIK",1184,0.30717805618195,0.27761035674766,0.155417347980734,0.153607915556323,-8.42890287473289
5,"G15","WQFNLLSAMYCKTPHC",2141,0.403981688494339,0.352937542663587,0.316539433890161,0.365078077671853,-8.43036399853508
3,"R25","CGVDSIEY",1362,0.185773629192881,0.140357885789258,0.0799386828039148,0.0757646765094635,-8.45844308054515
5,"B27","CCIISICECMTKC",2003,0.243476102368042,0.198764829164894,0.141307560334315,0.193289058441229,-8.46232366982276
3,"N29","FVESTEALATGVM",1246,0.178263488997921,0.126638585717927,0.0849071586806355,0.100567348361527,-8.48110534841879
5,"N5","CCCPKGCTSSNTDQQK",2341,0.211681723541352,0.174503866984582,0.0929291853088652,0.126101393054966,-8.51531944897241
3,"Q19","VEPMESSESM",1326,0.122437061080702,0.043339390171814,0.0505499527565035,0.0409940976151489,-8.51888530364275
3,"I30","NDSMETDECAD",1097,0.15440447352372,0.103878400525589,0.0598883711886087,0.0664480608036073,-8.53113231818277
4,"N9","NPVDTTSKRINPRC",1775,0.563120407648826,0.523863715455193,0.465168690578332,0.468219596593488,-8.53628304977557
4,"L9","TCMQGCCTCSRRVWGCCMM",1715,0.385642116971973,0.342199295183041,0.294308772669918,0.272907189207402,-8.55921314771867
3,"H30","DPVPCDSLET",1067,0.12708753022996,0.0683371372673458,0.0408216675238671,0.0383661283807302,-8.57175416954827
3,"P29","MESIDYHMRSC",1306,0.230508976476388,0.195175029533074,0.113584343118491,0.145929726202982,-8.57415894293763
4,"A25","MESIDYHMRSC",1306,0.230508976476388,0.195175029533074,0.113584343118491,0.145929726202982,-8.57415894293763
