"TS","spot","seq","unique_seq_idx","sfp_1","sfp_2","AcpS_1","AcpS_2","measure"
3,"S17","DSLEFAPSKLW",1384,0.326961881527306,0.254607727143902,0.0795857334711982,0.0733849935624945,-6.89553739925177
3,"P18","CYEADSHVSMAKSIQ",1295,0.391505861323807,0.290905451919715,0.222146247891135,0.226201198320431,-6.93812193933677
3,"M21","CWMDSTDWKA",1208,0.238501951131714,0.089158204092575,0.119361982909085,0.0838693115403389,-7.00883040363138
3,"R12","LCPLDSSDTALK",1349,0.473488000431189,0.413266986157766,0.219570588931716,0.164743899822397,-7.01188151419397
4,"M28","CMQPVCSTSKRAQPRC",1764,0.853634102811599,0.823785073807878,0.366036862474233,0.844007975736779,-7.0321250452243
3,"R24","DSKAAVLIPI",1361,0.299894963894697,0.211003827886061,0.1198188957359,0.128935130428357,-7.03835811362561
3,"R29","CSLECIAQCLA",1366,0.276931693768204,0.187910196670527,0.0991175883560129,0.114700663505458,-7.06361833319237
3,"P30","MESHLLCAHS",1307,0.188998173926257,0.0651851171831932,0.0536965013083542,0.066919750211313,-7.10237655579202
3,"Q25","WMISMITMAIRCL",1332,0.379194613250226,0.29746082062585,0.20164962834662,0.225924756558869,-7.10758778083181
3,"L18","ACSKTWNVMCM",1175,0.430812588216761,0.369808606948629,0.198790373422506,0.213051330708399,-7.10768228292691
3,"F1","ESIECMDKVK",978,0.48783273894391,0.422580803293391,0.281244458068902,0.402810840938282,-7.14565155591601
4,"L18","TCAPGCISSSNRIYN",1724,0.604744671564118,0.505310348561352,0.474184675071534,0.459500755951728,-7.18935981267881
3,"J30","VDSLDSLEALCS",1127,0.322013658989664,0.255389505994383,0.121748898356171,0.229124390994663,-7.21495285225116
4,"P13","CIQAMCTCSKRAY",1839,0.951441005650253,0.897367036564564,0.734775918149334,0.870037205679298,-7.21572816520888
4,"Q25","CVPGCLSSSNKVYQC",1881,0.594553098656127,0.541929501206973,0.369683035741733,0.46230731677718,-7.25984692040685
3,"B1","ISAGYMVSKIQ",688,0.544186289840664,0.491863398381117,0.321035631274827,0.380625128371317,-7.2853315419861
5,"O6","CCWTPECTSSQCGNNKC",2372,0.287873131662887,0.20712797555873,0.135751230427668,0.168106964817731,-7.33463639909396
4,"L2","GEGCWLESIVYKMSRC",1708,0.712096886667606,0.618558562099146,0.593882739631367,0.604924804364421,-7.34934537675665
4,"S25","IPPLCSSSRTINQK",1941,0.729145133818812,0.700631177051272,0.35261276114693,0.62866461244334,-7.37323237962624
3,"R16","DSDIFIADKLA",1353,0.269185135305091,0.169540954545808,0.149261729988947,0.130546792715569,-7.39878930441231
