"TS","spot","seq","unique_seq_idx","sfp_1","sfp_2","AcpS_1","AcpS_2"
5,"K8","YCWQLCSDCWCCSWR",2254,0.288147462966185,0.220011621676048,0.265144714056467,0.376889540510269
5,"O6","CCWTPECTSSQCGNNKC",2372,0.287873131662887,0.20712797555873,0.135751230427668,0.168106964817731
5,"I29","CQMLSECWCRTF",2215,0.287680624530998,0.219271091670387,0.279609284331748,0.306359903077668
5,"R29","FPRGCSTSNSCNQRQC",2485,0.287477835375458,0.278040124137308,0.232149524844386,0.323122358372936
5,"D8","ENHYCYQMKSFCGCCT",2044,0.287050771379101,0.257605052505647,0.289244701188455,0.292616135885532
4,"O16","SEEAPIESIEFTMM",1812,0.285440776618886,0.297043467389325,0.159093111168078,0.11510948472397
5,"I22","GTMDKHLSFVWTRSQ",2208,0.285430762229717,0.25061128883632,0.356125161731942,0.344663479442001
3,"J9","GSLEFDAKKW",1106,0.285350616334102,0.28420480590057,0.271597935561457,0.261845789940788
5,"Q20","CWGGCCTCSNTCNNRCCC",2446,0.285199085483919,0.237873526647058,0.280835783485597,0.31048571584067
5,"N23","CCWPPGCSTSNSCNNRCCC",2359,0.285196550979489,0.240038417571141,0.26054509289659,0.294840869935493
