"TS","spot","seq","unique_seq_idx","sfp_1","sfp_2","AcpS_1","AcpS_2","measure"
4,"L5","PLETCSKHAWPR",1711,0.399839683914404,0.348912733194803,0.270620471786219,0.287049387174633,-7.9654913370795
4,"Q2","CCSSSNKIYQCCV",1858,0.544811020207336,0.518692366770265,0.30936748514451,0.508410707570107,-8.01107207495263
4,"T27","EWVESADSKK",1973,0.277960709642623,0.219786688377109,0.16343571913876,0.246505399153217,-8.01690880099465
3,"B30","ESADTCDRVC",887,0.171604136790872,0.100181050430727,0.0696923697696999,0.0773301515479803,-8.03589515373042
4,"D9","EDHYESMFYVHNK",1475,0.474784577094697,0.447892986685115,0.254449929377806,0.191238941682646,-8.06593644217588
4,"F14","SFEYAIHKESHEGHSE",1540,0.334086721866886,0.30715334104997,0.1051544520336,0.0470027235662556,-8.07103709552847
3,"I26","DLPLDSLESAEMACC",1093,0.279545535444607,0.227729943549242,0.158626712432348,0.176759350659378,-8.07720206490051
3,"L8","AESSEFQLKSL",1165,0.419376491068253,0.388847799589486,0.228104810024071,0.23565705750298,-8.08899277370747
4,"O3","TCVQPCISTSKKINGR",1799,0.920233676576065,0.904536596991257,0.543735647784938,0.861579159560806,-8.09092834578838
5,"J10","YQCCSRCGC",2226,0.415575289386533,0.35570532186568,0.316316955929368,0.389968027286582,-8.09795850167461
5,"K9","HWQICSVFYYRS",2255,0.498991676799548,0.363507515572579,0.447666936919252,0.562394272423288,-8.10111542838831
4,"D20","HVRRDSVESKMVMLK",1486,0.594578667269354,0.55390493564332,0.462610582738034,0.463518399988505,-8.13711653070414
3,"H25","CSSSFCEILGADSLDTVELV",1062,0.276965814102441,0.210966470862715,0.184293981278087,0.223804778887034,-8.13779243280247
4,"R8","CCICSKRVWQKP",1894,0.760492429767702,0.731727837534605,0.578425928997195,0.63877606062989,-8.13847519991092
4,"P17","LPGVCMCSKRMF",1843,0.982545355740284,0.966908475362835,0.629025570638085,0.727324456938612,-8.15490091347315
3,"K23","NGNDSDSTGLLSSE",1150,0.147787186086939,0.0682500194266784,0.060254484201756,0.0517343031767227,-8.15640281438257
3,"Q24","CCDDAVSMEFKVSRG",1331,0.262442285038318,0.223526950729682,0.114244624327628,0.118532568993682,-8.16866624657593
4,"S30","CSDHNISCCFTKSHGC",1946,0.416880915108593,0.391590224988159,0.202818115367184,0.392400569718012,-8.18739714200567
5,"P8","CCCCSNTENQKQCC",2404,0.215821116497138,0.140793327708636,0.13308721131198,0.176942164142594,-8.18868853135353
4,"D6","MGADSAVTMRSK",1472,0.553605448938613,0.517806395803246,0.415960704514258,0.476754663408426,-8.24053163661024
