"TS","spot","seq","unique_seq_idx","sfp_1","sfp_2","AcpS_1","AcpS_2"
5,"E14","TCCNPLQSMEWSASECS",2080,0.0828849767172516,0.0759482537911603,0.0361325517171256,0.0754016944409646
5,"Q16","MGIESTDTGTL",2442,0.0828555995068198,0.0805623764577089,0.0498988194754084,0.111839788751256
3,"N15","CPGAVSHVWIESG",1232,0.0828168956307883,0.0584611685373999,0.0493378588112271,0.0397125633748824
5,"S3","REPIESADTATALSI",2489,0.082744887745153,0.11215575711302,0.057501820130485,0.117633473543983
3,"E26","DVPLESIETIDV",973,0.0824709459971467,0.0674605701282595,0.0477569599541085,0.0372238887469524
1,"C17","NSASFVEDLCADSLDTVELP",47,0.0824416396187627,0.103268948876845,0.107296806925379,0.115512942502534
4,"T16","DVEYRMSAAMMESRAC",1962,0.0822932715240241,0.0659448906907017,0.174760236737533,0.160415381219981
4,"J15","TISHDGADSYETACMSTC",1661,0.0822489154108372,0.0906374864408328,0.117430479235421,0.0693853536207499
4,"H1","NHDGADSTVLNTSSCC",1587,0.0822253429694812,0.0882721397020818,0.0537244371853378,0.142393809704355
5,"Q1","CCSGGCTCSNTCQQCQ",2427,0.0821946698744759,0.117916602328288,0.0542192607144447,0.111618066704311
