"TS","spot","seq","unique_seq_idx","sfp_1","sfp_2","AcpS_1","AcpS_2","measure"
5,"A16","MESIDYHMRSC",1306,0.230508976476388,0.195175029533074,0.113584343118491,0.145929726202982,-8.57415894293763
4,"T1","PPCCSCSNSLYNR",1947,0.353052438877291,0.327654498336816,0.199596744509321,0.252724172439351,-8.57438576598717
3,"J25","LGLESMDF",1122,0.145148411103607,0.0851116787015307,0.0662488545035935,0.0616597213588274,-8.59416532054174
3,"K25","EYLDSTVANMITM",1152,0.13711104554105,0.0666864131785785,0.0681745678347356,0.0656626389700797,-8.6258790373644
4,"Q22","TCMQPCCSCSKKIFPCCM",1878,0.685093935885249,0.666942142681735,0.488108437952631,0.584789711585268,-8.62658490579576
5,"Q11","CTGPCTSSNTCQNRQC",2437,0.232087479521576,0.171807278656321,0.164196494792347,0.232410872293843,-8.66624223563322
3,"M24","TLAFADSKISCLITSV",1211,0.206864355006089,0.131176990719806,0.149168667205497,0.15450265289285,-8.67319427633658
3,"S28","VDSSDTCMSGCA",1395,0.162467790910646,0.118139486666492,0.0694012157817467,0.0722120760513546,-8.67727839157304
3,"K24","SEPIESVDAQVK",1151,0.263664159670287,0.141002688887472,0.223136274984741,0.215237964590435,-8.6817816670665
5,"K18","FTHCCSCSQSPNQK",2264,0.318770439927496,0.289556772635729,0.19629595844678,0.24637244761456,-8.68347925526149
3,"J29","MESADTVELILI",1126,0.137167776962453,0.0808894854885557,0.0583516815908242,0.0636416656257983,-8.68961209735574
4,"P6","QLVDTTSRSVQGRG",1832,0.448029768089155,0.419574335706505,0.334246230391352,0.344761117276787,-8.752722966821
3,"Q28","VDSTDMILH",1335,0.118694437266338,0.0512787649858709,0.0496435224289585,0.0520925014814542,-8.77302098228613
3,"P16","VVSKSFAMRNAE",1293,0.250103516623511,0.20442802083447,0.172955275046602,0.185799575733468,-8.78477653271918
4,"S14","VQGCCSCSKRAYPHCVL",1930,0.574230571882986,0.541585756356178,0.479635490453479,0.521207757412168,-8.78487887384744
3,"S26","CEEIESSTTRDS",1393,0.144742593014847,0.0863158176600115,0.075547131105711,0.067699360291407,-8.79678080954977
4,"O4","ELWRESVDLVQTKIV",1800,0.281680399790954,0.252966149624044,0.167618139541275,0.171133239023217,-8.80657001233922
5,"Q10","PRCCSCSQSNQ",2436,0.196443361273723,0.14045086881047,0.131023439972425,0.184271476234302,-8.83001610656895
4,"G29","TWYTRFPLESRMTITS",1585,0.257353757733368,0.237354086331489,0.0942256618335711,0.218976637378428,-8.84757755829837
4,"R3","ACSTSKHAQ",1889,0.252467363837521,0.223230370373588,0.142707720929664,0.199018032023704,-8.84964738323821
