"TS","spot","seq","unique_seq_idx","sfp_1","sfp_2","AcpS_1","AcpS_2"
3,"J10","DSMETPDM",1107,0.0415042393806182,0.0447598066338741,0.0506290235830008,0.050062648596003
1,"J10","MESSETMIKGML",250,0.0414368458744786,0.032877147081415,0.0797072292918407,0.0616021894831494
3,"L4","DSTDTN",1161,0.0411129453505515,0.0744776221248633,0.0275997415049224,0.0469916226394165
3,"Q6","GADSTDSCASGIV",1313,0.0410744250209739,0.0644908688240603,0.0668045540962473,0.0816937898672139
4,"K15","VGGCATCSQTMWN",1691,0.0410064487212949,0.0376956236824831,0.0705160999666948,0.0155525569487257
5,"O30","ELGVESSALMDM",2396,0.0405815056834782,0.065114892763716,0.00452679161531015,0.0951018168723307
3,"C10","NSASFCEDLGADSLDTWELE",897,0.0404054831367864,0.0495523801812048,0.0944932909552725,0.108867384427933
4,"I5","LEAGHVSMDSV",1621,0.0402273252268598,0.0377027601529894,0.150989983393255,0.104661150456266
3,"D19","MDSADSLE",936,0.0401524834047114,0.0469015364849764,0.0298851782874748,0.0195394559089853
5,"C29","TSSQDGMDSIEEICE",2035,0.0401487102509685,0.0352100763079565,0.0246382057368956,0.0770873933689367
