"TS","spot","seq","unique_seq_idx","sfp_1","sfp_2","AcpS_1","AcpS_2"
5,"D1","QGWHCCALSIAYCMTWC",2037,0.154082518276047,0.125042694072257,0.345124057126191,0.116519378109797
5,"F21","EDRCCCICSWAWCITE",2117,0.153960631653941,0.109681557239655,0.191286628529673,0.137301341859771
5,"T20","CTRPCCSSQSCNNC",2536,0.153828779821238,0.125843244203947,0.122955536760311,0.170361896033472
5,"C4","YQGYCCCMVSHVFCLSNE",2010,0.153790416640557,0.130653609737293,0.212906883997422,0.194793145843312
3,"E28","NEASFCDDDGADSLDTVEDC",975,0.15364692062226,0.126127214430844,0.136129509275409,0.13533054752201
4,"I2","VDRCISIWYTHTQ",1618,0.153515098677087,0.146384360778024,0.0928749540379148,0.0753311557782726
4,"K6","TSWQKFCVCSFAAC",1682,0.15350541137242,0.154796424412542,0.161248436225384,0.158344233565008
5,"I4","KKRCCVVSHVFCITDCC",2190,0.153500849509496,0.16770616503479,0.110918155792466,0.175288833605189
1,"H5","NSASFSEDLGADSLDTLETV",185,0.153458970645672,0.135909687901171,0.153068998601249,0.174063198643021
3,"A21","NGAESASSKVVGCM",854,0.153399135699477,0.204399814946798,0.0954763664423591,0.093573985351559
