"TS","spot","seq","unique_seq_idx","sfp_1","sfp_2","AcpS_1","AcpS_2"
5,"P25","CCSGPCTSSNTCQQCNCC",2421,0.136068067224978,0.116334884821905,0.0769961534616291,0.115940175329258
5,"M7","NWWEEIKVESFITVMLTS",2313,0.135530694683568,0.0951925840895185,0.10059273130009,0.129766277650798
5,"S4","IGIDSSVLIELG",2490,0.13534167249527,0.156391133438595,0.0691709667477424,0.114798539622781
4,"I13","WLNVEGADSIIIVL",1629,0.135292985044005,0.137112949580743,0.169007158832041,0.11491886461302
3,"O25","AGADSVSTNLESSF",1272,0.134890371966803,0.117291683707175,0.0619265082668899,0.0618341250916303
3,"Q9","ICSTLICACPLE",1316,0.134814105380902,0.154218312393228,0.113200419075126,0.140954177394295
5,"R19","PCTSSNTCQQCCC",2475,0.13477063136661,0.116435512125757,0.0817303414353161,0.126093822336961
3,"A22","NGAESSASKVVGCM",855,0.134638635196353,0.129678316269918,0.109091842134225,0.112463837207404
3,"O23","GDACSWLLRLLNGSGSGWGS",1270,0.134553996397096,0.124375803576101,0.0902962363330953,0.0915404852073548
3,"M22","SECYIVSYDSHV",1209,0.13454629640525,0.0549320100050864,0.0913348211377734,0.0903327653486743
