"TS","spot","seq","unique_seq_idx","sfp_1","sfp_2","AcpS_1","AcpS_2"
5,"T10","EEVGVDSSESDD",2526,0.0731588159693637,0.0611708338180428,0.0364374433375683,0.089295618968334
5,"R3","HSSDDLPEESTDTCSVGC",2459,0.0731498588003006,0.0944102996400457,0.0339925696350423,0.0847678725011095
3,"B13","DSMEPADVGLL",870,0.0731269040405735,0.0944509588114834,0.0495273270655162,0.0411399879652703
5,"M30","WTGPCCTSQTCNQ",2336,0.0730988518986586,0.0906663480360846,0.0501716991784662,0.11488447441433
5,"B13","PCHPPVESHLICE",1989,0.0730836736732688,0.0723630475708328,0.0531942955541625,0.10377771686286
3,"O8","EGLDSSDTC",1255,0.0728436747108818,0.0967420924823984,0.0705263259016153,0.0869168177909479
4,"L17","AMMLSSQTMQPHGI",1723,0.0728370824621242,0.0713236630755296,0.140074981538248,0.0937558756250111
1,"I23","SASFSEDLNADSLDTVELVM",233,0.0727867284193139,0.0883182356448613,0.102036567563321,0.119036105968376
1,"H23","TYFNRYGNDSSASISCTSDF",203,0.0726770596319717,0.096860748335499,0.150082778939689,0.166246170144609
3,"R14","VCSKEWCLHTP",1351,0.0725689194462903,0.0622812457992754,0.0727875799678708,0.0607180127834057
