"TS","spot","seq","unique_seq_idx","sfp_1","sfp_2","AcpS_1","AcpS_2"
3,"D10","EADSIET",927,0.0432724060266599,0.0516131334047043,0.0528464233655742,0.0460413242583335
4,"J2","DDACSAETI",1648,0.0430195880529466,0.0353312090541655,0.13750244050598,0.0938035551037635
3,"G20","EIGMDSAESLD",1027,0.0429410008220603,0.0316867660749222,0.0387226669119091,0.0289339422935454
1,"C15","NKYGLDSSSSISLTSDSGDW",45,0.0429387363686174,0.0438899216052468,0.0343481748514724,0.029299567435972
3,"E17","DLPVESMDTIDII",964,0.0428494361042119,0.0469489184924946,0.0403458226622755,0.0326032720750165
4,"B10","SWAEAEGKESMDSMTTIV",1416,0.0426495330146719,0.0369210399122641,0.120839785046275,0.0694067482586515
1,"G18","WELFSSTTVAGGM",168,0.0426413522949656,0.0427278795844468,0.0503350786923554,0.0451876837215858
3,"K2","MDSTDTCVTGL",1129,0.042233049719924,0.062885293574424,0.065376634954516,0.0791438106143555
1,"C18","LPLESSTSFAATSL",48,0.0418657021351034,0.0431611488657572,0.0568525095470136,0.0630603539925714
1,"H22","VWMDSTDSILHSIA",202,0.041765179421859,0.0559666249705403,0.0366440831121627,0.0430091645740835
