"TS","spot","seq","unique_seq_idx","sfp_1","sfp_2","AcpS_1","AcpS_2"
5,"Q10","PRCCSCSQSNQ",2436,0.196443361273723,0.14045086881047,0.131023439972425,0.184271476234302
4,"N13","DKMESLDMVETKC",1779,0.196391637531119,0.193844511205549,0.131364351040723,0.0893228332987344
5,"H29","CCVLSHAWYI",2185,0.196044119223716,0.151455685721074,0.241241371559844,0.181253216662379
5,"I2","YQKKKCQMMSVACCLTG",2188,0.195821140436301,0.232100604947679,0.268519417198232,0.353611639593255
5,"E8","MWRNDSVEWL",2074,0.195285265556599,0.241239544680779,0.077168399956312,0.0872025582741734
5,"J21","IHDGADSVVWLWSNC",2237,0.194788214676567,0.157502985139446,0.221209987231721,0.145022874281657
3,"N5","TLCWVCSRTCCIHG",1222,0.194759601158277,0.244261773562743,0.103716859973283,0.151923580786294
5,"H3","TLEGHMSLVFCKS",2159,0.194565754310512,0.206474577385928,0.206259619082508,0.247500027497419
4,"D22","DRFPKESVPFMLIHIC",1488,0.19439073942991,0.211531889249789,0.181029078404417,0.167393896436265
4,"M29","EDEWQVSLCYTDTK",1765,0.194169898238974,0.193153322190675,0.0420289998292085,0.141038758918213
