"TS","spot","seq","unique_seq_idx","sfp_1","sfp_2","AcpS_1","AcpS_2"
3,"K12","EACSAEFYMKSGL",1139,0.371018484871655,0.276655046149358,0.17010980501031,0.140897661926889
5,"K6","WQDCRCCVISRMWFL",2252,0.370553418346277,0.280249456522918,0.472069796682972,0.451611527318079
3,"N17","ECMESSDFNAK",1234,0.367538170038767,0.288295169357996,0.111469380307836,0.0879014753946763
5,"J20","QPCCQNCNSFCWCKSQC",2236,0.367306430160326,0.321550911416249,0.366802620014892,0.40782235153072
4,"M13","TCANPCCSCSKHLW",1749,0.365994648556769,0.356465886193323,0.306592727695975,0.282682753804403
1,"B3","DSLEFIASKLAGSGSGSGSG",3,0.365336944219572,0.497910550362945,0.236796588642494,0.250740673742347
4,"N27","MMTCSNTIFPKG",1793,0.363876945045652,0.388736161097756,0.234004696555141,0.356167882420458
5,"H10","QYNICSRCYCCTQ",2166,0.362994460493847,0.307452461571039,0.443531877764099,0.429622019761859
5,"D17","VDGRISALFTR",2053,0.361193983108613,0.308482102606306,0.365246952725744,0.394083983831803
4,"P30","SWCRAGPAESMAYLLFMA",1856,0.360473589427898,0.372370573905088,0.0542045257376701,0.0965540253013914
