"TS","spot","seq","unique_seq_idx","sfp_1","sfp_2","AcpS_1","AcpS_2","measure"
3,"N30","DSREYNLSK",1247,0.602676691398997,0.37374840145491,0.226140774113158,0.269698900463826,-5.17579453510945
3,"L30","AQCIASTSWKL",1187,0.71705116842533,0.50329656284557,0.361460761414035,0.393609471791716,-5.28497717549902
3,"A26","DDDHKAALDFSK",858,0.613014948969369,0.381419310591123,0.3622326707601,0.396058895779887,-5.59323384647385
3,"A30","LEKLDSMATHDKKAQ",453,0.654172634314193,0.510484149517347,0.331759416142373,0.397395769502262,-5.80596145900653
3,"S18","STSTYFNRYGLDSSASISLK",1385,0.712299153087313,0.584072181019952,0.391674085110539,0.406224947823367,-5.91911778474717
3,"S25","DSLEFIAGNAGFGSGKGSG",1392,0.674056308401047,0.569473716537606,0.29683732563059,0.355926590869632,-5.9657598707319
3,"A29","DVVDYHISKAA",556,0.47416775604252,0.304054159349657,0.266141205465975,0.275565141216249,-6.1430220582185
3,"R18","FVDSVDAHLK",1355,0.480469774519018,0.348895276286014,0.21561380845403,0.214433045261518,-6.14432667448988
4,"S28","DEVHIASHRTLWARW",1944,0.495752190292246,0.38692809988442,0.209226585364265,0.337822506116567,-6.25288293448863
3,"A27","DDDHKAALDFAK",859,0.515151304204698,0.362356714248514,0.31329905520941,0.351106061891683,-6.27553442053388
3,"A28","DDDHKAALDFAK",859,0.515151304204698,0.362356714248514,0.31329905520941,0.351106061891683,-6.27553442053388
4,"A22","DDDHKAALDFAK",859,0.515151304204698,0.362356714248514,0.31329905520941,0.351106061891683,-6.27553442053388
3,"L21","DSLEFINFKQA",1178,0.466967105484922,0.379523204989036,0.184924299710935,0.171637627903999,-6.50577080616637
3,"R17","WESSETNIKGMG",1354,0.305616750427956,0.191498194335127,0.116364464968493,0.0966412788330665,-6.72001689462588
3,"O21","MDSSEWCAKG",1268,0.333854005710074,0.208671380599984,0.165073839387741,0.159449307228083,-6.73779524316276
3,"N17","ECMESSDFNAK",1234,0.367538170038767,0.288295169357996,0.111469380307836,0.0879014753946763,-6.7452173192269
3,"K12","EACSAEFYMKSGL",1139,0.371018484871655,0.276655046149358,0.17010980501031,0.140897661926889,-6.82359192005638
3,"A25","DDDHKASLDFSK",469,0.506791162102454,0.412116506132115,0.314007227522945,0.348020634573562,-6.82380075740608
4,"A21","DDDHKASLDFSK",469,0.506791162102454,0.412116506132115,0.314007227522945,0.348020634573562,-6.82380075740608
3,"K29","EVESSDSCMFPKT",1156,0.392307230845532,0.30975467960625,0.167483650764385,0.177654326601618,-6.83341705863516
