"TS","spot","seq","unique_seq_idx","sfp_1","sfp_2","AcpS_1","AcpS_2"
4,"S18","DFLEGLDSACYLDAV",1934,0.138328780838323,0.124074588837272,0.202896312542598,0.183735389826747
4,"B26","EPAASIEWIEV",1432,0.138314396658667,0.159765476004955,0.0241732637203103,0.0631683897097072
3,"M19","MSSTLCISGC",1206,0.138218357331377,0.0803886246570341,0.0996807572280122,0.104806417455406
3,"M18","TLDPLESTDSQVRG",1205,0.138122209285049,0.127175929724295,0.0977502960975237,0.06314729163211
3,"L29","NEASFVDPLGADSRDTRELT",1186,0.137921540979037,0.107926236689382,0.0546383996198014,0.0547990912982456
3,"B19","ADAQSLDTVDICCY",876,0.137832868850718,0.161926675647064,0.0747827206202958,0.0822272611112736
3,"E27","DSLDTIDVCV",974,0.13729344164419,0.122956964896053,0.0775631561589991,0.0799055082227231
5,"G11","DTICYGIESAEFKKSECS",2137,0.137186273298525,0.133348990417143,0.100649992738938,0.146743084256235
3,"J29","MESADTVELILI",1126,0.137167776962453,0.0808894854885557,0.0583516815908242,0.0636416656257983
5,"Q12","TGGCSCSNTCQQCQCC",2438,0.137148140527337,0.10832346602779,0.0868212093061271,0.133882948414699
