"TS","spot","seq","unique_seq_idx","sfp_1","sfp_2","AcpS_1","AcpS_2"
5,"M17","YDRRHAESTWSMSAD",2323,0.107072933335833,0.100367116001218,0.0956319787378596,0.105651169597368
5,"O18","PCCTSQTTQ",2384,0.106962912802647,0.0967989376234869,0.0723400735933548,0.127467779095591
3,"J12","DSADTMEMIIC",1109,0.106827914647722,0.116951441084541,0.0713918304946078,0.0706523616364758
3,"G26","DSVDTLELIVG",1033,0.106691311088681,0.073338002313915,0.0963320204610069,0.095281516005527
4,"O1","TEGMLSACFTNSMAC",1797,0.106617594499584,0.0948329446303622,0.118067796646396,0.166411063447583
5,"N18","CCCCSNTQNQC",2354,0.106500538551399,0.0978512522576723,0.0599704351942328,0.104646178208702
5,"O5","ERGCLDSTCSILAT",2371,0.106426461899212,0.0809935673228771,0.0738234464915693,0.104376803491444
3,"L26","IDGIESLDTFM",1183,0.106312218897544,0.0674401803299422,0.0700082389374281,0.0657646088257779
5,"L21","CSHPCSTSNTCNQC",2297,0.106298901443327,0.0880499173711076,0.0826038337919843,0.128497910981784
4,"G3","TWNHWCMDSKIVCSST",1559,0.106223438621516,0.101683577646552,0.0866154626517679,0.11673882699352
