"TS","spot","seq","unique_seq_idx","sfp_1","sfp_2","AcpS_1","AcpS_2"
3,"N8","CADSTDF",1225,0.0844744309125064,0.101936636339412,0.0598899833696951,0.0706711774012579
4,"F13","NKDCADSKVAC",1539,0.0843411383751331,0.0845795550914131,0.166819041410851,0.115424927265193
3,"J19","IESMDTVEIIE",1116,0.0841020405661246,0.0706071043857219,0.0584937753862149,0.0565630010734988
4,"G23","WPIDSAEVHS",1579,0.0840896207194185,0.0898931671312507,0.143037806702381,0.0976947140412659
5,"O26","GCTTSNSCNQ",2392,0.0840289310517064,0.0786705046481563,0.0534261630287166,0.108394454977583
3,"M20","NEASFVDDLGNDSTCTQEYT",1207,0.0839723018146282,0.0471430342271887,0.0842937015912605,0.0833832717033339
4,"L27","GFTEAMPHVSVEYV",1733,0.0838492874972739,0.0829460024282943,0.0756487213122767,0.0949138756833249
4,"B14","FNHDGLESHLVHSS",1420,0.0838092172825155,0.0809838225804728,0.155645797319501,0.111823855166623
5,"T8","VGDDSSDSCT",2524,0.0837946333979188,0.067164936323907,0.0370163092935023,0.0961685167549274
4,"J26","EPIESKDSLMS",1672,0.0836936741577615,0.0844258442552426,0.0871202640150546,0.0954387656168515
