"TS","spot","seq","unique_seq_idx","sfp_1","sfp_2","AcpS_1","AcpS_2","measure"
3,"M28","TSEPIDSRDMIV",1215,0.142138203180286,0.121280243814432,0.0577689003140483,0.0658431101052942,-9.72265620035481
3,"M19","MSSTLCISGC",1206,0.138218357331377,0.0803886246570341,0.0996807572280122,0.104806417455406,-9.72916963289026
5,"I12","HFHFNMCSHLWCKT",2198,0.376575631280065,0.335897472627512,0.334595955357484,0.393891916144442,-9.74174844752432
1,"E25","NNASFSEDLGADSLDTVELV",115,0.226800687046329,0.204546721331927,0.156708681430521,0.175933314814066,-9.75749555508819
3,"P1","LEGLESTEYCITPVA",1278,0.127663970360255,0.0996570568875435,0.0623222617469846,0.0620913761365757,-9.7588784710309
3,"N22","NEECKDSSDTCMKGC",1239,0.14904953660197,0.09208668887589,0.111717256847542,0.109329308044679,-9.77364874937112
5,"B4","HRFCDSAAFLAT",1980,0.208529059241838,0.189797254741324,0.126237488047222,0.171245698796556,-9.78104589482818
5,"R12","CFSHCCTCSNSNQQCQC",2468,0.146879370284084,0.110421755142002,0.0973419892001132,0.140931115465306,-9.78873731698395
3,"P24","CCLDSSDFNA",1301,0.14330676860945,0.120420498258957,0.0708168586821774,0.0726819929594794,-9.80085832710437
4,"P27","SWPCEDYIDSIDFRETLV",1853,0.304136658161115,0.295339336489322,0.10389590045316,0.142315859869348,-9.81255397832885
4,"R23","SWCLSKGAESMDFKDALAR",1909,0.170832535476157,0.143856943337652,0.11210561763517,0.11789000521872,-9.83427731626569
5,"R13","EEPYESKCLAGAPK",2469,0.201190920087821,0.170864286394547,0.149131117262135,0.214659938345787,-9.83471802539749
5,"G28","QNECRFCVLSKLQC",2154,0.402243623280679,0.342780676084807,0.37016260643172,0.413678001936104,-9.83868308052709
5,"Q24","TKGCCCSNTCQ",2450,0.21142113040411,0.193087100351517,0.132737439761769,0.177566819799913,-9.86313446115099
4,"O2","DAGIDSIDSLHIQ",1798,0.307842698016507,0.29962998645687,0.0947441756775333,0.121145486674887,-9.87558636062551
4,"T25","CINAMELSSKTLN",1971,0.176874184486733,0.157954531074965,0.0992891328270888,0.154933194753034,-9.8818358474594
5,"H15","WPMVSAAMMVSR",2171,0.280202828422683,0.248912882302218,0.232893923549411,0.287006633805941,-9.88530168291328
4,"O7","CVPPCCTCSNKAWP",1803,0.269145761438733,0.252699158241756,0.189088641078118,0.14147496502126,-9.9386578515623
5,"R27","SKGCSCSQTCQQCCC",2483,0.172430343063144,0.153316702113724,0.0988561820826185,0.154637229048645,-9.94473572426673
5,"B26","PRCVAFHADSWEML",2002,0.134382448972296,0.102720671798318,0.0834785180817467,0.0980771376172265,-9.946624273345
