"TS","spot","seq","unique_seq_idx","sfp_1","sfp_2","AcpS_1","AcpS_2","measure"
3,"M18","TLDPLESTDSQVRG",1205,0.138122209285049,0.127175929724295,0.0977502960975237,0.06314729163211,-11.7059314598367
4,"P5","CFEDDEPKMSIDWIETKNC",1831,0.155597604981247,0.148837180255267,0.0825149757437447,0.0455571062214988,-11.7148238363373
5,"F13","LSVVENLLSYEPIDSNLY",2109,0.168797562981375,0.159740546306664,0.122211089404955,0.14825588512621,-11.7166948360765
3,"O12","SLDGLESRIS",1259,0.177075266182167,0.171302293290447,0.0799527930860844,0.0695187970246854,-11.7814531958316
5,"L26","CFPHDCCCSQTCQQHNC",2302,0.116282688806227,0.104624016267776,0.0769813151108656,0.123598056582404,-11.7883318265375
4,"M20","LPPCDSCSRSIFPRCA",1756,0.492403083580626,0.482361614918451,0.456324083644443,0.470446228251223,-11.8003987698156
5,"D15","YDERHWCMASKIFCVT",2051,0.321586389553325,0.288263109466594,0.300078910835864,0.302302426757946,-11.8172412459186
4,"G25","QTVAPFVMSVEWL",1581,0.124870795574006,0.116469558067438,0.0729191031500591,0.078528541623406,-11.8190693494706
5,"R6","SREECGIESSDTCT",2462,0.0950511452010008,0.0825934901290566,0.0182755695798241,0.0665710946843989,-11.8233133860665
4,"I2","VDRCISIWYTHTQ",1618,0.153515098677087,0.146384360778024,0.0928749540379148,0.0753311557782726,-11.8428514743862
5,"D20","CCFGRVSMDCI",2056,0.160819547862491,0.151327554224661,0.119579787636443,0.1608277051711,-11.8505489088336
5,"P13","CCFTRGCTSSNSNN",2409,0.223523936277123,0.200711316873837,0.199643976882336,0.252988940895119,-11.8514563126127
5,"P5","RGDDKRCEDSTEGGT",2401,0.0793172585162334,0.0642465029825348,0.0183300822750062,0.056737331938988,-11.8614984209875
5,"K22","CCTPPCCTSNSCNQCCCC",2268,0.129781632204423,0.121079976958633,0.0824185246835965,0.139803021344997,-11.8686887465891
5,"E26","YNEHRCCILSECFC",2092,0.163042337048277,0.141716514536469,0.138243076024169,0.174284613572697,-11.8724768506218
3,"I21","IGVESVCT",1088,0.13162184765037,0.105008408003045,0.108069630581499,0.112002782797184,-11.88031534611
5,"O25","LYLDSSDIMVLS",2391,0.162270350040026,0.154376111682325,0.112369930301104,0.149922614406048,-11.8873117986479
4,"P7","PGCITTSHSAQNRCLA",1833,0.240360552085951,0.224373574691796,0.21345687616958,0.179229899143781,-11.8992116499217
5,"N6","CTGECSTSNTGQQCQ",2342,0.0755371027621312,0.0471960471701245,0.0390689640325675,0.0796701795274358,-11.900938657153
3,"R19","DPIDSRDI",1356,0.105226499676944,0.0850117686897762,0.0594222733667966,0.0606558559952173,-11.9075027153166
