"TS","spot","seq","unique_seq_idx","sfp_1","sfp_2","AcpS_1","AcpS_2"
3,"L18","ACSKTWNVMCM",1175,0.430812588216761,0.369808606948629,0.198790373422506,0.213051330708399
4,"P28","LIGIDSIETLKA",1854,0.429411942738166,0.457487927588166,0.0481746377969676,0.123030879970844
5,"I17","GDCKCCILSKAFCIC",2203,0.423953180181532,0.407816769789701,0.524968906357601,0.541810747191299
4,"B15","CVENNASMCYFRTNW",1421,0.423930425425617,0.353604074134942,0.381206128268129,0.340713251785785
5,"F18","DYKMSWMFCKTNC",2114,0.421665876337543,0.393413237764647,0.433712051830116,0.469747653684504
3,"K6","VCSLSYMMRTS",1133,0.420140297666795,0.504843565972183,0.207389776918971,0.290342794044373
1,"B7","GDSLSWLLRLLNGSGSGSGS",7,0.41984136435759,0.516129207531909,0.0916835400599239,0.10066247458111
3,"L8","AESSEFQLKSL",1165,0.419376491068253,0.388847799589486,0.228104810024071,0.23565705750298
4,"N2","CMPPCCSCSNKAYN",1768,0.417445538193329,0.398578868605405,0.265443014611707,0.329193033933699
4,"S30","CSDHNISCCFTKSHGC",1946,0.416880915108593,0.391590224988159,0.202818115367184,0.392400569718012
