"TS","spot","seq","unique_seq_idx","sfp_1","sfp_2","AcpS_1","AcpS_2"
3,"O27","YMESTAYVISSLL",1274,0.178854677260746,0.154671135830857,0.0913113335821285,0.100519132964273
4,"L16","TCLNAMITCSNSIYQ",1722,0.178397498467865,0.176058242070008,0.156093055575777,0.111836960910526
3,"N29","FVESTEALATGVM",1246,0.178263488997921,0.126638585717927,0.0849071586806355,0.100567348361527
3,"M29","SGCDSTSTALLSSE",1216,0.178252387157826,0.147338673073141,0.0727234624907168,0.0768765791311834
1,"F27","NEASFVDDLGADSLDTVTLV",147,0.178206565117564,0.184216924606041,0.0898283912024183,0.109990726604068
3,"R5","GACSTIFRVHTL",1342,0.177299054834065,0.213695766735326,0.184774071056851,0.208090479333254
5,"K11","KCNLCSMAFCIWPCC",2257,0.17726096449968,0.154648194869336,0.143782475615846,0.173758091561978
3,"O12","SLDGLESRIS",1259,0.177075266182167,0.171302293290447,0.0799527930860844,0.0695187970246854
5,"C20","NWNVCSYCGCKSE",2026,0.177063733973172,0.166351153326373,0.168084483244705,0.19186059251296
4,"R10","CIPPCCSCSKHVYGCCVL",1896,0.177027742943437,0.170816169505939,0.188120612013564,0.148626520068893
