"TS","spot","seq","unique_seq_idx","sfp_1","sfp_2","AcpS_1","AcpS_2","measure"
1,"E26","FVDSSSTLSIGTM",116,0.0222084340477799,0.0272877908286676,0.0668921869967397,0.0648968647612626,-38.6834295623
1,"E27","NSASFVEDLGADSLDTWELV",117,0.0622019663532607,0.0775010526141615,0.0893837471400869,0.145330212581081,-38.6834295623
1,"E28","VDLESTSTYTLP",118,0.00748382243776254,0.008922611982606,0.0343750499693191,0.0381331797472184,-38.6834295623
1,"E30","IDSSDSLSISIE",120,0.0355517151380871,0.0476234071553768,0.0335594769872145,0.0349676038637065,-38.6834295623
1,"F1","NSASFVEDLGADSLDTQELV",121,0.011594467620987,0.0211416839462274,0.0900965260647709,0.104876832657504,-38.6834295623
1,"F2","VGMDSSDSLIAPQA",122,0.0041451689847612,0.00424431423877911,0.0298744855853944,0.027521601030241,-38.6834295623
1,"F3","NNASFVEDLGADSLDTGVLV",123,0.0326133022977863,0.0304172547187792,0.0534612954931636,0.0561513034981742,-38.6834295623
1,"F4","VPCDSSETAMAGVD",124,0.00964168618655801,0.0129331898901281,0.0569679847753988,0.0560619881691024,-38.6834295623
1,"F5","NSASFVEDLVADSLDTNELV",125,0.0584772013951305,0.0753856012620845,0.0714704258873528,0.0822193281352126,-38.6834295623
1,"F6","ALIDSSETMTRSSD",126,0.0105887779284731,0.0144143047524425,0.0384596383283654,0.0416144384182556,-38.6834295623
1,"F8","GLDSTDTMLMTSI",128,0.0124720491997592,0.0149005588539778,0.033350265680669,0.0353102851662298,-38.6834295623
1,"F10","PIESSETMVLGMI",130,0.0129216996380453,0.015043456506926,0.0318504137251202,0.031182163283134,-38.6834295623
1,"F12","TESTTSAMVSME",132,0.00666933825753592,0.0101619753361656,0.0217408497632452,0.0211318437253742,-38.6834295623
1,"F13","NEASFVDDLGADSRDTVELV",133,0.0204318459488432,0.0235129067544976,0.0403886143859045,0.0451833403048981,-38.6834295623
1,"F14","PAESSTSMMCGVI",134,0.0289614536269458,0.0428948756753506,0.0917144305706387,0.099563977600037,-38.6834295623
1,"F16","GIDSTSSMLITQL",136,0.0187458985980339,0.0231051379058867,0.0473436483581906,0.0515508707356351,-38.6834295623
1,"F18","ADVESSETNMAGR",138,0.0155272164066457,0.0198358713323557,0.0490424210087953,0.0541137108893056,-38.6834295623
1,"F20","LESSDSGLCTID",140,0.0177125183777344,0.0308639090819837,0.0953766556287095,0.107986882138947,-38.6834295623
1,"F22","IDSSSTVSMSMV",142,0.0143660014035548,0.0171074043917149,0.0537427465188413,0.0538203365424206,-38.6834295623
1,"F23","NSASFVEDLGADSLDTVEEV",143,0.0916773452426691,0.0881913947996398,0.0762169004010119,0.0880508850250081,-38.6834295623
