"TS","spot","seq","unique_seq_idx","sfp_1","sfp_2","AcpS_1","AcpS_2"
4,"K4","TTIDDDPMDSIDYKIT",1680,0.202963593083535,0.161532407845414,0.186167996490779,0.120027464025681
3,"J27","IESVDTVISL",1124,0.201845526249365,0.167916756747437,0.107610670740764,0.119847795342565
4,"A23","IESVDTVISL",1124,0.201845526249365,0.167916756747437,0.107610670740764,0.119847795342565
5,"R13","EEPYESKCLAGAPK",2469,0.201190920087821,0.170864286394547,0.149131117262135,0.214659938345787
3,"F11","PADSICSLSCL",988,0.201100401850819,0.204020200594555,0.12568251667256,0.129938774229519
5,"F30","CENKISAFYCHTQ",2126,0.20089184856515,0.173128778121331,0.273267932694214,0.27136813016264
4,"I16","TSLEVMPVLSLDYATTV",1632,0.200331581761013,0.195235074330041,0.162394329250897,0.116543463385709
5,"I11","NPRQYQICSKCFCCTQEC",2197,0.200270952582316,0.18486582245477,0.174515181213967,0.23703072440201
4,"D10","AEDLGMESLETREMMVR",1476,0.200195519163646,0.19282489890513,0.155795212150429,0.10483854256824
5,"D13","ECVCCCCSILYCA",2049,0.199724018046923,0.189031515075082,0.227723025885138,0.205471000793211
