"TS","spot","seq","unique_seq_idx","sfp_1","sfp_2","AcpS_1","AcpS_2"
5,"Q9","CCTPGCSSSQTCNNCQCC",2435,0.146777183673679,0.0901319334229813,0.0988592957037623,0.140576177350212
5,"T24","CCCTHCCSCSNSQQNCCCC",2540,0.146562672435153,0.132026192730091,0.124306313183096,0.172957852384426
3,"J11","DEPQDSLDSFYLC",1108,0.146476517104559,0.142851800859152,0.119280353299762,0.124522424548609
5,"B16","GSAEPIISYEYHLS",1992,0.14627085881153,0.138285917503967,0.115328527167196,0.142822852198015
4,"E7","CLNEIGLVSLEEVVV",1503,0.145730850334284,0.130805154378249,0.156518426968014,0.0939225826435412
4,"J28","YQHYCICSFLLCT",1674,0.145708863088237,0.155242031456646,0.0823907478759386,0.190386285896465
4,"I29","YNRWGADSRILCCST",1645,0.145688549103905,0.163011113662772,0.0553196557705752,0.169954577857444
3,"P23","DSHTYCITTT",1300,0.145547445866217,0.142358707569847,0.0900668185272969,0.0999788614573982
5,"J16","FPIESVDYR",2232,0.145233756879725,0.129379299133945,0.0729023984369622,0.135290673432508
3,"J25","LGLESMDF",1122,0.145148411103607,0.0851116787015307,0.0662488545035935,0.0616597213588274
