"TS","spot","seq","unique_seq_idx","sfp_1","sfp_2","AcpS_1","AcpS_2","measure"
1,"D28","VGEDSTETMIVPSE",88,0.000773295308600213,0.00181650903886569,0.0173401659423811,0.0144422683192875,-38.6834295623
1,"D30","EVESSDSCMHSSI",90,0.019140840795395,0.0285737638942773,0.0718662128904158,0.0721726994620559,-38.6834295623
1,"E1","ASFREDLGADSSDTVELVYA",91,0.0321936762130901,0.0396218263612843,0.0611185002824638,0.0636687382032696,-38.6834295623
1,"E2","EVESTSSNMAPAQ",92,0.000957646521678511,0.000806120524980245,0.0307383740156363,0.0325233818080294,-38.6834295623
1,"E3","EASFVEDHGADSTDTVELVM",93,0.0116023311421652,0.00886388691975057,0.0268121228693103,0.0284495628293441,-38.6834295623
1,"E4","MESTDTVAGPIE",94,0.00212926912632894,0.00215587112506939,0.0223018841900106,0.0235814491707488,-38.6834295623
1,"E5","SASFVEDVAADSLDTVELGM",95,0.04781119696054,0.0508651628886511,0.0929723130843374,0.114751498734756,-38.6834295623
1,"E6","GADSSTTIEMTMD",96,0.00338148231032804,0.00434433201475044,0.0294774285976103,0.0307161941998874,-38.6834295623
1,"E7","STITCFNRYVLDSSASISLT",97,0.0576075043629942,0.069005255446498,0.11203562417822,0.112985359473057,-38.6834295623
1,"E8","LDSSTTLAIGFM",98,0.0253943585760777,0.0298537850954084,0.0600499762259214,0.0592830496714281,-38.6834295623
1,"E9","TYFNRFGLDSSASNSLTSDF",99,0.053244700865622,0.0538995027580294,0.0799128174066821,0.0738184465541565,-38.6834295623
1,"E10","DADSTDTVEMTIM",100,0.00347824146664491,0.00478410866789071,0.0186938949500266,0.0224268548220328,-38.6834295623
1,"E12","LESTTSLSDPVD",102,0.00726482127040128,0.0103123855647223,0.0169677802754278,0.0188545679252018,-38.6834295623
1,"E13","NSASFVEDLGADSTDWVELV",103,0.044117675832546,0.0542971137579303,0.0305759467050644,0.0302939651579327,-38.6834295623
1,"E14","VDADSTETQMISI",104,0.00853692453738077,0.0116384080650901,0.0322908929846164,0.0333514858065698,-38.6834295623
1,"E16","KPLESSTSLIYPSV",106,0.0264430453295797,0.0295451346299142,0.0536517932013197,0.0558662693269948,-38.6834295623
1,"E18","ELDSTDSCTKGRE",108,0.0400679834511823,0.0591183091547053,0.0898045789888988,0.0986404815673875,-38.6834295623
1,"E20","MDSSTSAMIGGD",110,0.00912073842122488,0.0126364431535911,0.0349714758820607,0.0337612759556628,-38.6834295623
1,"E22","LAESTTTATGTSD",112,0.00254298705741261,0.0055458944156882,0.0266991689341213,0.0297805447571632,-38.6834295623
1,"E24","MGICSSSSWIYGME",114,0.053229835867031,0.0500433823469095,0.0821220305339155,0.0778989947699636,-38.6834295623
