"TS","spot","seq","unique_seq_idx","sfp_1","sfp_2","AcpS_1","AcpS_2"
1,"C13","NRYGLDSSSSISLTSDFPDW",43,0.0553590629424445,0.0698700216761406,0.0377786090217075,0.034574759157184
3,"H12","DSLDSMDVA",1049,0.0553103043897162,0.0655084168543688,0.0626083277505916,0.0572343693763006
3,"G15","LDSLEWAD",1022,0.055300322918805,0.0649047817299005,0.0718862672059763,0.089712458668415
3,"H17","APLESIETVDMVM",1054,0.0552995081048531,0.054937180275374,0.0522736257790127,0.054934892035368
5,"L22","EDKDGLDSSTSC",2298,0.055276303154558,0.0428249939375115,0.032969428862149,0.0898827638605919
3,"H18","DLPMDSMES",1055,0.0552402507601989,0.0479054913164067,0.0503850813567721,0.0471485058955927
5,"N17","DEEEPMDSSECIDL",2353,0.0547709575327563,0.0506040309861292,0.0191675977123641,0.0726334971131995
4,"D8","FMDQYYTVSMDAMHSQ",1474,0.0547537614849968,0.0656014662528676,0.117302249523324,0.0606033804589186
5,"S25","DSEDENEMDSTEGDCEP",2511,0.054737519355,0.0456521290590078,0.063823346758392,0.0839500349752887
3,"G10","PNESMETIDDRY",1017,0.0545350903958479,0.0634657717136606,0.0751753384821306,0.0737671035683032
