"TS","spot","seq","unique_seq_idx","sfp_1","sfp_2","AcpS_1","AcpS_2"
1,"E22","LAESTTTATGTSD",112,0.00254298705741261,0.0055458944156882,0.0266991689341213,0.0297805447571632
1,"C6","QEMDSSESLEVPSD",36,0.00253863478766955,0.00414085760777571,0.0110578316710826,0.0148816263284614
1,"F24","DLPSSESAEATFE",144,0.00253032973187964,0.00366645432973555,0.032002643805432,0.034955389278749
1,"I28","EDSSETKLAGAD",238,0.0022850887933138,0.00487359825691768,0.0447823506432946,0.0496686827210259
4,"S19","WTDEDGHVSVDWVD",1935,0.00224387331553551,0.00773194343104166,0.0670775674162547,0.0108936605992513
1,"J18","WLESSESIAPPMM",258,0.00223593127322062,0.00465996600123282,0.0174833193671866,0.0216952847887495
1,"E4","MESTDTVAGPIE",94,0.00212926912632894,0.00215587112506939,0.0223018841900106,0.0235814491707488
1,"C26","GIDSTDSALVPAE",56,0.00181231035156214,0.00154113610898959,0.0265327262306814,0.0201289426946868
1,"G2","VGLESTSSEIMGTN",152,0.00168081713913152,0.000825854262318138,0.0295531420984794,0.0336443503627638
1,"I22","EMDSTDSVAIS",232,0.00167747409135786,0.00520319928537649,0.0289395900682497,0.0320975842312374
