"TS","spot","seq","unique_seq_idx","sfp_1","sfp_2","AcpS_1","AcpS_2"
5,"F7","QPVCDGVESYENC",2103,0.0543109737800037,0.052098707233285,0.0301087894362619,0.0795033666125908
3,"M5","ESTEYNASQAA",1192,0.0542678721603117,0.0942369144762912,0.0337141823210704,0.0570929784481922
4,"F7","VQGMASVDFSE",1533,0.054222427501753,0.0505886625836849,0.123933817598115,0.0823434133949046
5,"R30","EDAPIESTETGTPG",2486,0.0538990304066634,0.060067254508808,0.0139710126736543,0.0888927139267072
3,"F10","PLDSLET",987,0.0536476561504497,0.0683564104814695,0.0600406261620397,0.0522371135866856
1,"I9","RFNRYTLDSSSSISLTSDGG",219,0.0535443136377896,0.058318669548824,0.0563972200245206,0.0546579634310698
5,"M26","SEGKRCDDSTEGECEGES",2332,0.0535160034247677,0.0455173253051235,0.0256972504536035,0.0730166325817705
3,"L5","EIDSMDSNIS",1162,0.0533391472178994,0.103905684017623,0.0321062017798298,0.0550610292411213
3,"C25","MESAES",912,0.0533136028005063,0.046327345200221,0.0334864210683149,0.0269659905473046
1,"D5","FNRYGLDSSSSISLTSDFGD",65,0.0532842918024635,0.0606900510734804,0.0702862585162121,0.0668170015949135
