"TS","spot","seq","unique_seq_idx","sfp_1","sfp_2","AcpS_1","AcpS_2"
3,"N6","AMCLESHMSIET",1223,0.0712197505046809,0.0971115362090514,0.0464280790193031,0.0647655837494849
5,"J2","HCMDWRISLDWCRE",2218,0.0711842642117276,0.0923208263592337,0.133136250844995,0.110737377934671
3,"G24","PIESMDTIEVAP",1031,0.0711628561204872,0.0359332328573226,0.0499408884908228,0.0452248155090791
3,"F17","NNASFSEDLGADSYDTVSLV",994,0.0711236839397481,0.0745244701138541,0.063145908794338,0.0532499437077914
4,"L4","MPGMESSSKHMQNCGIV",1710,0.0709476177200529,0.0632305268515157,0.134518771612578,0.106241443990237
5,"T12","DNKCDDSTDGDSDPET",2528,0.0709235270685513,0.0551996464407784,0.0308377659865594,0.0752824199214445
3,"I11","LESMDTMEMCVP",1078,0.0707166028893628,0.0838798193267663,0.0791314090085129,0.0755416994708375
3,"H28","AGQDSLET",1065,0.07057154563557,0.0354188273740617,0.0527878228016794,0.0516505355282593
3,"A15","NSASFVEDLGADALDTVELV",850,0.0703614662284131,0.0747502628566482,0.0623024422730777,0.0541501860189788
1,"J23","SFNRYGLDSSSSISLTSDFG",263,0.070288714815913,0.0830559409583952,0.0836828417560741,0.0826105619031514
