"TS","spot","seq","unique_seq_idx","sfp_1","sfp_2","AcpS_1","AcpS_2"
3,"B10","APAESLESVSLVM",867,0.122998325301142,0.121240143877741,0.0706606841859215,0.0666300317461595
5,"I5","CHDPQLSFEYCI",2191,0.122965629764053,0.124118601508116,0.0809327679191937,0.127509489466489
4,"T24","WYGEVIGLLSRDTGDL",1970,0.122439663723712,0.127302545525303,0.061576605701106,0.0911188092337696
3,"Q19","VEPMESSESM",1326,0.122437061080702,0.043339390171814,0.0505499527565035,0.0409940976151489
5,"S8","CCWGHCCSCSNTDQ",2494,0.122433671845742,0.0935772939573083,0.116086961492534,0.141008936732652
4,"K7","CWGVDSSLTVATTCE",1683,0.122425074055775,0.119838496458533,0.107675348411816,0.0810336458880699
5,"H13","PFIEPKASGEWCY",2169,0.122390959685869,0.0980006987485407,0.0949475415650179,0.106783149067295
4,"R13","TCLPGCCSCSQHIYNCC",1899,0.122317838528659,0.128629433855808,0.156810466770836,0.12606224342586
5,"E15","LHCMIEPMDSADVWMTSWT",2081,0.122235058862273,0.0812215411516745,0.137073643707846,0.0925460853174209
4,"P10","PDVEYKQSLDVLE",1836,0.122107653372857,0.123209502969652,0.129387610655671,0.0745692377078099
