"TS","spot","seq","unique_seq_idx","sfp_1","sfp_2","AcpS_1","AcpS_2"
5,"H15","WPMVSAAMMVSR",2171,0.280202828422683,0.248912882302218,0.232893923549411,0.287006633805941
3,"I26","DLPLDSLESAEMACC",1093,0.279545535444607,0.227729943549242,0.158626712432348,0.176759350659378
4,"C11","AQIYGCESLETCSA",1447,0.2789811057342,0.284630552746717,0.129779317244037,0.0816238444819799
5,"D25","ECVVSFAWCKTN",2061,0.278089454945163,0.26042856468191,0.324952900398908,0.289004674846946
4,"T27","EWVESADSKK",1973,0.277960709642623,0.219786688377109,0.16343571913876,0.246505399153217
1,"G1","NNASFVQDLGADSLDTVELV",151,0.277906867584236,0.30607970973585,0.173849123599273,0.20306254014522
3,"J18","MCMDSVEFALMCI",1115,0.277306773000627,0.26678213588916,0.100200781767634,0.112005288157169
5,"G27","WGRVSLEPCKT",2153,0.27725136921344,0.251477776571254,0.197271324595248,0.223189652056943
5,"J6","TAEYKVSLVFCRSNC",2222,0.277018079601187,0.230743087368809,0.246132164946999,0.323161497556586
3,"H25","CSSSFCEILGADSLDTVELV",1062,0.276965814102441,0.210966470862715,0.184293981278087,0.223804778887034
