"TS","spot","seq","unique_seq_idx","sfp_1","sfp_2","AcpS_1","AcpS_2"
4,"D3","QRWGADSVEVK",1469,0.0314036290933008,0.0297809283495779,0.022539619843443,0.0627773446308936
4,"K1","SSMQKYCLDSTETCSLSPD",1677,0.0311968198163974,0.034254592375049,0.155122105733874,0.0985811611298239
4,"N24","TGIDAESREAVCEQAC",1790,0.0309528171606668,0.0379527405198674,0.139933570395903,0.102124920049832
4,"K8","ECMNPMMSIDTVET",1684,0.0308516875710384,0.0246109195733978,0.124267431062956,0.0802175688199474
4,"P25","CQQRDISIMWSDT",1851,0.0302652827285368,0.0274598277279659,0.0962754595845456,0.0606768068561972
4,"S20","DKACSEAAMESAI",1936,0.0299660330807363,0.0325384896816654,0.102883699372711,0.0638276379692565
4,"C3","SSINKDGMESIVTQ",1439,0.0299630681783989,0.0351588851377765,0.0594277101471869,0.102784046054308
4,"G8","YFQCDPCDSEATNTTTG",1564,0.0296002932963588,0.0260176781166713,0.11084082621221,0.0606068769540271
1,"F14","PAESSTSMMCGVI",134,0.0289614536269458,0.0428948756753506,0.0917144305706387,0.099563977600037
3,"J6","NSASFVPDLGADSLDTQELN",1103,0.0282909515215508,0.0707114079135424,0.0697078851638255,0.0999521205742976
