"TS","spot","seq","unique_seq_idx","sfp_1","sfp_2","AcpS_1","AcpS_2","measure"
5,"C27","TCDFKISAIWCHDN",2033,0.114089104023754,0.0859804306714987,0.0794883396104422,0.0949733432162153,-10.9093904023761
3,"B27","DEIGIDSLDS",884,0.0849818970417698,0.0330544603441906,0.0423034985927556,0.0346760228589789,-10.9370093283905
4,"Q10","CIGGVESTSRKANG",1866,0.282421537308907,0.269154140650684,0.234091181910438,0.200469908828236,-10.9374838186229
5,"I23","FHFNIISHCCCASNRC",2209,0.31649514617836,0.289274333863593,0.287021381090444,0.343542441802248,-10.9447041886652
5,"T20","CTRPCCSSQSCNNC",2536,0.153828779821238,0.125843244203947,0.122955536760311,0.170361896033472,-10.9531475869471
3,"G29","VDSIDSMDVLAN",1036,0.103971278783992,0.0771939801849707,0.034763298070093,0.0271738502096972,-10.9618629989327
3,"I29","EDVPVESMDTIDMVA",1096,0.10298321501553,0.0634604800755258,0.0524079249007102,0.0534863167528655,-10.963634534791
5,"R7","PEVCADSTETCDAPE",2463,0.0882516458406088,0.0634264795202163,0.0146480306711143,0.065733144760556,-10.9701621511622
4,"Q4","CETCSKSAFQHCMM",1860,0.239999303688283,0.230020124927091,0.174913406853625,0.201101967559389,-10.974693043157
3,"J24","DEHPNESADQ",1121,0.0986169122320084,0.0504111062467636,0.0548391975136521,0.0486161696351203,-10.9751391717832
4,"L13","VGGCASTSHKMQGCC",1719,0.281738552974424,0.261922594880164,0.247040884511415,0.206728904033625,-10.984784571841
5,"K11","KCNLCSMAFCIWPCC",2257,0.17726096449968,0.154648194869336,0.143782475615846,0.173758091561978,-10.9872780374663
3,"N26","MMPIDSHTIMMT",1243,0.140125938644594,0.128965522903744,0.0778264741395696,0.0880917464073815,-10.9944409292101
5,"R16","CGGDCTTSQTGNNCNCC",2472,0.120428763637327,0.101886850952904,0.0788202246234404,0.118438169446096,-10.9973391328528
4,"S24","CVPPICACSHHVY",1940,0.117226572816842,0.101903322681244,0.0678028305712022,0.0830187259711413,-10.9989672548875
3,"B28","DIGLESVETME",885,0.0772645700291829,0.0233810060039599,0.0371769106443448,0.0319302505754902,-11.005903236408
3,"K15","VESSDSCATGC",1142,0.127691205516598,0.116701301951613,0.0626416510899291,0.0626514689608795,-11.0090714869484
3,"H29","PMDSMESMEV",1066,0.0884190267352055,0.0520140842244714,0.0364138904802335,0.0302941312027149,-11.0133395853109
4,"S15","IGPLESCSKKAWPHPIA",1931,0.381984454928978,0.368375810743267,0.338236695030498,0.351745720795743,-11.0170897604326
5,"N7","HCCCCSQSGNNC",2343,0.0986126423456923,0.0561217463850415,0.0521851904015817,0.100271617363913,-11.0175394235045
