"TS","spot","seq","unique_seq_idx","sfp_1","sfp_2","AcpS_1","AcpS_2","measure"
4,"L12","RWTILDRLLSIEFIE",1718,0.157668339742464,0.148875804581354,0.202480993176305,0.162026238522383,-25.1245466254512
4,"C15","NKECMDSYVVC",1451,0.0897626237542163,0.0681772369219761,0.144774720921264,0.100081866610801,-25.1311441213457
5,"T13","NFEDKCAESWETCDDPTS",2529,0.0638467586838184,0.0425032160183852,0.0556237714271258,0.0869672660723129,-25.1450725598317
4,"D27","TWLTKDPVESVESVI",1493,0.0905775609204501,0.0898715246921235,0.0375168729757098,0.112948430687781,-25.1492944919289
5,"H22","WQIASRCCCATQ",2178,0.207078343467864,0.213066586620107,0.18069569485929,0.240905446445955,-25.1521793165275
5,"D30","CCICSAVCC",2066,0.125676253450128,0.134787209101082,0.0976799873703742,0.15763777599731,-25.1582789317603
3,"J11","DEPQDSLDSFYLC",1108,0.146476517104559,0.142851800859152,0.119280353299762,0.124522424548609,-25.15904275696
5,"S5","CSHCCTCSNSDQQCQ",2491,0.104398915958051,0.111907072113973,0.0530052646955012,0.0906983444553847,-25.1974280260984
4,"R6","CASTSQHVWNCCVI",1892,0.0796065122524002,0.0592265008422616,0.119955946440529,0.0721357749163483,-25.2025751420995
5,"K28","CWPHDCTCSQSCQN",2274,0.103420424441176,0.103657686200458,0.0522707663327065,0.104714886045695,-25.2046714878567
5,"N29","CCWTRPCSSSQTDNQHN",2365,0.09708384655458,0.108376481793035,0.047050439932775,0.131867566144149,-25.2384957689341
4,"N15","DKRLSAEWR",1781,0.218349762953123,0.210480293910121,0.20637818260112,0.173724141898621,-25.2632889724508
4,"K12","TFAHHDKLESICTMHV",1688,0.0982984308063568,0.0789580261955666,0.161348880620484,0.100829431935608,-25.2685666550503
3,"C2","ADSADTIDLMM",889,0.0879399976128645,0.105379793615252,0.0393624069901891,0.0429778825547615,-25.2844016975167
3,"O10","TACPAESSDFAMHGCL",1257,0.118870824116583,0.117137813550588,0.0917621970322061,0.0962387169090164,-25.2977069336242
5,"P4","CCTCSNTDQN",2400,0.0798393664286933,0.0769570025089168,0.0320594244325365,0.0733981967692461,-25.3104770554051
3,"K16","TREPVDSSDF",1143,0.0959398817336327,0.0999848471690627,0.0483123637337189,0.0520934729475707,-25.3155381567777
5,"A10","ISIEYMATRLN",577,0.164299332894756,0.156384979791464,0.191639635326854,0.202367463510925,-25.3191487285896
3,"O13","DSHEFCV",1260,0.117832669660426,0.126523213442449,0.0908372340174929,0.0900141585490049,-25.3201699570919
5,"T17","IGIDSFDTNMMPCG",2533,0.0847706480127379,0.0662795187001298,0.0911516481880549,0.124696267793151,-25.3259080387612
