"TS","spot","seq","unique_seq_idx","sfp_1","sfp_2","AcpS_1","AcpS_2","measure"
3,"C6","GLDSVWSM",893,0.0133009210995977,0.0293914816236355,0.0382518065000986,0.0384070833470084,-38.6834295623
3,"C7","GAESIESAPTNCS",894,0.0666960460359948,0.0870156974872511,0.0756706034700206,0.0678398308831945,-38.6834295623
3,"C8","ESVDSADMVC",895,0.0696706465896161,0.0907604781367694,0.0810329987859669,0.0695600928562676,-38.6834295623
3,"C9","DMEAESIED",896,0.0226397278765297,0.0330000390015391,0.0553727259187042,0.0570149714233668,-38.6834295623
3,"C10","NSASFCEDLGADSLDTWELE",897,0.0404054831367864,0.0495523801812048,0.0944932909552725,0.108867384427933,-38.6834295623
3,"C12","NNASFTEDLHNDSLDTVEGG",899,0.0737812607550215,0.0866880043000096,0.0781187078451312,0.0762825531658642,-38.6834295623
3,"C14","DSVDYMECA",901,0.081331062019091,0.104657436462724,0.0799470691036949,0.0833511110618994,-38.6834295623
3,"C15","DHDMDSCDTVE",902,0.0514926973214257,0.0679926224964926,0.0490687872669627,0.0473718749293183,-38.6834295623
3,"C16","DSVETIEMVL",903,0.04372314073452,0.0639058029802024,0.0399232241484935,0.0357209795349888,-38.6834295623
3,"C17","MPVESAESV",904,0.0459628605848937,0.0669870656094802,0.0296848832757978,0.0223548499308205,-38.6834295623
3,"C19","IPADSVESAEAIAP",906,0.0501413080117973,0.0601657071295831,0.0369596211733252,0.0269977591936394,-38.6834295623
3,"C20","AESLETGDHLR",907,0.092661925945707,0.164245189904291,0.141410141866163,0.134590511903713,-38.6834295623
3,"C21","QDSLDT",908,0.0469407391789564,0.0617949248358396,0.0434809084586949,0.0398057048192064,-38.6834295623
3,"C22","IDSVESLEL",909,0.0572055616419106,0.0584485220077293,0.0488952781263643,0.0445771032583765,-38.6834295623
3,"C23","AESADS",910,0.0472630795783407,0.0563500233837734,0.0461275329672223,0.0421169590563931,-38.6834295623
3,"D4","DRTPMESIESG",921,0.0661469429137876,0.0664461776619763,0.0488894062374531,0.046160269206172,-38.6834295623
3,"D5","IGVDSMESVELLDT",922,0.0630660295097879,0.0620707454052193,0.0549947655931691,0.0469514005335419,-38.6834295623
3,"D8","DSMECVEA",925,0.0464696952333444,0.0710148518049281,0.0673198160458702,0.0650206362132194,-38.6834295623
3,"D9","LEASFVDDLGNDSRDTVELC",926,0.0384642296370054,0.075775359967048,0.111822669825553,0.112256182064194,-38.6834295623
3,"D10","EADSIET",927,0.0432724060266599,0.0516131334047043,0.0528464233655742,0.0460413242583335,-38.6834295623
