"TS","spot","seq","unique_seq_idx","sfp_1","sfp_2","AcpS_1","AcpS_2","measure"
3,"J9","GSLEFDAKKW",1106,0.285350616334102,0.28420480590057,0.271597935561457,0.261845789940788,-37.2333615596096
5,"F6","QTSLQCRDSLDWLVW",2102,0.283647133538701,0.357163678086873,0.281462010538148,0.288349050667673,-37.2343292377021
5,"F1","PKRWQIVSHIYCRFNH",2097,0.274103457109731,0.277617900061592,0.54363000548046,0.466735450686985,-37.2399309264842
1,"B18","DSLEFIASKAA",18,0.24143154614048,0.462555840494575,0.24850924684724,0.284728663814134,-37.2619010737563
4,"C17","DPIISAATAR",1453,0.223351699973724,0.225274808967164,0.224848306122188,0.207497570584157,-37.2765155168634
4,"T6","MGGCATTSNRMFPCC",1952,0.216467725144629,0.215044838702856,0.215451520540466,0.211736716363508,-37.2826941989837
4,"K22","NPAVTTSNSVNGKGA",1698,0.208203808443472,0.205147894019358,0.203995283469645,0.172104237720763,-37.2906539248237
5,"M2","CFSGCCTCSNSCNQK",2308,0.198234449472093,0.207477016140736,0.236977583630526,0.270794641131539,-37.301184308018
5,"I2","YQKKKCQMMSVACCLTG",2188,0.195821140436301,0.232100604947679,0.268519417198232,0.353611639593255,-37.3039092716153
5,"H3","TLEGHMSLVFCKS",2159,0.194565754310512,0.206474577385928,0.206259619082508,0.247500027497419,-37.3053566929003
4,"D22","DRFPKESVPFMLIHIC",1488,0.19439073942991,0.211531889249789,0.181029078404417,0.167393896436265,-37.305560153897
3,"I10","NENSFDDDLGADSLDIVERV",1077,0.192932217908279,0.190524193088368,0.198988553370923,0.248371026564228,-37.3072720322971
3,"R5","GACSTIFRVHTL",1342,0.177299054834065,0.213695766735326,0.184774071056851,0.208090479333254,-37.3277369984722
1,"G27","NSASFYEDIGDDSLDTVELV",177,0.176812535221405,0.243052850857151,0.211371961433412,0.266842269977745,-37.3284462502803
5,"K1","EHFMKGLASVLNLLS",2247,0.176139129476609,0.183785520568658,0.291895365788455,0.329210101280494,-37.3294363206972
5,"F3","CCACSIMYCISQ",2099,0.171019084914946,0.208044037260938,0.154695620424284,0.161304231874237,-37.3373028783601
4,"E10","STWNKDCVDSYIICTSS",1506,0.164230725412087,0.168731737549077,0.182985411280193,0.155542807452652,-37.348788985578
4,"E22","FIDVLKYHSMEMIEEEL",1518,0.162709348891888,0.163402396145675,0.170170405826873,0.115278196725709,-37.3515547627204
4,"J14","ETRFKMVSMDWLETLLC",1660,0.160391852060884,0.157852028055734,0.174282632742556,0.138768017629878,-37.3559205746528
5,"H4","CDHSVYKRMSIVQCCTNC",2160,0.160002342991124,0.165606577698535,0.164393820532337,0.221368880092254,-37.3566734307296
