"TS","spot","seq","unique_seq_idx","sfp_1","sfp_2","AcpS_1","AcpS_2"
1,"I5","TPFNRYGLDSSSSITLASDF",215,0.13014207446816,0.159591045646778,0.0841760440577394,0.0845602462052555
5,"K22","CCTPPCCTSNSCNQCCCC",2268,0.129781632204423,0.121079976958633,0.0824185246835965,0.139803021344997
4,"T17","AWHVSVALIRE",1963,0.129735671911305,0.123762739640372,0.164517658519961,0.150215444811069
4,"K20","CHRISIDFV",1696,0.129601253220185,0.137392728353041,0.168580744305036,0.123405934086014
4,"G27","NHFLSVDWSKTQV",1583,0.129579588884293,0.161611054663239,0.0523953507285058,0.144961288507633
4,"Q8","VDISSKSANPHGLI",1864,0.129569020915566,0.119591836735074,0.176993284818086,0.135234405880989
5,"R4","CYSKDCSSSNSSNQ",2460,0.129535526064089,0.139547427034158,0.0573487905162992,0.109150926834439
5,"M12","CCCTGGCSCSQSCNNC",2318,0.129518619767497,0.112988642030916,0.0683247915515782,0.117036301021461
1,"H1","NNASFCEDLPADSLDTVELV",181,0.129321577007033,0.138280037769318,0.196092308348427,0.294552310039025
1,"J5","NSMSFVEDLGACSLDTVENV",245,0.129143239074855,0.160495094181979,0.0897979862740969,0.0979427412443622
