"TS","spot","seq","unique_seq_idx","sfp_1","sfp_2","AcpS_1","AcpS_2"
1,"I12","IESSETVSMPAL",222,0.0012762242566879,0.00162858883772834,0.00764846430622007,0.00893628415642372
1,"C30","PVDSSTTMLQPAE",60,0.00125109883474121,0.00477143780973406,0.0278224517436357,0.0226850128279802
4,"D1","WFSKYPVESKVSNCE",1467,0.00103064115014957,0.028336681489808,0.0492687154736491,0.0621592229781451
1,"E2","EVESTSSNMAPAQ",92,0.000957646521678511,0.000806120524980245,0.0307383740156363,0.0325233818080294
1,"I24","AGLESSESMALPS",234,0.000806999117286861,0.00255602158714775,0.0274895663367559,0.0341599322760634
1,"D28","VGEDSTETMIVPSE",88,0.000773295308600213,0.00181650903886569,0.0173401659423811,0.0144422683192875
5,"C1","EGMESWDNCWD",2007,0.000616863816696064,0,0.0400224618575329,0
1,"J16","ADSTETIDGPAD",256,5.02087929779833e-05,0,0.012020162593451,0.0171558841677427
1,"C24","ADSTETMMMTSE",54,0,0.00264826226020039,0.0316157653716621,0.0367339062584264
3,"P4","TDEPMVSTTW",1281,0,0,0.0223293736267736,0.0248573125602983
