"TS","spot","seq","unique_seq_idx","sfp_1","sfp_2","AcpS_1","AcpS_2"
4,"R2","CVPGLLVSSNSMQ",1888,0.0860537951292995,0.0703494037733892,0.0773608089236853,0.0857636946904517
4,"T22","SCIQPVITSSQTVNG",1968,0.0857397503252806,0.0787567485988378,0.0765703403627046,0.0978748202158761
3,"S22","DSSEFHAHGI",1389,0.0857160647828095,0.0722174372549656,0.0637769519691423,0.0694094985649507
4,"E23","TADPADSVESMISNSS",1519,0.0857057566925404,0.0812464446951049,0.140258269800001,0.116199926628544
4,"L1","VDGIISVDTAKM",1707,0.0856071516732191,0.0822535608900253,0.195819610413241,0.157750098357724
5,"C5","NTHVHGVMSVANADSQLG",2011,0.0855976452875821,0.0751697130517617,0.0663028108458127,0.126475900761886
3,"N23","TECWVDSSICCLSCHG",1240,0.0855554649528837,0.047518376431212,0.0855121998889262,0.0822969339794157
5,"K26","HTSEMFLDSVETHSA",2272,0.0855501233295305,0.0872423024962128,0.0558163537599043,0.121175283976918
4,"G15","YFNDMHKESREPHDTLVH",1571,0.0855500846420906,0.0799487430725481,0.134774946545472,0.0912426780744667
5,"M28","TGPCCTSNSDQN",2334,0.0854748082263154,0.0791942013816114,0.0485692302715005,0.108922205444432
