"TS","spot","seq","unique_seq_idx","sfp_1","sfp_2","AcpS_1","AcpS_2"
3,"O22","LGFLESTDWCCHRS",1269,0.168059329433688,0.126692448768482,0.153825681528836,0.154688015445177
5,"E27","DRRHWQVCSMVPCASGC",2093,0.167960341285254,0.131703539265866,0.137708895396681,0.17274061563079
5,"G23","WCVLSMVFCLCP",2149,0.167500040719447,0.160147221909087,0.168385580139378,0.184557363687437
4,"B22","TYFTCDPIDSRDYL",1428,0.166747105543448,0.179799995506042,0.145064333064989,0.150263491055043
5,"C18","CCNNCNSFCWCHT",2024,0.166285523477583,0.137262556240437,0.240248710218929,0.176234430568445
5,"R22","DQWERFGIESWESLDL",2478,0.166133222802324,0.148655209438252,0.151037991286239,0.135405919758674
5,"B7","HTCMFCVASICWLE",1983,0.165596368682275,0.160512505362222,0.126800177768307,0.120387072241934
5,"J24","RCCVLSVAWCVTGC",2240,0.165288339990541,0.132912123604443,0.191992617798869,0.196312688937624
4,"N25","HMMGMMSMVFLVS",1791,0.16476431976642,0.159311450838499,0.183291011834996,0.153814242965268
4,"E21","MAIMPHYSKAWVELN",1517,0.164706460137637,0.172221704654269,0.117709091048867,0.0555426072310987
