"TS","spot","seq","unique_seq_idx","sfp_1","sfp_2","AcpS_1","AcpS_2"
3,"M30","PADSISTHAITA",1217,0.177000201446846,0.134403506388524,0.0558226575576951,0.0709651225961813
4,"T25","CINAMELSSKTLN",1971,0.176874184486733,0.157954531074965,0.0992891328270888,0.154933194753034
1,"G27","NSASFYEDIGDDSLDTVELV",177,0.176812535221405,0.243052850857151,0.211371961433412,0.266842269977745
5,"C10","ENHYRWNICSLVGC",2016,0.176676098801405,0.15963089183094,0.168292220155394,0.184817682111836
5,"O9","RGCSSSNSCQQCCCC",2375,0.176575496256269,0.140247802730151,0.100525447893185,0.153363434317665
3,"R26","STSTYQNRVGFDSSESISLT",1363,0.176483629771669,0.112350701556378,0.0864801741201479,0.0819782760499507
5,"F11","DNEWCCQVRSKMWCCSFE",2107,0.176469191076167,0.153642857758341,0.224292277562784,0.201513915051116
3,"Q11","MESKDSVMRP",1318,0.17632325401558,0.160423534860403,0.109987046356774,0.107045305988549
5,"K1","EHFMKGLASVLNLLS",2247,0.176139129476609,0.183785520568658,0.291895365788455,0.329210101280494
3,"A11","GDALAWLLRLLN",846,0.176085762260634,0.175807386607533,0.152982860654939,0.154745845957705
