"TS","spot","seq","unique_seq_idx","sfp_1","sfp_2","AcpS_1","AcpS_2","measure"
1,"B5","GDSLSWLLRLLN",5,0.308215517740193,0.461666999379086,0.125919627098507,0.127150633851775,-22.1516840643442
3,"A8","GDSLSWLLRLLN",5,0.308215517740193,0.461666999379086,0.125919627098507,0.127150633851775,-22.1516840643442
4,"A9","GDSLSWLLRLLN",5,0.308215517740193,0.461666999379086,0.125919627098507,0.127150633851775,-22.1516840643442
5,"D16","NPCLDYFLSMCFCKYNC",2052,0.614928895371334,0.538460476810023,0.685217791717719,0.601095354336029,-22.1554419727449
4,"A15","GDSLSWLVRLLN",1403,0.378766097474892,0.437697766662905,0.202747333931664,0.193788522343131,-22.1602936773966
5,"E7","CQNCVDGVDSIDWIHSN",2073,0.246403887001819,0.372285187283511,0.0599995280917954,0.0872942925214019,-22.164070853734
4,"B7","SHVPVASLDWVDTIVC",1413,0.293386949726969,0.335001363645028,0.111879617746196,0.106209462062951,-22.1641964547019
4,"I30","EDQFIDSLDQMSTKY",1646,0.274388706857258,0.279690833504508,0.0934173461850171,0.220605123862462,-22.1783117407985
1,"D29","NSASFVEDLGADSLDTVSLV",89,0.322272265359356,0.442563792238301,0.146010946456591,0.158746170281148,-22.1822094715849
4,"C2","TYATRDCMESLDSVASSC",1438,0.2676229171451,0.321597761253889,0.0870421427039869,0.10015431496749,-22.1848681722671
5,"B5","EDGFCWNIISIVFCVYG",1981,0.23049347784378,0.14609288142209,0.331324950394907,0.2127923707732,-22.1937500984817
1,"C29","NSASFVEKLGADSLDTVELV",59,0.355390157616388,0.452943738078038,0.183776949012318,0.20625372791305,-22.1975397969929
3,"M6","DSLEKIACCLA",1193,0.283713777326763,0.399875597735801,0.10764030232098,0.163916619729535,-22.2032802650103
4,"Q20","TCVPGACITSRKLN",1876,0.783292147121507,0.806195887772114,0.629484322342893,0.766794238529245,-22.2198495325554
3,"A12","NSASFVEDLGADSLDTVELV",847,0.335323181920794,0.34450790119618,0.166405880721722,0.179451424246948,-22.2236735044242
4,"A19","NSASFVEDLGADSLDTVELV",847,0.335323181920794,0.34450790119618,0.166405880721722,0.179451424246948,-22.2236735044242
5,"G29","CNKCLSVEYKRSNC",2155,0.342945637620371,0.266073083163984,0.343927234673869,0.354600689620988,-22.2268797235863
5,"F28","DPFMYCLCSVCYCACQCS",2124,0.264075431124062,0.184363138803667,0.438098341291311,0.296001989527554,-22.2295998161111
5,"D12","HDYLVSLCYIKT",2048,0.398607847875494,0.32353435316657,0.506130355154709,0.383802063149216,-22.2306128374705
5,"G16","FCWNACSFCFCR",2142,0.455191436894271,0.381891396378059,0.541416512749184,0.500257018734099,-22.2381022352818
