"TS","spot","seq","unique_seq_idx","sfp_1","sfp_2","AcpS_1","AcpS_2"
3,"L16","SIDDMESLDTMMTSS",1173,0.0879024550600293,0.0801033859427174,0.0460937067457111,0.0403452945954733
4,"C25","MELKRESKDAKETA",1461,0.0878154168052367,0.0883790411174211,0.0518771972401907,0.106731589031812
3,"L28","CCGVESEDVQVTSMT",1185,0.0877911107334977,0.0560713870803404,0.0440375102811311,0.0392682113645593
3,"N11","CPVDSSDVVASSM",1228,0.0876669127168745,0.0832535855091631,0.0742769690600178,0.0604120691297807
4,"S23","CIPGCVSSSQTIN",1939,0.0876487070985603,0.08808359123846,0.0793178056124956,0.0927198372282444
5,"Q8","WWDDNPLESTDTVEI",2434,0.0875952667957631,0.0545012331734535,0.036782179578586,0.0936644660636852
1,"J11","STSTYFSRYGLDSSASISLT",251,0.0875353090511046,0.0964603597988415,0.0655452001138633,0.0614956636203477
3,"Q2","MDSSDSMVSPL",1309,0.0875316739712025,0.0796826278902993,0.0477679494086703,0.0449945439529471
3,"M11","DEGAVSIVTIMH",1198,0.0874451407295073,0.0820544711795534,0.0741701805513552,0.0660825679813697
5,"H24","YQIMSAVPEVS",2180,0.0874425341027041,0.0797851641315625,0.0524352044493646,0.11445577179399
