"TS","spot","seq","unique_seq_idx","sfp_1","sfp_2","AcpS_1","AcpS_2","measure"
5,"D23","PYCFNCCSRCPCHSWHC",2059,0.243251510714171,0.195077093594468,0.253684569258489,0.246248116426787,-22.783712988245
1,"G1","NNASFVQDLGADSLDTVELV",151,0.277906867584236,0.30607970973585,0.173849123599273,0.20306254014522,-22.812512423144
5,"B28","CYNACSWCPC",2004,0.154685240710074,0.103483392343532,0.18342008903497,0.153967406202018,-22.8242983866743
1,"F19","NSASFVEDLGADSLDTVEFV",139,0.301562378757941,0.31795090183388,0.200020539176818,0.246630455708321,-22.8289714343696
5,"E16","MEWAESLDWAK",2082,0.193700509059733,0.225438340767187,0.0866043504584929,0.0950994456663139,-22.84668352191
5,"J25","KRMECMCSAIYW",2241,0.227809927273201,0.182297033519609,0.26514515190944,0.226288361220954,-22.8581683351908
4,"B26","EPAASIEWIEV",1432,0.138314396658667,0.159765476004955,0.0241732637203103,0.0631683897097072,-22.8758337514285
3,"O5","SVSTYFNRYGLDSSKSISLT",1252,0.302549383305907,0.308367056736483,0.206720514698961,0.283644279522384,-22.8989356439714
3,"B2","QPCIDRKMSLCFSKS",451,0.601293088332916,0.766980845712398,0.512829981849285,0.607129355947023,-22.9046220803727
5,"H29","CCVLSHAWYI",2185,0.196044119223716,0.151455685721074,0.241241371559844,0.181253216662379,-22.911690539287
3,"B4","NRASFSEDLGADSLGTVELV",861,0.217493827082882,0.258153367429855,0.119379554203862,0.119064404084283,-22.9278104609217
5,"F12","HCVECMDSIEFTC",2108,0.158911181231887,0.168448898998801,0.0558831506635054,0.0997855201304678,-22.9456445050581
1,"I3","NNASFVEDLGADSLDTVEQF",213,0.306912054163189,0.394737069392336,0.215155171212408,0.288188857933817,-22.9501594394524
5,"G12","GNHCLEYYMSICWCHDQCS",2138,0.230058810334135,0.188373769368,0.317293051832792,0.265967151368793,-22.9532898362875
1,"D21","SASFTEKLGADSLDTVELWM",81,0.236216875199097,0.380851607638364,0.141516489205075,0.235320484136234,-22.9552824459453
5,"G25","GPWAWCLCSVCWCMTDCC",2151,0.188372577532484,0.145937275924326,0.21867695913056,0.184257477548179,-22.9755034414946
5,"E6","CQGRCFCMISYMYCVSPH",2072,0.257193617972088,0.217385529823782,0.382418135480954,0.276670832466153,-22.9843770521399
5,"F21","EDRCCCICSWAWCITE",2117,0.153960631653941,0.109681557239655,0.191286628529673,0.137301341859771,-22.9848473615679
5,"I20","GYVWGWISLLYHHDNC",2206,0.224996742561295,0.184326063997448,0.278865226179035,0.281427157479648,-22.9849018327806
4,"K4","TTIDDDPMDSIDYKIT",1680,0.202963593083535,0.161532407845414,0.186167996490779,0.120027464025681,-22.9852758470725
