"TS","spot","seq","unique_seq_idx","sfp_1","sfp_2","AcpS_1","AcpS_2"
4,"N4","CMGPMDSSSKSAQNCPA",1770,0.0891286336969722,0.0789773966155123,0.103866806476181,0.0890853161415034
5,"P3","PKRPKCSIDSTESCCLPCI",2399,0.0890914308423468,0.105823180948746,0.0623556392665573,0.0955269769680189
3,"P28","NEASDVDFYGADSTDTQELA",1305,0.0885755524953717,0.0377654504246829,0.0504661932932686,0.0467687989901773
3,"H29","PMDSMESMEV",1066,0.0884190267352055,0.0520140842244714,0.0364138904802335,0.0302941312027149
3,"K8","DDPMESKELCVVT",1135,0.0883276046097987,0.125600356606468,0.0611109812875775,0.0758368206510597
4,"O14","CPAISIAMSESH",1810,0.0882861023901721,0.0886564896136356,0.17182976771729,0.121795883667098
5,"R7","PEVCADSTETCDAPE",2463,0.0882516458406088,0.0634264795202163,0.0146480306711143,0.065733144760556
3,"H13","EEGCIESVCYVD",1050,0.088098112260237,0.0910376337524675,0.0956238884070959,0.100291656503634
3,"C2","ADSADTIDLMM",889,0.0879399976128645,0.105379793615252,0.0393624069901891,0.0429778825547615
3,"P9","GDALSWLLDLLFGSGRGSGE",1286,0.0879296087349774,0.0961537254330986,0.0767719745931574,0.083549136760271
