"TS","spot","seq","unique_seq_idx","sfp_1","sfp_2","AcpS_1","AcpS_2","measure"
4,"D10","AEDLGMESLETREMMVR",1476,0.200195519163646,0.19282489890513,0.155795212150429,0.10483854256824,-12.1690914354511
4,"C12","HGKIRHHASMGFHHT",1448,0.271003903895714,0.244438679066481,0.249837566756161,0.228154692528111,-12.1983744474144
3,"H24","ESIESQEL",1061,0.085125589482193,0.0421537719468047,0.0588625655074049,0.0521707130254621,-12.2062976905983
3,"F27","EAESMDSL",1004,0.074281943558135,0.0568742111155127,0.0316110551171572,0.0218097381366285,-12.2166088487874
4,"F2","TFLQCDPMESSDTMIT",1528,0.0793208541866021,0.0649702527186977,0.0294659398714518,0.0947403957337105,-12.2257899567806
5,"Q23","CCCSPPCCSSQSCQQC",2449,0.108509795739006,0.094557662937405,0.0732894118150733,0.115357944261517,-12.2358547942642
5,"G10","CWQACSKCYCRTND",2136,0.263723826236854,0.242878625486687,0.241492018061922,0.269124226483314,-12.2362602648094
5,"C8","DQGFKCCLASFVNC",2014,0.189355331624991,0.181203598457027,0.151331790631357,0.176385359259852,-12.2390242735082
3,"N15","CPGAVSHVWIESG",1232,0.0828168956307883,0.0584611685373999,0.0493378588112271,0.0397125633748824,-12.2529000075861
4,"Q16","PCCTTSQRMWGCCV",1872,0.25271430204012,0.243064078333163,0.221265934770307,0.203319723498772,-12.2546491002684
5,"O5","ERGCLDSTCSILAT",2371,0.106426461899212,0.0809935673228771,0.0738234464915693,0.104376803491444,-12.2577857086306
3,"Q16","CFMDSTEVC",1323,0.12154054165974,0.0831399852042527,0.101124739017999,0.10421482867701,-12.2624627553083
5,"I15","REGADSMMFL",2201,0.117883372359338,0.104277692894695,0.0898529276187682,0.150458135572133,-12.2724950174672
3,"L11","CACSHIWNDRPL",1168,0.109550187690779,0.0983731792535007,0.0748085007270269,0.0645740004053594,-12.2869007042071
3,"E29","EVPAESVESIEAAV",976,0.101863762497319,0.0893743845018767,0.0473749026179226,0.0380906580852848,-12.2919901020223
5,"R9","NQDDGMDSTELI",2465,0.0766522847110747,0.0482339002145875,0.0464736416158818,0.109506664874454,-12.3028811478639
3,"S29","ESTDLIIHGV",1396,0.101499948067781,0.0901919425936901,0.0417078346579403,0.0403221668845954,-12.3095016632986
5,"R11","DFWDDPPEESSETMC",2467,0.0594482702524986,0.0323661246823362,0.028746531535509,0.0844171339918525,-12.3186951354812
5,"M9","SCEDFEIESTDTCEM",2315,0.066422592816147,0.0475427328377289,0.0284890739871792,0.0774173338302391,-12.3209973168242
3,"E14","DAGAESLESAEAVLL",961,0.10550321049502,0.0925731312071729,0.054533637430486,0.049560502873383,-12.3410151204378
