"TS","spot","seq","unique_seq_idx","sfp_1","sfp_2","AcpS_1","AcpS_2"
5,"C26","YQHWHCNICSLLFCASECC",2032,0.245712975334122,0.220328719957581,0.160513664783169,0.162876912838324
5,"D19","QKHHWCMLSACYCATG",2055,0.245081739725264,0.21986990413501,0.3175672937451,0.280642916800523
4,"Q28","DTDSLCSRAFSDR",1884,0.243973212195448,0.238045013190304,0.0845131857389279,0.167112929825833
5,"B27","CCIISICECMTKC",2003,0.243476102368042,0.198764829164894,0.141307560334315,0.193289058441229
5,"D23","PYCFNCCSRCPCHSWHC",2059,0.243251510714171,0.195077093594468,0.253684569258489,0.246248116426787
5,"S17","DCSCSQTCNCRCCC",2503,0.243224898417662,0.20819058539562,0.212541787593144,0.274810692767836
1,"B18","DSLEFIASKAA",18,0.24143154614048,0.462555840494575,0.24850924684724,0.284728663814134
4,"E14","ANCMEWPSLATMKM",1510,0.241071453471156,0.243403104374889,0.220125997096014,0.195013322573727
4,"D15","FIEMVYILSVLRVES",1481,0.240913432983212,0.219997112307466,0.209540758590251,0.17581433689408
4,"P7","PGCITTSHSAQNRCLA",1833,0.240360552085951,0.224373574691796,0.21345687616958,0.179229899143781
