"TS","spot","seq","unique_seq_idx","sfp_1","sfp_2","AcpS_1","AcpS_2"
3,"B23","PADSIESVDVMLP",880,0.0600904511794242,0.0595488186362086,0.0500865616240385,0.045718644118281
4,"P9","DMQRDISVAWTHTHA",1835,0.0600788141494416,0.0496107913536148,0.0979940525636882,0.0329185967590438
4,"E17","YVQHEDMDSMESA",1513,0.0600516309854369,0.0590747124838601,0.123126317491288,0.0665948571119847
3,"G7","NSASFSEDLGTCSSDTLETV",1014,0.0599930198011219,0.0739408849577311,0.0627770595105393,0.0565594219878065
5,"T26","DGMESSDTVALEC",2542,0.0599778952746867,0.054156177831204,0.0620005161800052,0.101549583131983
4,"T18","EQPHDSALTRD",1964,0.0599733399504474,0.0545001183755143,0.148338676202972,0.140170307776507
3,"E1","VESLDTMEM",948,0.059804145927064,0.070175229038507,0.0207269839520529,0.0366619552500069
4,"H10","KDGMESTLINTTTS",1596,0.0597216461619207,0.0534292108728028,0.16767308429441,0.132131327599726
4,"C4","SHPPLESIDTHVA",1440,0.0596410947558422,0.0539961379155139,0.037060700658691,0.0858606918659443
5,"R17","HYQEDLGVDSTDTCEAPDL",2473,0.0595761187202507,0.0595025883030077,0.0263372455496502,0.0808228427703285
