"TS","spot","seq","unique_seq_idx","sfp_1","sfp_2","AcpS_1","AcpS_2","measure"
3,"P9","GDALSWLLDLLFGSGRGSGE",1286,0.0879296087349774,0.0961537254330986,0.0767719745931574,0.083549136760271,-38.6834295623
3,"P13","IEGLESSDY",1290,0.0658432617539025,0.0689278831264492,0.0654503071929714,0.0589373494784598,-38.6834295623
3,"P14","MCSHEVCI",1291,0.102928561369704,0.0993197028196707,0.0862507267330451,0.0845982519929901,-38.6834295623
3,"Q3","ESSEYLVSG",1310,0.0613205961730051,0.067576233686571,0.0548737632677719,0.05207688985053,-38.6834295623
3,"Q4","GMDSSDTMAT",1311,0.00941637706515597,0.0162329981003065,0.0523083986022628,0.0548128963430584,-38.6834295623
3,"Q5","CGMDSTTSRMTQG",1312,0.0227927906774002,0.0355767997638816,0.0678270762526694,0.0747380924733403,-38.6834295623
3,"Q6","GADSTDSCASGIV",1313,0.0410744250209739,0.0644908688240603,0.0668045540962473,0.0816937898672139,-38.6834295623
3,"Q7","KCGIESTAYYMWGVT",1314,0.0790368718560307,0.0980729637468486,0.0705750611005132,0.0767805914615707,-38.6834295623
3,"Q10","LDSTEWCASG",1317,0.0325768729087143,0.0424649833804065,0.0472698889875204,0.046450873921116,-38.6834295623
3,"Q13","FCPACSSDFQM",1320,0.105056244301687,0.101409681420758,0.0934995809892762,0.0891130129447619,-38.6834295623
3,"Q22","KPVDSSEQQRAPWA",1329,0.0610961760402942,0.0582587026948234,0.0609065301026409,0.0564743249646574,-38.6834295623
3,"R3","EPLDSRESMVRPLM",1340,0.0818229855722214,0.100000867724883,0.0736045120591393,0.0730575924379813,-38.6834295623
3,"R4","NAGFIESSSACICRCD",1341,0.0511714976615741,0.098950623196559,0.0986840003876691,0.118370572757946,-38.6834295623
3,"R7","TEECACSLSY",1344,0.0585107102597668,0.0757981771223078,0.0684159216968347,0.0827472511325592,-38.6834295623
3,"R8","TVCGLESTDSLMTG",1345,0.0686959050292684,0.0776853257772775,0.0754770382050806,0.086915130507693,-38.6834295623
3,"R9","VDPLESTESCA",1346,0.0897900938017731,0.0944025087669105,0.0811858305948326,0.0948887198724372,-38.6834295623
3,"R13","CPTDSSETQLAPEC",1350,0.0845018901426865,0.0894687601398022,0.0810761874903014,0.0749444864149257,-38.6834295623
3,"R20","CCVESSES",1357,0.078506713158206,0.0837175747887276,0.0613818572914066,0.0618537418898767,-38.6834295623
3,"S2","DGIDSSDSCLTPCM",1369,0.0995482649494158,0.145816404713772,0.0873536212933554,0.0848144287688008,-38.6834295623
3,"S3","ESTETV",1370,0.0223120097050625,0.0721443009902872,0.0461836043295962,0.0462089277283211,-38.6834295623
