"TS","spot","seq","unique_seq_idx","sfp_1","sfp_2","AcpS_1","AcpS_2"
3,"M7","DSSDAALRSV",1194,0.125913587028714,0.18973173386734,0.0429629694010294,0.0610140031701533
5,"Q26","WQKRCHADSVESA",2452,0.125868530172523,0.122114418396335,0.0552777459523533,0.105541151351937
3,"M14","CVDSSESCMSPC",1201,0.125681711348343,0.125727720025243,0.0960643836100029,0.0924675877044991
5,"D30","CCICSAVCC",2066,0.125676253450128,0.134787209101082,0.0976799873703742,0.15763777599731
3,"L19","DGMDSSLFM",1176,0.125639585467028,0.089838131045747,0.0591164618425436,0.0537832274759339
5,"Q29","YTRCCTCSQSEQ",2455,0.125579971082997,0.122795501908961,0.0740478704655764,0.149682036985957
3,"D22","NWAHFVDDLGADSLDTVIEV",939,0.12520695999925,0.120450815947169,0.143532408173984,0.177217081632884
3,"I14","GIDSLESI",1081,0.12494114731778,0.112042014573996,0.0555505095577795,0.0541637865446093
4,"G25","QTVAPFVMSVEWL",1581,0.124870795574006,0.116469558067438,0.0729191031500591,0.078528541623406
4,"H27","QCCGAESIDMIAIT",1613,0.124340048700135,0.117475829537278,0.0396322175222778,0.0950627334610912
