"TS","spot","seq","unique_seq_idx","sfp_1","sfp_2","AcpS_1","AcpS_2"
4,"D6","MGADSAVTMRSK",1472,0.553605448938613,0.517806395803246,0.415960704514258,0.476754663408426
4,"Q2","CCSSSNKIYQCCV",1858,0.544811020207336,0.518692366770265,0.30936748514451,0.508410707570107
3,"B1","ISAGYMVSKIQ",688,0.544186289840664,0.491863398381117,0.321035631274827,0.380625128371317
4,"P14","GACSTSKKANGC",1840,0.536843857939141,0.529609739350811,0.449836012981533,0.508377820955276
5,"G24","EPCMEYHMSYAYCK",2150,0.530442889486732,0.420256605115955,0.641174817907895,0.582268292818803
4,"S7","PGCITTSRKANQCC",1923,0.527366386162443,0.499829218799548,0.45855155569551,0.492265580279041
4,"A18","GDSLSYMLSLIY",1406,0.517782442100815,0.530735291827685,0.154229523762165,0.165923999233867
3,"A27","DDDHKAALDFAK",859,0.515151304204698,0.362356714248514,0.31329905520941,0.351106061891683
3,"A28","DDDHKAALDFAK",859,0.515151304204698,0.362356714248514,0.31329905520941,0.351106061891683
4,"A22","DDDHKAALDFAK",859,0.515151304204698,0.362356714248514,0.31329905520941,0.351106061891683
