"TS","spot","seq","unique_seq_idx","sfp_1","sfp_2","AcpS_1","AcpS_2"
5,"K4","SIGGMDSRLLCE",2250,0.049745726477703,0.0636709679410349,0.045784096158351,0.110785373429951
3,"E6","DMGIESLETMDV",953,0.0495258790339029,0.0469874891943114,0.0415039603084382,0.0367232939614656
4,"F15","DPAESHAMCS",1541,0.0493571695433607,0.0509456900081575,0.12082984681685,0.0825237885306771
4,"K14","TGDDAPMDSAESAET",1690,0.0493404075707401,0.0493936678795168,0.11823429992143,0.0691312342245071
4,"B13","YLTKCPMDSTDTCTSSPD",1419,0.0493312486645096,0.0443213559281454,0.120272016275184,0.0658282444466909
4,"J29","QRECMESTVTCSSNC",1675,0.0493124611645496,0.050668940594768,0.0288022785660668,0.11232091984537
4,"O8","LDDEKVCSDVAMESN",1804,0.0493025096606646,0.0423689923683266,0.1179401359169,0.0603200665510706
3,"B3","PLESLDTLD",860,0.0491003628178551,0.0773402769878969,0.0480711725687937,0.0430856641638933
5,"P30","THAEIESTCSL",2426,0.0489956859737157,0.0612072444176362,0.0125511284565756,0.0964348917537311
4,"F27","HDPADSTLSNTSS",1553,0.0486850467322916,0.0463964959091238,0.0373245378906072,0.120596096824586
