"TS","spot","seq","unique_seq_idx","sfp_1","sfp_2","AcpS_1","AcpS_2","measure"
3,"F19","VGLESVESMDLING",996,0.0593211445867074,0.0534612744336076,0.0567901880693517,0.0503241604572487,-27.4277027315282
5,"T26","DGMESSDTVALEC",2542,0.0599778952746867,0.054156177831204,0.0620005161800052,0.101549583131983,-27.4496311298293
4,"Q18","VDMGPIDSGDYA",1874,0.0345884038912082,0.0287895706466735,0.167482626851889,0.124882139650217,-27.4630183804121
4,"B10","SWAEAEGKESMDSMTTIV",1416,0.0426495330146719,0.0369210399122641,0.120839785046275,0.0694067482586515,-27.5053265144196
4,"T3","ECVDFIDSADTAFA",1949,0.0680581002262044,0.0623521875386702,0.11726023964131,0.109301537387579,-27.519296697146
4,"F12","TWFNHDPADSYVLNTSTSC",1538,0.107747809399521,0.102126213588649,0.15196578855335,0.124432069821809,-27.5732585399988
3,"D1","NDSADSL",918,0.0502841652679199,0.071104566917524,0.029593447464087,0.0446208021903521,-27.5854561116421
4,"G15","YFNDMHKESREPHDTLVH",1571,0.0855500846420906,0.0799487430725481,0.134774946545472,0.0912426780744667,-27.5866666287211
3,"M5","ESTEYNASQAA",1192,0.0542678721603117,0.0942369144762912,0.0337141823210704,0.0570929784481922,-27.6306085326104
4,"J29","QRECMESTVTCSSNC",1675,0.0493124611645496,0.050668940594768,0.0288022785660668,0.11232091984537,-27.6453818842058
4,"I24","ILDWGASLFERR",1640,0.226286835865913,0.221846098994522,0.222600293799238,0.196211471198252,-27.6621592038847
4,"J19","KDPIESTATNTSSS",1665,0.0368699696285385,0.0313956349048699,0.133834001052709,0.0867780450371398,-27.6751081294337
4,"T18","EQPHDSALTRD",1964,0.0599733399504474,0.0545001183755143,0.148338676202972,0.140170307776507,-27.6759189123286
1,"B6","GDALSWLLRLLN",6,0.111150903895047,0.106568726879264,0.105693782870333,0.100368154455496,-27.6921370543492
3,"A9","GDALSWLLRLLN",6,0.111150903895047,0.106568726879264,0.105693782870333,0.100368154455496,-27.6921370543492
4,"A10","GDALSWLLRLLN",6,0.111150903895047,0.106568726879264,0.105693782870333,0.100368154455496,-27.6921370543492
3,"J16","DLPLESLDS",1113,0.0747768615525386,0.0783665392296291,0.0545042188233212,0.0538392486886499,-27.7301317833127
3,"S11","VESSETA",1378,0.0805394295240913,0.0943254401839852,0.0602819800241388,0.0578328606771025,-27.7358048416059
3,"M11","DEGAVSIVTIMH",1198,0.0874451407295073,0.0820544711795534,0.0741701805513552,0.0660825679813697,-27.7379567844166
4,"M2","YSCNEYQISVCYT",1738,0.136816504513418,0.132393208400834,0.133231050190812,0.110478144668113,-27.8572697593972
