"TS","spot","seq","unique_seq_idx","sfp_1","sfp_2","AcpS_1","AcpS_2"
4,"K11","LDDGKASAEWTSSNA",1687,0,0.00217030263054611,0.0920901563368539,0.0316561908677697
5,"L1","WENDEPFDSKCMME",2277,0,0.0234151554244178,0.0367599463776059,0.0913907366122922
