"TS","spot","seq","unique_seq_idx","sfp_1","sfp_2","AcpS_1","AcpS_2","measure"
4,"D12","QKFCICSSAILS",1478,0.161583155691161,0.1469433357536,0.16824938780451,0.134864144164708,-24.3076040756104
4,"E7","CLNEIGLVSLEEVVV",1503,0.145730850334284,0.130805154378249,0.156518426968014,0.0939225826435412,-24.3162794518386
5,"I5","CHDPQLSFEYCI",2191,0.122965629764053,0.124118601508116,0.0809327679191937,0.127509489466489,-24.3216507695175
5,"F10","ERHCFQMCSHCFCHT",2106,0.198216045513793,0.184339891571754,0.184179058513942,0.23199054031643,-24.330376931868
3,"A3","DALEFIAAKLA",840,0.211976119871057,0.198273053653896,0.215416758660183,0.191492083104592,-24.3339791009557
4,"A3","DALEFIAAKLA",840,0.211976119871057,0.198273053653896,0.215416758660183,0.191492083104592,-24.3339791009557
5,"A6","DALEFIAAKLA",840,0.211976119871057,0.198273053653896,0.215416758660183,0.191492083104592,-24.3339791009557
4,"M10","LNPICSCSHSAFGKCII",1746,0.37433585820698,0.378376685740097,0.339149779341917,0.338156995998276,-24.359418676833
3,"J14","NEAQFVDDDGQDSLDTVELV",1111,0.115832321778781,0.0996704073507274,0.100400292874746,0.0905566968101516,-24.370181690895
3,"Q12","CSVISMATT",1319,0.136919849447229,0.145014284612113,0.0980214974957005,0.0928895619076131,-24.3914777530471
3,"N21","DSTEWIVHPIA",1238,0.0644938076274099,0.0239013827852994,0.049520582528127,0.0430888171679554,-24.395379672897
4,"S18","DFLEGLDSACYLDAV",1934,0.138328780838323,0.124074588837272,0.202896312542598,0.183735389826747,-24.4024598939909
1,"J5","NSMSFVEDLGACSLDTVENV",245,0.129143239074855,0.160495094181979,0.0897979862740969,0.0979427412443622,-24.4026407910383
5,"D10","GRTADKIVSIEYIDTQMC",2046,0.112499278518028,0.11690661577091,0.0694225376060972,0.116433786143215,-24.4076709805926
4,"H4","CLDRKISLCWH",1590,0.187074153058768,0.173856335070076,0.201384317145748,0.151272511080516,-24.4133530784379
3,"S20","IEPLDSTDYAVSGLM",1387,0.111218682220151,0.126196466924415,0.0680928199001957,0.0644439773351402,-24.4438693638397
3,"N23","TECWVDSSICCLSCHG",1240,0.0855554649528837,0.047518376431212,0.0855121998889262,0.0822969339794157,-24.4679776487873
4,"J11","DCAESFAICTTS",1657,0.179432014539881,0.166761693019473,0.18280172473062,0.146144473111134,-24.4855108064295
3,"E2","NSTSFVEDCHADSLDTVELV",949,0.120948497842266,0.10668750789447,0.137536366528451,0.186618964794541,-24.4889880560162
5,"N19","SGDCTCSQTCNNHQCC",2355,0.120298236659212,0.106005445285185,0.105048688034378,0.151647881048879,-24.4912099690026
