"TS","spot","seq","unique_seq_idx","sfp_1","sfp_2","AcpS_1","AcpS_2"
4,"K17","FADVEPICSMDTFCAAVY",1693,0.117676709573696,0.121089912972378,0.169679013486875,0.126307218142588
4,"I17","DPAESSLSI",1633,0.117598682737925,0.124958753840326,0.158314268818237,0.124615599138484
5,"C19","REKILSMEWMV",2025,0.117500690991683,0.112534324698676,0.067029135953105,0.113568569349991
3,"I23","APADSLESAEK",1090,0.1174457756257,0.150030126451018,0.0822042853219082,0.0760619280978359
5,"I25","DPMLSIEFMFEI",2211,0.117411378511732,0.115811097514819,0.063519476794887,0.118453225175866
4,"S24","CVPPICACSHHVY",1940,0.117226572816842,0.101903322681244,0.0678028305712022,0.0830187259711413
3,"N18","MESLLFNMTT",1235,0.116840226266973,0.0839763553123707,0.0756330647948148,0.0684009803899407
3,"D30","APVDSIETIDMM",947,0.116549072871599,0.0729081902201013,0.0381158360347059,0.0403240927735632
5,"R1","REPMDSIDTLVEVTV",2457,0.116525886026705,0.175250193702616,0.0539110851967018,0.12988186680193
5,"L26","CFPHDCCCSQTCQQHNC",2302,0.116282688806227,0.104624016267776,0.0769813151108656,0.123598056582404
