"TS","spot","seq","unique_seq_idx","sfp_1","sfp_2","AcpS_1","AcpS_2"
1,"F19","NSASFVEDLGADSLDTVEFV",139,0.301562378757941,0.31795090183388,0.200020539176818,0.246630455708321
4,"A17","GDSLSWLLRCLH",1405,0.301220573968105,0.370107468029509,0.165756959522412,0.159517246546375
3,"R24","DSKAAVLIPI",1361,0.299894963894697,0.211003827886061,0.1198188957359,0.128935130428357
1,"B22","DSLEAIASKLA",22,0.299870628380807,0.382332643142486,0.219805929965841,0.220031473870741
4,"H18","HWGVESHIIKS",1604,0.299040666218839,0.289553639643379,0.222909251351385,0.195744945836921
5,"B19","PYQWQLCSFCDCKTWHC",1995,0.297125052070607,0.23452746500333,0.300290247871001,0.250419010672855
5,"G7","CCVLSMLNCCTPRC",2133,0.296631543736538,0.274909718308585,0.247027331025848,0.299775578206445
4,"P18","SELPMDSVLFMDTMAN",1844,0.296075294193902,0.290307280057296,0.184181848926729,0.144120418110559
5,"D2","CHFCMCSIMYCRT",2038,0.295893628532151,0.289857567663713,0.495059583275865,0.41710570879276
5,"R10","RECTCSQSCNQKN",2466,0.29471352870839,0.221561396881958,0.180659255761841,0.239123642252434
