"TS","spot","seq","unique_seq_idx","sfp_1","sfp_2","AcpS_1","AcpS_2","measure"
5,"K29","PHECTTSQTDNNRNC",2275,0.111887253300698,0.0992177970084149,0.0657492673868375,0.116684305487328,-11.4716099124925
5,"J15","CDPCHCCVCSAVCCMTQ",2231,0.136154701194565,0.123529118127468,0.0956816264000045,0.155629450207316,-11.4889741446204
5,"P6","SGRADIDSSDSDE",2402,0.0683696394404866,0.0423055541647053,0.0193532473730646,0.0636712525695802,-11.4900034026416
4,"F5","MDIPKVSLLAHWT",1531,0.193979997712035,0.166596592958944,0.168999572397366,0.125794847128611,-11.5014209040182
5,"G13","WCAISLMWC",2139,0.14910310990903,0.130125988146502,0.119191339073586,0.118917181630238,-11.5127343160393
4,"P18","SELPMDSVLFMDTMAN",1844,0.296075294193902,0.290307280057296,0.184181848926729,0.144120418110559,-11.513489690551
4,"N18","GPVDSLVYIEVL",1784,0.395200991463342,0.39035177063503,0.177496644758785,0.136589847883367,-11.5196961792955
3,"N19","ESSDSILT",1236,0.097196854476581,0.0582475854000267,0.060484907771902,0.0525927894881674,-11.5251135068013
5,"L11","CCCSGPCTSSQTCQQC",2287,0.108789685671336,0.0934323459567711,0.0653407019123715,0.112884262148538,-11.5316419142985
5,"H13","PFIEPKASGEWCY",2169,0.122390959685869,0.0980006987485407,0.0949475415650179,0.106783149067295,-11.5329573987623
5,"S14","DSPMDSLDVISADNV",2500,0.115730109238241,0.108194398603858,0.0364918100817593,0.0967752312390108,-11.540746289683
3,"L26","IDGIESLDTFM",1183,0.106312218897544,0.0674401803299422,0.0700082389374281,0.0657646088257779,-11.5488944997573
5,"M5","DWGMDSFESIEMG",2311,0.143607843487067,0.137161989319006,0.051524932442935,0.105110420350547,-11.5756135348369
4,"H27","QCCGAESIDMIAIT",1613,0.124340048700135,0.117475829537278,0.0396322175222778,0.0950627334610912,-11.5951475550783
5,"P20","HGCCTSQSDQNCNCC",2416,0.114144632711707,0.0939490987118627,0.0838326438365261,0.124422150663859,-11.5987526103008
3,"P27","ECVDSTET",1304,0.0949636327674739,0.0660529943844253,0.053211959543287,0.0548449206383713,-11.6309858642318
5,"Q21","CCSHGCCCSQTCQQ",2447,0.115577664557049,0.100974895255293,0.0798115967306005,0.125058690920009,-11.6465037692006
5,"T7","HCLESYDSC",2523,0.110853290698242,0.0962175756784037,0.0733326133084438,0.115102396817899,-11.6602047467193
5,"R26","CCCSPGCSSSQTEQQCCCC",2482,0.119495922001368,0.108058326819142,0.0774421310401514,0.121525336836243,-11.6642675977808
3,"O23","GDACSWLLRLLNGSGSGWGS",1270,0.134553996397096,0.124375803576101,0.0902962363330953,0.0915404852073548,-11.6802930140265
