"TS","spot","seq","unique_seq_idx","sfp_1","sfp_2","AcpS_1","AcpS_2","measure"
1,"B22","DSLEAIASKLA",22,0.299870628380807,0.382332643142486,0.219805929965841,0.220031473870741,-23.1253203409968
5,"F9","PFCCCAMSAIYCCSNC",2105,0.188522660516367,0.151471505915259,0.255098712736584,0.207149214709419,-23.1266643054094
4,"I29","YNRWGADSRILCCST",1645,0.145688549103905,0.163011113662772,0.0553196557705752,0.169954577857444,-23.1363960898346
5,"G5","FGFASVIFRHT",2131,0.324569270857256,0.291066725635285,0.402415780804963,0.369596996396195,-23.1413155348323
5,"F15","VEGLDSIDLYD",2111,0.136445132361227,0.135869020547707,0.0443612442711195,0.102330309855204,-23.1416456343805
5,"C7","QKWCFQAHSFCGCCSWHC",2013,0.224787213928068,0.189532809930513,0.26983061657726,0.226547079795511,-23.1453769897586
5,"F20","WNHASMIWCRSNC",2116,0.280891435995444,0.247042778355275,0.27042930754282,0.301514929241641,-23.152190802238
5,"C23","LDGCLSLGYCHTQC",2029,0.238917997760042,0.245644744172214,0.15848144318286,0.167737399504075,-23.1577229759513
5,"S2","DCCTSNSGNCK",2488,0.266240128316278,0.326368492648851,0.18743717113897,0.259968514383721,-23.1650438617829
4,"F29","YMQRYPICSVASMLS",1555,0.184525364489975,0.195936312660526,0.101334663208558,0.190746131480465,-23.168780236205
5,"J14","FQACSYCGCHS",2230,0.211784831789731,0.176911223518395,0.227517526889646,0.270524552195601,-23.1695283510719
5,"S6","WFKELGMDSFDTVE",2492,0.190905814709687,0.205068844444246,0.109336971405039,0.141882140490528,-23.1857582120546
5,"H14","CGKYACCMMSVVFCV",2170,0.257816386032057,0.224630786274713,0.294088328080314,0.316766869166708,-23.1890986416536
5,"E15","LHCMIEPMDSADVWMTSWT",2081,0.122235058862273,0.0812215411516745,0.137073643707846,0.0925460853174209,-23.1891010112805
5,"C3","RFCESIMFARTTCF",2009,0.273026724745029,0.240248940880398,0.355310365998868,0.311861843824087,-23.1935214729472
5,"H16","TNFGIVSHMWMVTKA",2172,0.354120901275778,0.322600478650299,0.377569619230892,0.383403957657117,-23.1982940138795
5,"E23","DCCDCMCSMLFY",2089,0.215061456396793,0.181376020458916,0.290864635564024,0.229163462800706,-23.2057827698879
1,"F21","NNASFVEDLGADSLDTVELW",141,0.235513699791913,0.396203899779902,0.157948186518257,0.252273145342897,-23.2071244981016
5,"G20","SVDKRMSWLFTHT",2146,0.306036571252744,0.274288171862624,0.343482838231084,0.338843911364319,-23.2117965342305
5,"F27","PNRILEWIVSLCFMMT",2123,0.175133708850171,0.140342421983157,0.179368319245414,0.170529908835699,-23.2160134218831
