"TS","spot","seq","unique_seq_idx","sfp_1","sfp_2","AcpS_1","AcpS_2","measure"
1,"I14","GVESTSTYEMGMV",224,0.0102260887832176,0.0129693507734269,0.0302306415946627,0.0355859595803216,-38.6834295623
1,"I16","GHESTSSALISCD",226,0.0180435431836998,0.0295291836331116,0.0881474730428917,0.104923162435506,-38.6834295623
1,"I18","GADSTTSRDMTSV",228,0.00926949353442388,0.0132957510214328,0.0443502570182065,0.0467695846275393,-38.6834295623
1,"I19","NEASFVDILGADSMDTVTLV",229,0.0319886780005543,0.0431067885035194,0.0452680637703549,0.0456596479433592,-38.6834295623
1,"I20","FVDSSETMMVGRM",230,0.039877955364526,0.0492927861043317,0.0662544865805643,0.0631799712803192,-38.6834295623
1,"I22","EMDSTDSVAIS",232,0.00167747409135786,0.00520319928537649,0.0289395900682497,0.0320975842312374,-38.6834295623
1,"I23","SASFSEDLNADSLDTVELVM",233,0.0727867284193139,0.0883182356448613,0.102036567563321,0.119036105968376,-38.6834295623
1,"I24","AGLESSESMALPS",234,0.000806999117286861,0.00255602158714775,0.0274895663367559,0.0341599322760634,-38.6834295623
1,"I26","MEIDSSDTPSCGPI",236,0.00972925721786174,0.0180777963763043,0.0880694436875314,0.0993160357995383,-38.6834295623
1,"I27","FSRYGLDSSESISLTSDFGD",237,0.0650698387829915,0.0802288053310649,0.088899434731469,0.0902331766236241,-38.6834295623
1,"I28","EDSSETKLAGAD",238,0.0022850887933138,0.00487359825691768,0.0447823506432946,0.0496686827210259,-38.6834295623
1,"I29","NNASWVEDNGADSLDTQELW",239,0.018576664689039,0.0231461396389614,0.119690326350569,0.173060093696057,-38.6834295623
1,"J4","LTVESSSTLMGGSP",244,0.0102983112304033,0.0100631214803589,0.0391019704535234,0.0416555479395818,-38.6834295623
1,"J6","EIESSDTVTITL",246,0.00690940693350855,0.00676179419683662,0.0237547467108809,0.0251346590566101,-38.6834295623
1,"J8","EMESTDSLCGGTA",248,0.012627322204844,0.0230952445844867,0.0791859192400995,0.089835866150648,-38.6834295623
1,"J12","PAESTSSMSDGVM",252,0.0044568924205617,0.0074592204500723,0.0206472621847081,0.0192443538875781,-38.6834295623
1,"J13","NNASFVEDLMADSLDTFELV",253,0.0943052961746312,0.113714418131309,0.191873773953803,0.239130211145328,-38.6834295623
1,"J14","ADSTSTRVIGT",254,0.0245169241755093,0.0258624383233349,0.0496269501529,0.0549588011136718,-38.6834295623
1,"J16","ADSTETIDGPAD",256,5.02087929779833e-05,0,0.012020162593451,0.0171558841677427,-38.6834295623
1,"J18","WLESSESIAPPMM",258,0.00223593127322062,0.00465996600123282,0.0174833193671866,0.0216952847887495,-38.6834295623
