"TS","spot","seq","unique_seq_idx","sfp_1","sfp_2","AcpS_1","AcpS_2"
3,"D29","ELGLDSMESLDVAVQ",946,0.0981727367764614,0.0717543946446086,0.0451782689109948,0.0373240690598044
5,"M27","TKCCSCSQTDNQHQ",2333,0.0980744921722417,0.0945421748465331,0.0621203419437121,0.120490376831774
5,"E3","AQGVLSAEFTITQF",2069,0.0980702583977971,0.108441332512709,0.0999977864099681,0.146706801947303
5,"N28","SPECTCSNTCNNHC",2364,0.0980143552944164,0.0910871531249177,0.0751947776789365,0.13262032406387
5,"O1","CCCTKGCSCSNSCNNCCC",2367,0.0977844066198202,0.121230600906702,0.0996217680065211,0.153734685187405
5,"C30","QQTHERIASACCIVEH",2036,0.0977790495990944,0.101183909004037,0.0719205861197202,0.125397316280458
4,"L22","SDVERHISAVFVETELS",1728,0.0977599340887532,0.0979748267455524,0.228747524918279,0.180643876875458
3,"M4","NSASFVEDLCADSLDTVQEP",1191,0.0976002077531362,0.1161650259823,0.0587198800859274,0.0858439101600082
3,"Q27","GVDSTDSQA",1334,0.0975959503502374,0.0577752217390104,0.0423560201986089,0.037317422186376
3,"C3","LGIDSMETVEKMAN",890,0.0975217411695652,0.124953999999812,0.0519326568745532,0.0495851815213941
