"TS","spot","seq","unique_seq_idx","sfp_1","sfp_2","AcpS_1","AcpS_2"
4,"C16","IVLVKDMSMEYK",1452,0.209150052621145,0.201050598709855,0.183911525293166,0.146128579951549
5,"D14","PTCDFKVSLMFCHTN",2050,0.20855529712292,0.210539220025445,0.152507985343601,0.234401828285545
5,"B4","HRFCDSAAFLAT",1980,0.208529059241838,0.189797254741324,0.126237488047222,0.171245698796556
4,"G19","TDWHILSIEFVETNL",1575,0.20842103891176,0.228843510275533,0.163287764696507,0.126039161667941
4,"K22","NPAVTTSNSVNGKGA",1698,0.208203808443472,0.205147894019358,0.203995283469645,0.172104237720763
5,"H11","RPMMNYNDSIDICDSVIP",2167,0.208028955436015,0.219766952107968,0.047725633542846,0.102899399299237
4,"M4","TCAGPCCTSSNRAYGCCA",1740,0.207890849791795,0.203464182163538,0.185445445486228,0.198193323747377
5,"T18","EVDVESSLTQLASSG",2534,0.207860353289086,0.192157090310161,0.0965848441085301,0.138374241160508
1,"E19","NSASFVEDLGADSLDTAELV",109,0.207454574707448,0.200850454774336,0.197614553122807,0.246631964688767
5,"J9","NKFCSNVCSYCNCCSERC",2225,0.207347720967049,0.169362303874504,0.197217152452378,0.250170148316079
