"TS","spot","seq","unique_seq_idx","sfp_1","sfp_2","AcpS_1","AcpS_2"
4,"E9","EDFLLPVDSLDLVS",1505,0.446753392310623,0.469589255189933,0.141320617213653,0.101274660463096
4,"N22","CLPPCCSTSNKAY",1788,0.446715347623204,0.451318346885886,0.404368006449717,0.413762052043719
5,"B15","WQHCRSNMCSRIYCL",1991,0.446114541298114,0.365312497078956,0.621252264368814,0.567950922320576
3,"N27","NTAESNSSKVKGSM",1244,0.443891228070272,0.829649703413394,0.50998789887234,0.610791084432215
4,"T10","NGCCSCSRSMF",1956,0.443611711340748,0.417189851575416,0.384633167370036,0.408414101647722
5,"F14","NGTVFGYASLDFCRT",2110,0.441646123585492,0.450928972710573,0.357486592577079,0.231839097387574
4,"M6","CAGGCITSSQKIFP",1742,0.439355872912309,0.414944601440328,0.318263205682023,0.348201057188189
5,"D22","GCCQYCVSFCWCK",2058,0.438636457177932,0.449353474593507,0.383019988717988,0.467596455589811
5,"D26","GRYRCNVLSKIPCCSG",2062,0.437641721791759,0.378256012366252,0.496624810354931,0.496635044396547
4,"L15","CIPIVEACSHSLYQKGV",1721,0.435924394755552,0.409155816978575,0.340592491624096,0.334049616737385
