"TS","spot","seq","unique_seq_idx","sfp_1","sfp_2","AcpS_1","AcpS_2"
5,"O2","CYTHECSTSNSGNNKNC",2368,0.183459411894873,0.193178730674706,0.127677099973267,0.181403831097567
4,"D7","SFLSRFGLDSADTC",1473,0.182976129629992,0.194081704182418,0.15964140176814,0.119799653921303
3,"H20","ESAEFCEKLCN",1057,0.182808256407265,0.150839455802796,0.118879896392278,0.115965972557253
4,"O10","QGQWSAVYVETRM",1806,0.182156847854393,0.158075530660611,0.171562023471516,0.110734684714816
1,"E17","NEASFVDDWDADSLDTVELV",107,0.181766060778509,0.172504093896622,0.119027627389622,0.170014967332514
5,"A8","NEASFVDDWDADSLDTVELV",107,0.181766060778509,0.172504093896622,0.119027627389622,0.170014967332514
3,"K10","AGADSTSTAWLSCR",1137,0.18170395942856,0.198475728960707,0.116013837768166,0.122914733342189
1,"H25","NNASFVEDLGADSLDTAELV",205,0.179889211471515,0.170403758165936,0.199516915529942,0.249107854942172
4,"J11","DCAESFAICTTS",1657,0.179432014539881,0.166761693019473,0.18280172473062,0.146144473111134
5,"C21","HTNAMSICYCITGC",2027,0.178887137103018,0.167047060723245,0.219098027739932,0.189231982083967
