"TS","spot","seq","unique_seq_idx","sfp_1","sfp_2","AcpS_1","AcpS_2"
3,"F24","GIDSPDTM",1001,0.0761635730469833,0.0539788840280327,0.0470772703243192,0.0406526698833752
4,"S17","SWPDCLHVASIEWGEL",1933,0.0760405566935855,0.0924218370950175,0.1163431534856,0.0539083992096151
5,"H1","EPRCWNACSFCECRS",2157,0.0760103638619515,0.0881243688956493,0.186867256843824,0.221745216198994
4,"D26","HEPIDSTITCTS",1492,0.0759732446038851,0.089217882250648,0.0453659120871745,0.114070120989198
1,"D19","STSTWFNRYGLESSASISLT",79,0.0758632785166772,0.0813633629643392,0.0691532640588309,0.0687110779284379
5,"Q25","YTHPCTSSQTEQQC",2451,0.0757817976443168,0.0712795152252216,0.0342892393496521,0.0871943019062354
4,"T2","SCMGGCMSCSQSAYN",1948,0.0757420996434397,0.0669247426554429,0.0937316901057833,0.0683200962613631
4,"J22","FVNDDGALSIDSYDDNL",1668,0.0757403676707871,0.0786653143910039,0.154845352596923,0.100889214666659
5,"N6","CTGECSTSNTGQQCQ",2342,0.0755371027621312,0.0471960471701245,0.0390689640325675,0.0796701795274358
5,"S11","DCCIESTETG",2497,0.0753930104250815,0.0500310621975029,0.0483907078841995,0.100424945830084
