"TS","spot","seq","unique_seq_idx","sfp_1","sfp_2","AcpS_1","AcpS_2","measure"
5,"N28","SPECTCSNTCNNHC",2364,0.0980143552944164,0.0910871531249177,0.0751947776789365,0.13262032406387,-15.3332094511133
5,"P21","EPEVEAESMESA",2417,0.0504371277655733,0.0416223270761494,0.0297883783604303,0.0902493294557925,-15.3575745952357
3,"E23","LDSVDNYDAIM",970,0.0734334981603368,0.0670605174305612,0.0496119887585335,0.0438895097671032,-15.3762852185992
3,"Q14","CIESRDAQEHG",1321,0.0894335515867563,0.0787458622990382,0.0701350539891279,0.0631773729951899,-15.6046198088121
5,"C5","NTHVHGVMSVANADSQLG",2011,0.0855976452875821,0.0751697130517617,0.0663028108458127,0.126475900761886,-15.6469967080372
5,"T23","GECTCSQSCQN",2539,0.0907769338902825,0.0841959791881095,0.0691640827259948,0.109471353902927,-15.7260574505423
5,"Q25","YTHPCTSSQTEQQC",2451,0.0757817976443168,0.0712795152252216,0.0342892393496521,0.0871943019062354,-15.7657144952081
3,"N2","GLDSTDW",1219,0.020637546663493,0.0134910314244555,0,0.0100983902806307,-15.7980468134584
5,"N22","WSEDHCVDSMTTKEVST",2358,0.0558638473631956,0.0473675332444947,0.0362733214480576,0.0893805538537311,-15.8515886631579
5,"M20","MPVESWESQAAPT",2326,0.0485851826597102,0.0435570704042947,0.0221507143449634,0.0848630064292537,-15.9224936218112
4,"C4","SHPPLESIDTHVA",1440,0.0596410947558422,0.0539961379155139,0.037060700658691,0.0858606918659443,-15.984537173896
5,"O27","SEPHKCDESSDGD",2393,0.048400912667217,0.0434567148213358,0.0219153926969529,0.0783300767342265,-16.0115967190827
4,"Q26","CCSCSQHVWQCC",1882,0.0817977805680477,0.0735188414032691,0.0625370103988108,0.0676517033222992,-16.0821279957053
5,"L5","DEEIGIDSTDSEDVGCD",2281,0.0368713080118653,0.0225543738282262,0.0186079729620924,0.0724403723821921,-16.0940776705393
3,"C25","MESAES",912,0.0533136028005063,0.046327345200221,0.0334864210683149,0.0269659905473046,-16.1608520855156
4,"M4","TCAGPCCTSSNRAYGCCA",1740,0.207890849791795,0.203464182163538,0.185445445486228,0.198193323747377,-16.1753377891045
5,"J26","VENIVSYEGL",2242,0.073395907338261,0.0667873046657693,0.0532908421347862,0.113551942339126,-16.1842021285695
3,"H28","AGQDSLET",1065,0.07057154563557,0.0354188273740617,0.0527878228016794,0.0516505355282593,-16.2169203801702
3,"F5","NSASFSDMLGEDSGDTVELV",982,0.0701301405474595,0.0652040991144838,0.0468776261013376,0.0518192297672197,-16.4848417072957
3,"F22","MGMDSAESVDLAIG",999,0.0717084148020034,0.060223745234079,0.053800864150061,0.0448151465434403,-17.1652366904216
