"TS","spot","seq","unique_seq_idx","sfp_1","sfp_2","AcpS_1","AcpS_2"
4,"L14","QFTEAMPVDSADTVEAIC",1720,0.100817658418181,0.0995759594426569,0.156568440538611,0.108801807548224
3,"F30","EVGADSMETVEVIMT",1007,0.100551830553313,0.0787557173682249,0.0409520323320876,0.0325885978236784
5,"O11","KECCSSNTPQQ",2377,0.100517034412532,0.0815679249071761,0.0532903069811521,0.107837392976116
5,"L9","PGGCTSSQSDQQRN",2285,0.100085103015624,0.0981953112899826,0.0575294291929713,0.120890367861188
4,"N8","WDDECGMMSLLLT",1774,0.100045433458888,0.0969099197037565,0.154466239490117,0.103109953629841
4,"F18","FPAESTLTCS",1544,0.0999535508418958,0.103064936180513,0.131536316548723,0.0785506208897206
4,"H29","RDDLCSLDTAA",1615,0.0996206891824481,0.105084586462248,0.0243448309404895,0.0988961880037959
3,"S2","DGIDSSDSCLTPCM",1369,0.0995482649494158,0.145816404713772,0.0873536212933554,0.0848144287688008
3,"I25","DSIDEIDNM",1092,0.099530766819798,0.062146867318937,0.0509911135387581,0.0430522423208339
4,"B27","WYSCDGADSMESLATT",1433,0.0993958850032392,0.102319859531204,0.0545082676159777,0.0803184537067845
