"TS","spot","seq","unique_seq_idx","sfp_1","sfp_2","AcpS_1","AcpS_2"
3,"K25","EYLDSTVANMITM",1152,0.13711104554105,0.0666864131785785,0.0681745678347356,0.0656626389700797
5,"A12","VSIYFVITHLL",522,0.137067707029054,0.130064044747217,0.212699560614541,0.212990809291185
3,"Q26","ESSDSIL",1333,0.137017606751112,0.0904357220514284,0.0578290686870731,0.0562484335276821
3,"Q12","CSVISMATT",1319,0.136919849447229,0.145014284612113,0.0980214974957005,0.0928895619076131
4,"I14","QRDMEPHESMDTADMRMR",1630,0.13683769916181,0.138134047432165,0.166745396096242,0.11946658219845
4,"M2","YSCNEYQISVCYT",1738,0.136816504513418,0.132393208400834,0.133231050190812,0.110478144668113
5,"F15","VEGLDSIDLYD",2111,0.136445132361227,0.135869020547707,0.0443612442711195,0.102330309855204
5,"I13","SSMVEGAASHIFAEFTAC",2199,0.136443260284092,0.118874750577621,0.110572154642859,0.15957719396908
3,"I24","MPLDSIESAEIVR",1091,0.13619413540094,0.115449829532753,0.0764895175086797,0.0757429122598017
5,"J15","CDPCHCCVCSAVCCMTQ",2231,0.136154701194565,0.123529118127468,0.0956816264000045,0.155629450207316
