"TS","spot","seq","unique_seq_idx","sfp_1","sfp_2","AcpS_1","AcpS_2"
3,"J17","GFDSMDTTEIVYP",1114,0.0785033113099567,0.0739248158547716,0.0602389540169782,0.066910938843204
1,"D9","NRYGLDSSTSISLFSDFGDW",69,0.0784363109531374,0.0864809876648791,0.043764420536889,0.0335672088353942
5,"I7","EGCMSAPYC",2193,0.0783302706492823,0.0669849363282389,0.0502857598780239,0.114783541030506
5,"K27","TTEIRIDSTSSA",2273,0.0782751163767558,0.0772506422200655,0.0431871415230813,0.110233739490451
4,"K29","DVGSLSVELIETM",1705,0.0779542103418553,0.0910220402515441,0.0421940806477405,0.120475064301599
1,"J7","NEASFVDDDGADSLDTVELV",247,0.077898921279886,0.0673924059837241,0.104147935838296,0.120196573105853
4,"S27","VLLSSNSMQQCPLA",1943,0.0778496168069217,0.0698962233320132,0.053134971211076,0.0987480637564719
4,"B5","ICMAGVDSMEYAE",1411,0.0778252517679111,0.0768495923950425,0.0472133985914485,0.0776389648049607
4,"E5","TVLPPRDSHDSFDPAI",1501,0.0776443046589213,0.0666059317587429,0.12761409188948,0.116853062134407
4,"E20","CQPCMERHVSVCWSHENLS",1516,0.0775941068074657,0.0808832420390105,0.102917383142668,0.0390489062738308
