"TS","spot","seq","unique_seq_idx","sfp_1","sfp_2","AcpS_1","AcpS_2"
5,"F25","ASPAVSADLLDSVV",2121,0.0672951535683472,0.0662057313822142,0.0427363475618522,0.102082361698338
3,"B21","ESMETMEIVMG",878,0.0672526250762109,0.0667024094608297,0.0501956426837873,0.0454176259682992
5,"K16","DQFEHTEIESSESCTGPC",2262,0.0671007455581363,0.0504956143500265,0.0517885199328917,0.0974307697120427
4,"R5","PCMTTSNSAQNC",1891,0.0670397590174349,0.0647332053840841,0.121623729273435,0.0996635831015615
5,"P29","EEPIESTMSVMVT",2425,0.0669457375713281,0.0639126183880876,0.0208718431104686,0.105800984107634
5,"O28","YDDLEIDSMDSLILSDD",2394,0.0668293519758818,0.0632143862680243,0.0342407592954362,0.110121007214037
3,"F21","NQQSFCEDLGEDSQDTVELV",998,0.0667741052125899,0.0533774577983821,0.0683298696825136,0.0637714500903047
3,"K3","TLNGVISSDSC",1130,0.0667611904114517,0.102109779710123,0.0488176124118232,0.0674278951632838
4,"C9","SHCPAESVDALVSQST",1445,0.0667122987642257,0.0579299934861977,0.107986942250013,0.0480726266184439
3,"C7","GAESIESAPTNCS",894,0.0666960460359948,0.0870156974872511,0.0756706034700206,0.0678398308831945
