"TS","spot","seq","unique_seq_idx","sfp_1","sfp_2","AcpS_1","AcpS_2","measure"
4,"C1","ADEDRAESIDSLWTDI",1437,0.0350990422690274,0.044127331315727,0.079970257960648,0.0494410276586367,-38.6834295623
4,"C3","SSINKDGMESIVTQ",1439,0.0299630681783989,0.0351588851377765,0.0594277101471869,0.102784046054308,-38.6834295623
4,"C8","SKRSMQPLDSAETV",1444,0.0589870549134846,0.0595921794166949,0.114187847394381,0.0646905387306153,-38.6834295623
4,"C10","TWFQHFCLESHVACT",1446,0.0742588852325348,0.0712799995274114,0.130198676386794,0.0826295880714778,-38.6834295623
4,"C14","MNCNPIESVITQA",1450,0.0687227373927582,0.0695682369732336,0.12794072583442,0.0826095871414166,-38.6834295623
4,"C18","TYQKDCVDSRMVCTT",1454,0.0620661793795856,0.069521777093815,0.140497432153136,0.107404921075854,-38.6834295623
4,"C19","CDCMESSATCSSTCD",1455,0.0196822546455983,0.0232649229790065,0.101704653627667,0.0617987661187772,-38.6834295623
4,"C20","SYVTREGADSRESLLIT",1456,0.0917600579101202,0.101063287281524,0.173515757993416,0.147344675620897,-38.6834295623
4,"C21","QKYPMESTDFHALTC",1457,0.0864004245035616,0.0871086037250435,0.175362504820309,0.154875294750119,-38.6834295623
4,"C23","QFDVTNISAEKH",1459,0.101650619842189,0.105547961861491,0.114447151731578,0.1070383514628,-38.6834295623
4,"C24","SKCERVDFPSAVTM",1460,0.0864032132730869,0.0948278762798801,0.0859935646692698,0.116625496540177,-38.6834295623
4,"C27","EEMGADSIHTADM",1463,0.0639346549615454,0.0638318254664612,0.0689944318656332,0.153785366316854,-38.6834295623
4,"C28","ECMDSSDSVVMS",1464,0.0786060485240613,0.0772557303879789,0.0768976950189388,0.108811196737886,-38.6834295623
4,"C29","WMNKFPVDSTETMS",1465,0.0531909350430115,0.0548522813486621,0.0874150539004455,0.0872214886405515,-38.6834295623
4,"C30","TADIDPLLSAETYESQ",1466,0.0971911425274641,0.105658941259976,0.145474948841784,0.127118209399643,-38.6834295623
4,"D1","WFSKYPVESKVSNCE",1467,0.00103064115014957,0.028336681489808,0.0492687154736491,0.0621592229781451,-38.6834295623
4,"D3","QRWGADSVEVK",1469,0.0314036290933008,0.0297809283495779,0.022539619843443,0.0627773446308936,-38.6834295623
4,"D4","KFPVDSSESMSDSG",1470,0.0396761763022519,0.0367490655372876,0.045525853096214,0.0912139481321416,-38.6834295623
4,"D5","TTYNKDPMESKALCTSQ",1471,0.0894451150048922,0.0888346392202338,0.0836769330446825,0.104872700635838,-38.6834295623
4,"D8","FMDQYYTVSMDAMHSQ",1474,0.0547537614849968,0.0656014662528676,0.117302249523324,0.0606033804589186,-38.6834295623
