"TS","spot","seq","unique_seq_idx","sfp_1","sfp_2","AcpS_1","AcpS_2"
4,"N6","EHRASLCWTETR",1772,0.216573874519403,0.203128797178193,0.0871050911457043,0.0480019142838019
4,"T6","MGGCATTSNRMFPCC",1952,0.216467725144629,0.215044838702856,0.215451520540466,0.211736716363508
5,"P8","CCCCSNTENQKQCC",2404,0.215821116497138,0.140793327708636,0.13308721131198,0.176942164142594
4,"S6","NVAEVTSRTINNRCA",1922,0.215607110869118,0.221159454018011,0.187942577357825,0.16446302665185
1,"B21","DSLEFAASKLA",21,0.215107210545051,0.444513199797791,0.184578794953688,0.187667840073659
5,"E23","DCCDCMCSMLFY",2089,0.215061456396793,0.181376020458916,0.290864635564024,0.229163462800706
4,"C22","TFLQRDPMDSLESC",1458,0.214922071651826,0.228425167461608,0.144002175312204,0.130953399964395
1,"F7","NSASFVEDRGADSLDTVELV",127,0.21473964349361,0.233294015141669,0.152694595899739,0.180108826839802
4,"T20","PGCCSSSNRVWGCCI",1966,0.214158917532357,0.214151876907585,0.162208992651783,0.172246713783681
5,"D28","RRDPHDSKDVSKSTAC",2064,0.214074007710855,0.18983281998703,0.110894025228602,0.160503621302972
