"TS","spot","seq","unique_seq_idx","sfp_1","sfp_2","AcpS_1","AcpS_2"
5,"M11","GEMPADSFDSL",2317,0.0737122307717642,0.0674082472875249,0.0346168749995439,0.097555615137265
3,"G14","EWPVCSIDTV",1021,0.0736696719843043,0.0746412259827898,0.0589554803843327,0.0527407932031737
5,"O4","KEDVVDMDSRLSL",2370,0.0735583172300506,0.0640991094939652,0.0631543317402782,0.106253398788142
5,"M21","RPWDECSMDSTETCCI",2327,0.0734682271180595,0.0599863722564774,0.0602934977130696,0.111685546085175
3,"E23","LDSVDNYDAIM",970,0.0734334981603368,0.0670605174305612,0.0496119887585335,0.0438895097671032
5,"J26","VENIVSYEGL",2242,0.073395907338261,0.0667873046657693,0.0532908421347862,0.113551942339126
3,"D24","VGLDSADTIEIIGP",941,0.0733457630680625,0.0702420784487043,0.05672820044611,0.0507583205949816
5,"N15","EEYPVDSSATMGD",2351,0.0733133631371847,0.0677065666362664,0.0361023155367992,0.0936396398223767
3,"D11","EGEVDSMDTCD",928,0.0732723279606446,0.0798756755879386,0.0556305713579721,0.0539286576578949
4,"B16","TYYNCDPLCSWAACTTTCT",1422,0.0731744061528123,0.0738086112342761,0.122730950448191,0.0830332743249145
