"TS","spot","seq","unique_seq_idx","sfp_1","sfp_2","AcpS_1","AcpS_2"
5,"K5","FCAMSILYCAT",2251,0.16454129480997,0.144542955260129,0.320029243713587,0.230866702939453
5,"H30","DDKHFCLISACFCI",2186,0.164482713196226,0.144747017650387,0.175584953328522,0.230985434652776
5,"A10","ISIEYMATRLN",577,0.164299332894756,0.156384979791464,0.191639635326854,0.202367463510925
4,"E10","STWNKDCVDSYIICTSS",1506,0.164230725412087,0.168731737549077,0.182985411280193,0.155542807452652
5,"T9","CCYSGCCTCSQSDQQCCCC",2525,0.163939494013917,0.133501244690567,0.15069826602925,0.18629642903516
5,"N13","SGCCCCSQSDQNK",2349,0.163817520988251,0.145877074651034,0.0899590096641449,0.145766575908518
3,"R23","DECLESSLFC",1360,0.163621811910768,0.141368418758003,0.118396567460689,0.134709371635225
5,"E4","CHTTLDGVMSYDYRVTNCC",2070,0.163522568035278,0.133094871000246,0.289104515261487,0.212690008952017
5,"E26","YNEHRCCILSECFC",2092,0.163042337048277,0.141716514536469,0.138243076024169,0.174284613572697
3,"R21","ADSSCYVLTSCV",1358,0.162748759131621,0.185677659396204,0.112215272896735,0.130986849823061
