"TS","spot","seq","unique_seq_idx","sfp_1","sfp_2","AcpS_1","AcpS_2","measure"
4,"J2","DDACSAETI",1648,0.0430195880529466,0.0353312090541655,0.13750244050598,0.0938035551037635,-26.714996753766
3,"S21","GADSSECQMSPSN",1388,0.103221935133097,0.103718995995173,0.0783344147163687,0.0867820907795332,-26.7301293876283
3,"C11","EDGNESCDSA",898,0.0910030462209682,0.108708282549126,0.0661503487601457,0.0643683393241777,-26.734910663318
4,"P15","WSEDEGAESMEFI",1841,0.0589191850698791,0.051323515146677,0.128168034383375,0.0779193445910393,-26.7411785483737
3,"N6","AMCLESHMSIET",1223,0.0712197505046809,0.0971115362090514,0.0464280790193031,0.0647655837494849,-26.7433452108278
1,"B29","STSTYFNRYGLDSSESISLT",29,0.112759193216183,0.141597025069601,0.0927557993656459,0.0751471650113073,-26.7573987556328
4,"B12","CFGTTNPMDSMESV",1418,0.0567703941174224,0.0492327331874868,0.121111739763293,0.0569739451832445,-26.7579163997298
4,"G4","REEAGIVSMDTIT",1560,0.0484766229046103,0.040955330382155,0.1276860112902,0.101070274430845,-26.7626904469773
3,"N8","CADSTDF",1225,0.0844744309125064,0.101936636339412,0.0598899833696951,0.0706711774012579,-26.7725289935487
5,"F25","ASPAVSADLLDSVV",2121,0.0672951535683472,0.0662057313822142,0.0427363475618522,0.102082361698338,-26.7762000850278
5,"N20","CGLESSESCC",2356,0.0743682065999961,0.0669024841329739,0.0605741857941522,0.114521308500045,-26.7790703069519
4,"G22","MMPHDSFDTPEENLH",1578,0.0965376017280742,0.0890905909195763,0.134788791788754,0.0787053469110257,-26.7846467037736
4,"J6","CDAESADAVMIST",1652,0.037025671034457,0.0296614143149356,0.131356309419967,0.0941604665659933,-26.8096886894017
3,"H18","DLPMDSMES",1055,0.0552402507601989,0.0479054913164067,0.0503850813567721,0.0471485058955927,-26.8187685783009
5,"F7","QPVCDGVESYENC",2103,0.0543109737800037,0.052098707233285,0.0301087894362619,0.0795033666125908,-26.828705961974
3,"G22","IDSMDNADLQ",1029,0.050155383922817,0.042918753487243,0.0532893442354369,0.0470929789375675,-26.8495822263859
3,"D17","DMGIDSMESI",934,0.0592599316885685,0.0631573760141121,0.0352825387051494,0.0239135928795828,-26.8632773371394
4,"B2","ACENYAESMEQLRPIVW",1408,0.0396754717710034,0.0325130896723531,0.0925471631616869,0.0409530534980969,-26.8735448153745
4,"Q5","CDCVGRDSACSS",1861,0.0643447508591098,0.0572797008165926,0.112194227192176,0.0808690661078226,-26.9058530677164
4,"B8","EIPDESVETSTYHPH",1414,0.0561439777710997,0.0491140056210228,0.11114993549305,0.0631643552922743,-26.9177574822962
