"TS","spot","seq","unique_seq_idx","sfp_1","sfp_2","AcpS_1","AcpS_2"
4,"D23","WMQKDPLESADSCMSTCD",1489,0.0678303017891893,0.0661360315864665,0.0983837677129524,0.0723873514070576
4,"B6","WTHDGIESSITQ",1412,0.0677383017503227,0.0639755743723739,0.059686388603524,0.0681652968870137
4,"Q14","DEDGMDSVEFMDTQV",1870,0.0677361294456399,0.068567296009935,0.161759780888578,0.113138928543657
3,"C18","EVGLESADTLDALVP",905,0.0677316541985518,0.0728973156609987,0.0416987236162039,0.0305420936681257
4,"G14","KYPAESHMVC",1570,0.0676982315355643,0.075719321109099,0.121186371314411,0.0595480991135477
5,"K23","SDEMGMDSSATV",2269,0.067628786515056,0.0633973751935098,0.0374027631928142,0.0983924223112202
4,"K30","VMSTSNTVQNH",1706,0.0675527751882177,0.070312701925071,0.0303039943439326,0.112029512651641
4,"E16","TPALHEGRDSIVSM",1512,0.0674742199540099,0.0719062320964524,0.147923015447119,0.10564858023572
3,"F28","DMPVESADTMDAID",1005,0.0673436805353393,0.0574977262933404,0.0269789334614192,0.0145167715676903
5,"T25","WPEEGIESFMSVPPP",2541,0.0673127798946064,0.0655645606495734,0.136835476015509,0.129463277518096
