"TS","spot","seq","unique_seq_idx","sfp_1","sfp_2","AcpS_1","AcpS_2","measure"
5,"Q28","YPGECTTSQTGQQCCC",2454,0.109897264106991,0.0935936877844885,0.0650954799221303,0.119097136168791,-11.2528614505383
3,"M10","AGAYSTSTALLSCE",1197,0.173589940243475,0.163007820429267,0.121229997906115,0.133390887596003,-11.2592069109784
4,"R24","PMVTTSNTLQQRC",1910,0.255246710257385,0.247140808956228,0.185793264549998,0.252127958895813,-11.2594761026211
5,"R29","FPRGCSTSNSCNQRQC",2485,0.287477835375458,0.278040124137308,0.232149524844386,0.323122358372936,-11.2704606439086
4,"Q12","CLQPVCSCSKSAF",1868,0.482328580281761,0.466957150096502,0.448181904697129,0.468257251156195,-11.2730424683517
3,"B25","GLESIDIADLS",882,0.105682652897584,0.078933909641376,0.0507914841064287,0.0433612537621951,-11.2879454203396
3,"J26","IGLDSIEKVDEP",1123,0.102141797388067,0.0470699707832185,0.0681803066077773,0.0682486647288385,-11.3001329637387
3,"B26","RAGAESAETNEH",883,0.0743661953207648,0.0379792762977503,0.0310552963618947,0.0178786408449336,-11.305059868398
4,"N11","MFMLSREYLF",1777,0.253962056236682,0.227531069656747,0.227514463758348,0.182685683312738,-11.3090241027647
3,"D29","ELGLDSMESLDVAVQ",946,0.0981727367764614,0.0717543946446086,0.0451782689109948,0.0373240690598044,-11.3548236701164
5,"S24","SGGCTTSNSCQNCCC",2510,0.127737583183285,0.105268538224758,0.0976086659860485,0.132106772264375,-11.3590028333646
5,"O12","GPCSCSNTCQQCCCC",2378,0.147440561406893,0.139664719886082,0.072020805800287,0.134969760695318,-11.3691890359375
5,"S20","PGCCCSNTCQQ",2506,0.112663128469153,0.0915365492898825,0.0795636503218584,0.120293081063677,-11.3746299055858
3,"D25","AGIDSLDTLDVIMC",942,0.161803676799124,0.142286445153668,0.131328611487767,0.140604739327877,-11.4051886199376
3,"M27","SADCMESTDSCLSPC",1214,0.130592452444197,0.118076351112417,0.0873573929096585,0.0943182476996259,-11.4103803487506
3,"F30","EVGADSMETVEVIMT",1007,0.100551830553313,0.0787557173682249,0.0409520323320876,0.0325885978236784,-11.4158463237835
3,"L28","CCGVESEDVQVTSMT",1185,0.0877911107334977,0.0560713870803404,0.0440375102811311,0.0392682113645593,-11.4441330646267
5,"Q14","ECCCSQTPNNCCC",2440,0.121243491606637,0.0987439459631261,0.0917654694063614,0.134582368483415,-11.4517130679611
5,"N12","GPCCTSNTCQQCCCC",2348,0.13184975901764,0.123119513977648,0.070256890771981,0.129916349279789,-11.4626209429268
3,"M23","ADSSETC",1210,0.101022181907066,0.0418720771736242,0.0706210452381077,0.0653743180526727,-11.4683350520837
