"TS","spot","seq","unique_seq_idx","sfp_1","sfp_2","AcpS_1","AcpS_2","measure"
3,"L13","SYMESHLTCVSSC",1170,0.160660798379795,0.141059319124941,0.106858912166874,0.109565255008123,-10.3687408025735
4,"D14","THYAVGRLSMDWF",1480,0.20664426981398,0.18381637197854,0.161789804203805,0.111858893470752,-10.4002534495359
3,"M25","ECPVDSSSLVIMGMM",1212,0.127380720660214,0.0983293897342574,0.0858006176062281,0.081292335755402,-10.4059126085876
5,"K7","KVEGKISVVFSHTD",2253,0.151064960343332,0.139537524317187,0.0598511202589949,0.128509052793188,-10.4153293941421
3,"L22","NGAESQSSWVVGCT",1179,0.0947383774504623,0.0283754628282008,0.0450736250468969,0.0415433168362544,-10.427601939374
5,"P9","HGCCSSQTCNQ",2405,0.118653919308254,0.0774862242338526,0.0843103657556163,0.130926054511741,-10.4309016455094
5,"O22","GGCCCCSNSENQK",2388,0.158309466839394,0.135369627738524,0.112743054009894,0.163248849357996,-10.4363022529123
3,"K14","SVQCILSALWQSS",1141,0.132529448541079,0.116006980771772,0.0709065639875844,0.0674441885248161,-10.4720628860511
3,"R23","DECLESSLFC",1360,0.163621811910768,0.141368418758003,0.118396567460689,0.134709371635225,-10.475562465974
3,"H22","LCSLDTLE",1059,0.127216270834366,0.0873039946713154,0.0940763424706192,0.100598861358884,-10.4789268997595
5,"E29","KPKAQKKDSMERH",2095,0.219661898749239,0.206717978923176,0.150008720571719,0.213307151028825,-10.4913184411599
5,"M12","CCCTGGCSCSQSCNNC",2318,0.129518619767497,0.112988642030916,0.0683247915515782,0.117036301021461,-10.4946125102345
3,"R22","AESKETVARHAV",1359,0.147894802639641,0.132367172375867,0.0860389985472412,0.0930160229354053,-10.5008966239906
5,"Q5","CCCSRCCCCSNTDNQH",2431,0.140810528229031,0.129637313216967,0.05071721533293,0.0952120922364858,-10.5070702248732
3,"R30","TENDVESRDY",1367,0.101712084880167,0.0556403855816249,0.0405038164087483,0.0431131379073974,-10.5145976214524
5,"M13","CCCTKPCSTSNTCQNCQ",2319,0.143246532599941,0.128785045542074,0.0771287499370586,0.129913092442609,-10.5194663728304
3,"C28","GIDSIDSMEAVMC",915,0.120940594146932,0.0918045814520292,0.0814829008436535,0.0853489055655074,-10.5367492924656
5,"R19","PCTSSNTCQQCCC",2475,0.13477063136661,0.116435512125757,0.0817303414353161,0.126093822336961,-10.543734378487
1,"B2","DALEFIASKLA",2,0.198196467100498,0.178195832173145,0.152831002397318,0.15555666859738,-10.5543467961149
3,"A2","DALEFIASKLA",2,0.198196467100498,0.178195832173145,0.152831002397318,0.15555666859738,-10.5543467961149
