"TS","spot","seq","unique_seq_idx","sfp_1","sfp_2","AcpS_1","AcpS_2"
3,"M16","SCCPVESMEACVCHA",1203,0.106145793147862,0.0897561834753672,0.0699272305354967,0.0646145463332728
5,"J19","ISPMLSLDIM",2235,0.1061207661036,0.0882976060602156,0.0604954938847751,0.119049597773466
3,"R15","SICGAMSTELNTH",1352,0.10610311726713,0.0846412811996379,0.0748103495585481,0.0660695639700212
5,"F26","CNMASHVPC",2122,0.105873680722918,0.0938876294077399,0.0920596822792874,0.13269597410643
4,"S16","CCTCSQHVFG",1932,0.105771804735759,0.0990915824302105,0.167263853041944,0.131251311128046
4,"J24","MDGIVSIDSAIVQM",1670,0.105711890224168,0.111044675344604,0.172309780405275,0.136865044054319
5,"B10","RCCAASVCDCVSQ",1986,0.10570646103295,0.0961273643420977,0.0758747876717144,0.123321625384589
3,"B25","GLESIDIADLS",882,0.105682652897584,0.078933909641376,0.0507914841064287,0.0433612537621951
4,"L6","CEIYNVSLIWA",1712,0.105674462001591,0.079097085420861,0.134937429010128,0.113193234247406
3,"M15","GVESSETIVRGA",1202,0.10560644742273,0.0934422463604457,0.083637839702116,0.079975078831274
