"TS","spot","seq","unique_seq_idx","sfp_1","sfp_2","AcpS_1","AcpS_2"
4,"H23","CDGCMDQRISACWWYTNAT",1609,0.170229398016504,0.130588933886134,0.15265708344704,0.0752392199628322
1,"F11","NSASFVEDQGADSLDTVELV",131,0.169944022803115,0.165288593569381,0.111966783535841,0.129742383404123
5,"P18","PKPCTSSQSCNNHN",2414,0.169691379009359,0.16836696005411,0.115295396292212,0.170770029155835
5,"I28","MQKKESLEKKE",2214,0.169599820036846,0.203409384571402,0.0512436605578879,0.118834075144661
4,"R28","LVLSCSQTLFGHGIA",1914,0.169563674697608,0.171306750878458,0.0741988019171557,0.153747076027764
4,"J5","IGLDSVEFSTITIT",1651,0.169491636377449,0.159620328933392,0.164919644727312,0.124993514022379
5,"F13","LSVVENLLSYEPIDSNLY",2109,0.168797562981375,0.159740546306664,0.122211089404955,0.14825588512621
5,"H5","HFCSQLCSYCNC",2161,0.168459955470902,0.145746014607224,0.173985889944682,0.185457250655189
4,"T26","CVQPCATTSQSVNQRCA",1972,0.168334972200224,0.172009824301359,0.109554166891299,0.183799818250599
5,"C22","RFGIDSILIHTTACT",2028,0.168310822926181,0.167595635013968,0.100544032319387,0.153613268011845
