"TS","spot","seq","unique_seq_idx","sfp_1","sfp_2","AcpS_1","AcpS_2"
4,"L18","TCAPGCISSSNRIYN",1724,0.604744671564118,0.505310348561352,0.474184675071534,0.459500755951728
3,"N30","DSREYNLSK",1247,0.602676691398997,0.37374840145491,0.226140774113158,0.269698900463826
3,"B2","QPCIDRKMSLCFSKS",451,0.601293088332916,0.766980845712398,0.512829981849285,0.607129355947023
4,"L30","PLCSCSKSIY",1736,0.598070705758013,0.575067570924973,0.210671023560333,0.551801038217966
4,"D20","HVRRDSVESKMVMLK",1486,0.594578667269354,0.55390493564332,0.462610582738034,0.463518399988505
4,"Q25","CVPGCLSSSNKVYQC",1881,0.594553098656127,0.541929501206973,0.369683035741733,0.46230731677718
3,"S7","FEECICSKVAAARS",1374,0.580222822584903,0.614226241100652,0.389784105995037,0.466263377450144
4,"S14","VQGCCSCSKRAYPHCVL",1930,0.574230571882986,0.541585756356178,0.479635490453479,0.521207757412168
4,"O5","VCCSCSKRLWQH",1801,0.571678847767324,0.526706506635042,0.381321707600405,0.445706618179389
4,"N9","NPVDTTSKRINPRC",1775,0.563120407648826,0.523863715455193,0.465168690578332,0.468219596593488
