"TS","spot","seq","unique_seq_idx","sfp_1","sfp_2","AcpS_1","AcpS_2"
5,"T1","CCTGPCCCSQTCQQ",2517,0.0836896242712182,0.0975284780286069,0.0389300430141896,0.117193486268503
3,"L9","VESRDWVVHPCM",1166,0.0836030892426589,0.0963943007796727,0.0504535029137074,0.054517161605289
4,"E24","DGAESFIAQTST",1520,0.0834289758966063,0.0860475707672367,0.121792413648438,0.121042890217018
4,"H24","FTRWCAESKIMCSTSP",1610,0.0834086912677432,0.0803866310771248,0.12542041740489,0.092882852143548
3,"K17","AESSDTRLW",1144,0.0833656837908629,0.0841799145675866,0.0946964618019319,0.0722196481144357
4,"A29","AESSDTRLW",1144,0.0833656837908629,0.0841799145675866,0.0946964618019319,0.0722196481144357
5,"O8","PPDCCTSQTCQN",2374,0.0833170809212806,0.0520046314220637,0.0510527080111769,0.0952493458828221
1,"J15","NNASFVNDLGHDSFDTVELV",255,0.0831412827490539,0.0830355194500509,0.0579666783485299,0.063074220299368
3,"D3","PIESAETMDLMVG",920,0.0829969084031189,0.0918165968688947,0.0451019491458011,0.0410009660510249
4,"J23","EQIESLMSADEHI",1669,0.0828939724797765,0.0765455787514739,0.143591369874542,0.0950001877653741
