"TS","spot","seq","unique_seq_idx","sfp_1","sfp_2","AcpS_1","AcpS_2"
5,"P27","PCSCSNSCQNCCCC",2423,0.14366651150437,0.139054434761554,0.0793090631430205,0.13568406508132
5,"M5","DWGMDSFESIEMG",2311,0.143607843487067,0.137161989319006,0.051524932442935,0.105110420350547
4,"O25","DEGRISIMQIDTIV",1821,0.143463698132079,0.163711303369019,0.160351055833744,0.15100724202155
5,"J4","LDKFLSAEFRATT",2220,0.143401338978443,0.15882161643948,0.109169565618228,0.191334413327206
3,"P24","CCLDSSDFNA",1301,0.14330676860945,0.120420498258957,0.0708168586821774,0.0726819929594794
1,"D3","NSASFREDLDADSLDTVELV",63,0.143305335589675,0.140526694667234,0.150045874677796,0.189183386623265
3,"S4","GLESKSFN",1371,0.143267392725223,0.210764466217958,0.0845862754818219,0.0780045024221922
5,"M13","CCCTKPCSTSNTCQNCQ",2319,0.143246532599941,0.128785045542074,0.0771287499370586,0.129913092442609
5,"O10","TPGCSSSQSCNNCCCC",2376,0.142911401991524,0.115545263908335,0.0649181251427583,0.121900901586808
3,"A14","NSAAFVEDLGADSLDTVELV",849,0.142693865554806,0.142397909384468,0.137780323545332,0.13856755783839
