"TS","spot","seq","unique_seq_idx","sfp_1","sfp_2","AcpS_1","AcpS_2","measure"
5,"J1","HHCCLCSVVFCM",2217,0.0503500041758121,0.069700213015661,0.0900610780572658,0.156215709468411,-38.6834295623
5,"J2","HCMDWRISLDWCRE",2218,0.0711842642117276,0.0923208263592337,0.133136250844995,0.110737377934671,-38.6834295623
5,"K2","ENCIEGRMSMCFSRTD",2248,0.0446440282719667,0.0580970968910085,0.106031084155585,0.154329143678943,-38.6834295623
5,"K3","EQIISADFHI",2249,0.0594696695342152,0.0861155967199063,0.0511582305777543,0.125759339444855,-38.6834295623
5,"K4","SIGGMDSRLLCE",2250,0.049745726477703,0.0636709679410349,0.045784096158351,0.110785373429951,-38.6834295623
5,"L1","WENDEPFDSKCMME",2277,0,0.0234151554244178,0.0367599463776059,0.0913907366122922,-38.6834295623
5,"L2","YTSDEPIESSMTVSATD",2278,0.00483232070655057,0.0233229514682336,0.0412958356046956,0.098384137374535,-38.6834295623
5,"L3","NNEQEAGADSMDIMMVT",2279,0.0243377803917842,0.0359674832001616,0.0367039984976778,0.0953536218100672,-38.6834295623
5,"L4","YKPCVESSCSIAAG",2280,0.0713447732251951,0.0755632252865049,0.060864312039327,0.122039317166946,-38.6834295623
5,"L29","DCTTSQSGNCCCC",2305,0.0967707200528001,0.0957665189968737,0.103785895734071,0.150567153911411,-38.6834295623
5,"L30","EVPIESFESQAGPSD",2306,0.0450270840550491,0.0540848963837413,0.0278491275414628,0.0907851363093492,-38.6834295623
5,"M1","YSKDCTCSNSCN",2307,0.0531759190122387,0.0693607732385229,0.0906058158064437,0.145386497295897,-38.6834295623
5,"M3","EPDEPADSSDCLDIPCM",2309,0.0192847849927541,0.02676933850371,0.038143805025044,0.0894464619534995,-38.6834295623
5,"N1","CCCCSQSNNNH",2337,0.056063641195319,0.0780625140556093,0.0791410978774104,0.137417759504572,-38.6834295623
5,"N2","CCCTGGCSTSQTCQQCQCC",2338,0.0626632891212142,0.0699148423295162,0.0765049310758607,0.110805942927928,-38.6834295623
5,"N3","CCTGGCSCSNSCQ",2339,0.0623719075153913,0.0609950304006031,0.0854194716622772,0.112473757820159,-38.6834295623
5,"O1","CCCTKGCSCSNSCNNCCC",2367,0.0977844066198202,0.121230600906702,0.0996217680065211,0.153734685187405,-38.6834295623
5,"O3","HDIPVDSTLTV",2369,0.0369413812991013,0.0491835345426226,0.0358526177161637,0.088774182194614,-38.6834295623
5,"P1","CCYPHCCSCSNSQNQ",2397,0.0649249599090418,0.106054415428253,0.0680336193243004,0.125559101095797,-38.6834295623
5,"R2","CFSGCCTCSQTQQQ",2458,0.0971186959904844,0.132860617399711,0.095713589667059,0.14587159462319,-38.6834295623
