"TS","spot","seq","unique_seq_idx","sfp_1","sfp_2","AcpS_1","AcpS_2"
3,"B11","NEAKFDDDCGADSLDNVECV",868,0.113670477771864,0.123974512926362,0.176391631637058,0.187765345941763
5,"S12","WPIEWGDSSETEMIVR",2498,0.113637530217517,0.0897664990137953,0.0573669857398584,0.116354793557233
3,"N3","DEAESHMSCMTHCV",1220,0.113596350072587,0.112996645512355,0.0444650636633898,0.0720732586562917
4,"M11","LYAPVVDADSREVVHLV",1747,0.113468720559217,0.107342973528758,0.158439995006892,0.110634680064509
4,"K13","SYINKWPVDSIDIQTAT",1689,0.11338030188753,0.120519781800051,0.141362532265234,0.096076252473278
1,"J19","SSASFVEDLGADSLDTVENV",259,0.113340694299681,0.104104775818757,0.077667596477358,0.0887746246732769
3,"L20","MDGMESTDSQIH",1177,0.113317581849282,0.0669993480356094,0.0392807625902144,0.0276820292481984
5,"E5","TREYVDSADFCM",2071,0.112997683053836,0.126054069425308,0.0744450274375701,0.115486503623874
3,"S1","NPMCSSSMCVSP",1368,0.112887686008242,0.139450661131988,0.0761556629079137,0.0723236923951567
4,"J4","ECIESYMICSSSC",1650,0.112867814115184,0.112421023784986,0.169366736869558,0.123123696022815
