"TS","spot","seq","unique_seq_idx","sfp_1","sfp_2","AcpS_1","AcpS_2"
5,"P23","YSGECTTSQSGQCRCC",2419,0.266568231435141,0.2186838424393,0.216193311114727,0.261307417289549
5,"S2","DCCTSNSGNCK",2488,0.266240128316278,0.326368492648851,0.18743717113897,0.259968514383721
4,"A8","GDSLWQLEMAIM",1400,0.266223864862922,0.308435284180511,0.150118472743856,0.170919390448259
5,"E25","NECCCCVKSLCWC",2091,0.265545184482444,0.234971728662548,0.260840157150297,0.25762522003292
5,"H9","EDCFWQACSVFYWACGES",2165,0.265387901201887,0.146316145422085,0.354432665388623,0.246278799261269
4,"J8","RLRAERYDSLWWME",1654,0.264172328578227,0.240601063898054,0.190817646438852,0.163478530994165
5,"F28","DPFMYCLCSVCYCACQCS",2124,0.264075431124062,0.184363138803667,0.438098341291311,0.296001989527554
5,"G10","CWQACSKCYCRTND",2136,0.263723826236854,0.242878625486687,0.241492018061922,0.269124226483314
3,"K24","SEPIESVDAQVK",1151,0.263664159670287,0.141002688887472,0.223136274984741,0.215237964590435
5,"H19","IQFQDSIDICIDSV",2175,0.262955842593554,0.287057453675414,0.0545329093943545,0.106646704730713
