"TS","spot","seq","unique_seq_idx","sfp_1","sfp_2","AcpS_1","AcpS_2"
3,"C24","NEDSFVDKWDADSLDNVELV",911,0.116077997496445,0.109348640182167,0.105843718501469,0.126991029494793
4,"A28","NEDSFVDKWDADSLDNVELV",911,0.116077997496445,0.109348640182167,0.105843718501469,0.126991029494793
5,"A26","NEDSFVDKWDADSLDNVELV",911,0.116077997496445,0.109348640182167,0.105843718501469,0.126991029494793
5,"T19","KIGIDSTTTCTVS",2535,0.116060055633053,0.0960106753143793,0.101087188932828,0.131013646290627
3,"O15","SIIELCSVEFMMTPM",1262,0.116031503049331,0.103583161100669,0.0956887602075106,0.0908961816096923
4,"R18","MPPCCTCSQTAYNCCVA",1904,0.116005067058137,0.0975623193848131,0.166273706034762,0.17278954966041
5,"A24","MPPCCTCSQTAYNCCVA",1904,0.116005067058137,0.0975623193848131,0.166273706034762,0.17278954966041
5,"S13","CTGPCSSSNSCNNCQ",2499,0.115976157776201,0.0846647581100718,0.0826728199604521,0.127686187167862
3,"B5","GIKNDSIETFENMVC",862,0.115856093975829,0.141222073407938,0.117677889671781,0.129486548230673
5,"M8","DERCLDSVTSHGQTYM",2314,0.115847070857421,0.0881349962016666,0.0806292141828362,0.131227397657106
