"TS","spot","seq","unique_seq_idx","sfp_1","sfp_2","AcpS_1","AcpS_2"
4,"E6","NVEPVDSSVTMMS",1502,0.0774564883702586,0.0733523723055403,0.117745468003135,0.0738152662171392
3,"B28","DIGLESVETME",885,0.0772645700291829,0.0233810060039599,0.0371769106443448,0.0319302505754902
5,"T14","RQCAESTESPTPGCT",2530,0.0772283660474065,0.0609117026602401,0.0596044874091729,0.10733452588807
5,"R9","NQDDGMDSTELI",2465,0.0766522847110747,0.0482339002145875,0.0464736416158818,0.109506664874454
3,"N13","MDSSDTIIS",1230,0.0766169966408848,0.0751767980185896,0.0574450146128443,0.0481877019479646
3,"E3","EKYPQDSADCI",950,0.0765415856096334,0.0725970516072078,0.0609715793908816,0.078510431749687
4,"H2","HEPADSTDLLVTSCS",1588,0.0764977681183934,0.0797417854278653,0.0804871596872416,0.124964075000626
5,"T4","EHCPMDSYDSCE",2520,0.0764785271517262,0.0968973005865676,0.0500827420493806,0.0899057617020802
3,"F25","DQPCDSAES",1002,0.0763994616860676,0.0590789794264125,0.0539328115580636,0.0472658317332371
3,"S10","ESTETCMS",1377,0.076350043219883,0.0863668892500823,0.0779429209440988,0.0852669956329509
