"TS","spot","seq","unique_seq_idx","sfp_1","sfp_2","AcpS_1","AcpS_2"
3,"I16","EIGAPSMDS",1083,0.0635943752465696,0.0677615138419943,0.0554764527623677,0.0569302834385825
3,"C4","VESCETVD",891,0.0633766773289621,0.0833693461617523,0.0702400972008344,0.0715017468443031
3,"D13","EDKCCDSAESALN",930,0.0632369774769033,0.0723127838356682,0.0477982998269218,0.038022110072646
5,"N26","RPHGEQCADSSETG",2362,0.0631601671941267,0.0569546916853582,0.0356341534076272,0.0923116787467233
3,"D5","IGVDSMESVELLDT",922,0.0630660295097879,0.0620707454052193,0.0549947655931691,0.0469514005335419
1,"H15","NEASFVDDLGADSIDTVELV",195,0.0628900665072768,0.046479855593557,0.052463423674852,0.0580029244629481
3,"G12","VPLDSIDTID",1019,0.0627421613342437,0.0668545319204181,0.0650895631865615,0.0617318655004237
5,"N2","CCCTGGCSTSQTCQQCQCC",2338,0.0626632891212142,0.0699148423295162,0.0765049310758607,0.110805942927928
4,"Q3","EAIAGHLSVEWLDSD",1859,0.0626546978158327,0.0496490078813873,0.0524030888918744,0.0414005070679268
5,"N3","CCTGGCSCSNSCQ",2339,0.0623719075153913,0.0609950304006031,0.0854194716622772,0.112473757820159
