"TS","spot","seq","unique_seq_idx","sfp_1","sfp_2","AcpS_1","AcpS_2","measure"
3,"H14","DSIDSWETCPF",1051,0.0516614045501733,0.0498008687114116,0.0697159016973013,0.0727463483288788,-38.6834295623
3,"H15","NEIPNDSIDCI",1052,0.0927646739850456,0.100787282827124,0.0865763429405529,0.0951268142872966,-38.6834295623
3,"H16","EMDCDSVDCQDAIK",1053,0.0791783642987837,0.14643484671559,0.0905443791045401,0.0959267569827755,-38.6834295623
3,"H17","APLESIETVDMVM",1054,0.0552995081048531,0.054937180275374,0.0522736257790127,0.054934892035368,-38.6834295623
3,"I1","GLESAETS",1068,0.0235199102777557,0.0446032178375115,0.0305496779174862,0.0355528647670452,-38.6834295623
3,"I2","NEACFVNDLGADSLDTTTCV",1069,0.0510019756188746,0.0980936691015683,0.124425015425124,0.167012528853315,-38.6834295623
3,"I3","EELGADSADTADIAQC",1070,0.0345714967223468,0.0729748454417431,0.0346075377120978,0.0474263622481662,-38.6834295623
3,"I4","NSASFVSDRGADSLDTHELV",1071,0.0485333337887055,0.0825465935260819,0.0532257740124132,0.0724326670328525,-38.6834295623
3,"I5","QYPAESMDS",1072,0.0243113390692674,0.0688262496912655,0.0182817933354196,0.0283536020701826,-38.6834295623
3,"I6","DERGNDSNDGAE",1073,0.00543199795125378,0.0472926079619874,0.0190363532464901,0.0273346875034,-38.6834295623
3,"I7","EDMGAESMDTVE",1074,0.00864034825733573,0.0370852564622473,0.0179059776544492,0.0193853847915674,-38.6834295623
3,"I8","ESIET",1075,0.0139066334211153,0.0488878183974791,0.0382659167822681,0.0365258306908457,-38.6834295623
3,"I9","DDAPIESLETADAV",1076,0.0376055583241104,0.0560062125464335,0.0556093024001526,0.0491923342585088,-38.6834295623
3,"I11","LESMDTMEMCVP",1078,0.0707166028893628,0.0838798193267663,0.0791314090085129,0.0755416994708375,-38.6834295623
3,"I16","EIGAPSMDS",1083,0.0635943752465696,0.0677615138419943,0.0554764527623677,0.0569302834385825,-38.6834295623
3,"I17","LGLESMDT",1084,0.0614595830628559,0.0713068628451144,0.0563801468192614,0.0625835174625227,-38.6834295623
3,"J1","EEAGMDSADTM",1098,0.0112775547238108,0.0335320913697722,0.0396584418933581,0.0337507269479459,-38.6834295623
3,"J2","ESIETLDMAI",1099,0.0205115764265243,0.054881763716376,0.0358763242271393,0.0451893143876652,-38.6834295623
3,"J3","EWCNESLETL",1100,0.0263562776444317,0.0581282808063013,0.0180651694437477,0.0253525046307163,-38.6834295623
3,"J4","APVDSAEWLEL",1101,0.0139808629721363,0.0617317892817644,0.00183591928182218,0.00952016342215294,-38.6834295623
