"TS","spot","seq","unique_seq_idx","sfp_1","sfp_2","AcpS_1","AcpS_2"
4,"B17","DFYTVSAELAS",1423,0.0753255748982326,0.0754426008241606,0.163490986315368,0.138794864844068
3,"G27","EPPIDSVDTDLPVMT",1034,0.0752471314248963,0.0542086090890737,0.0457974351921073,0.0407278988559729
3,"P20","PADSTEIVVA",1297,0.0751360519128992,0.0482414132436834,0.0856665995069218,0.0869106310856799
4,"H19","WAQKEPMESSATNVASCE",1605,0.0749687885318047,0.0766188950627571,0.107283490094757,0.0550818278582328
4,"G12","YCMCSSAMMT",1568,0.0748779920671542,0.076738787767263,0.137976270249706,0.0937543841131117
3,"J16","DLPLESLDS",1113,0.0747768615525386,0.0783665392296291,0.0545042188233212,0.0538392486886499
4,"M22","VLAGAISRESP",1758,0.0745308930053932,0.0695193011754762,0.158415794280278,0.101151476250812
4,"L3","SEDIPLISIMVADT",1709,0.0744860672047074,0.0636498309043249,0.130845666501981,0.0883850635302271
4,"H21","APQMSIEYM",1607,0.074482720681277,0.0716372599794923,0.137072763812065,0.0934151996365718
4,"D21","HDGAESTILNSDTTS",1487,0.074448903181349,0.0767743827344414,0.139412003011984,0.0895369997368841
