"TS","spot","seq","unique_seq_idx","sfp_1","sfp_2","AcpS_1","AcpS_2","measure"
3,"L24","IEGAESKDSALRGI",1181,0.127933999703925,0.0527732401082476,0.100470725960376,0.0892480126484198,-10.2440255635905
4,"F11","YFDEDGINSINVFETMI",1537,0.251230940851872,0.236706531736283,0.178790530158724,0.144948329469818,-10.2497460451415
5,"J6","TAEYKVSLVFCRSNC",2222,0.277018079601187,0.230743087368809,0.246132164946999,0.323161497556586,-10.2523800108526
3,"O24","GMDSRDSMAHGCA",1271,0.148625711124873,0.131818249876883,0.0803227072968393,0.0887006681864864,-10.2569364993693
4,"E3","TFIDGAQSLQIW",1499,0.118441801154098,0.103340141785997,0.0337868506389625,0.0847308838276313,-10.2608457317327
3,"A24","NGAEAAAAKVVGCM",857,0.128762054382576,0.0905600998211636,0.0910555884154686,0.0876807991968525,-10.2625075802266
5,"J16","FPIESVDYR",2232,0.145233756879725,0.129379299133945,0.0729023984369622,0.135290673432508,-10.2672887831753
5,"P25","CCSGPCTSSNTCQQCNCC",2421,0.136068067224978,0.116334884821905,0.0769961534616291,0.115940175329258,-10.2881186658275
4,"M14","VMTCSQSLWNKCM",1750,0.316993854403275,0.305741426770861,0.225372509792157,0.20353305860242,-10.2887313838086
4,"G2","CCVPMISLDFVDY",1558,0.174567079491644,0.164078962678123,0.0641119732034655,0.135468793308332,-10.2899888343891
5,"S12","WPIEWGDSSETEMIVR",2498,0.113637530217517,0.0897664990137953,0.0573669857398584,0.116354793557233,-10.2905681312061
5,"F8","CCQAVSVMGCRTP",2104,0.237891523466128,0.221043798772979,0.17730014505096,0.223454484343398,-10.3016993627996
5,"K19","GRGCCSSQTCQ",2265,0.222373069657861,0.207320987966028,0.154198511348541,0.216268815912564,-10.3039016945999
3,"K22","PVESTETAVTP",1149,0.108161826198082,0.0535951431689882,0.0463019147562987,0.0399362732739121,-10.3154482748388
3,"Q11","MESKDSVMRP",1318,0.17632325401558,0.160423534860403,0.109987046356774,0.107045305988549,-10.3181602901691
5,"M7","NWWEEIKVESFITVMLTS",2313,0.135530694683568,0.0951925840895185,0.10059273130009,0.129766277650798,-10.3210163174177
5,"F22","KCCMCSRMDC",2118,0.204010412259614,0.189057087030187,0.136346005041634,0.193682592933777,-10.3406741801781
5,"O14","CWGPCCSCSQSNQQCQCC",2380,0.158059069322242,0.143733589295038,0.0844914666104269,0.136576495606055,-10.3544002862963
3,"N18","MESLLFNMTT",1235,0.116840226266973,0.0839763553123707,0.0756330647948148,0.0684009803899407,-10.360814692658
5,"T21","GGCCTSQSCNQCNCC",2537,0.141957593091649,0.113035136494742,0.100719878938518,0.146896669841131,-10.3683441857819
