"TS","spot","seq","unique_seq_idx","sfp_1","sfp_2","AcpS_1","AcpS_2"
3,"R29","CSLECIAQCLA",1366,0.276931693768204,0.187910196670527,0.0991175883560129,0.114700663505458
1,"I15","NNASFVEDLGADSLDTFELV",225,0.276902397368268,0.313751319163249,0.219616664889915,0.273885150724356
5,"G14","TGKVDWLESLEWIVTQ",2140,0.276173801614324,0.365874929135196,0.0829208393446898,0.106140866492959
5,"S19","KDCCTSNTPQCR",2505,0.275412067828538,0.253147561838013,0.18172370066522,0.245260494836413
5,"I16","GYKYCILSWVFCISRDC",2202,0.275342944980463,0.202184104493542,0.297368600930827,0.250122581352007
4,"I30","EDQFIDSLDQMSTKY",1646,0.274388706857258,0.279690833504508,0.0934173461850171,0.220605123862462
5,"F1","PKRWQIVSHIYCRFNH",2097,0.274103457109731,0.277617900061592,0.54363000548046,0.466735450686985
5,"H26","CGKWNFNLLSVFWC",2182,0.273592984876697,0.217406240994032,0.263351681805433,0.224938430778711
5,"H27","YQRFKWNACSYCDCCTER",2183,0.273526770948479,0.234224798120309,0.362007570477909,0.354467387846598
5,"C3","RFCESIMFARTTCF",2009,0.273026724745029,0.240248940880398,0.355310365998868,0.311861843824087
