"TS","spot","seq","unique_seq_idx","sfp_1","sfp_2","AcpS_1","AcpS_2"
4,"T5","NGLCLCSKRIYQKG",1951,1,0.991285493474332,0.728937606650266,0.711154071749315
4,"P17","LPGVCMCSKRMF",1843,0.982545355740284,0.966908475362835,0.629025570638085,0.727324456938612
4,"P13","CIQAMCTCSKRAY",1839,0.951441005650253,0.897367036564564,0.734775918149334,0.870037205679298
4,"O27","KITIMKMLSKHSM",1823,0.939417357941475,0.986822228305885,0.584828045355235,0.599806497898906
4,"O3","TCVQPCISTSKKINGR",1799,0.920233676576065,0.904536596991257,0.543735647784938,0.861579159560806
4,"Q11","CAPGCESCSHKIFNKGMI",1867,0.876604522215822,0.831734053327664,0.718270889836092,0.833611819934541
4,"M28","CMQPVCSTSKRAQPRC",1764,0.853634102811599,0.823785073807878,0.366036862474233,0.844007975736779
4,"M18","TCLPPCCTCSRTIFQK",1754,0.809227556929574,0.804863581549715,0.729869296692725,0.855019319069997
4,"Q24","LDTSSRKAQQK",1880,0.802471483877551,0.79060974880099,0.593922321854284,0.828416150458373
4,"Q20","TCVPGACITSRKLN",1876,0.783292147121507,0.806195887772114,0.629484322342893,0.766794238529245
