"TS","spot","seq","unique_seq_idx","sfp_1","sfp_2","AcpS_1","AcpS_2","measure"
5,"H12","WQLVSAWFCCT",2168,0.198948344486774,0.144625860323548,0.250843511590576,0.200288230090404,-22.6929778941999
3,"M3","DSMMYCLTSCS",1190,0.186933476112758,0.213834490184592,0.0642470728483444,0.0974629005618811,-22.6943895777119
5,"I24","RQNFKVSVVNCRFQCY",2210,0.491306051328021,0.444039368716699,0.789503983124173,0.739579442329484,-22.7001338817071
4,"B3","TECMGCDSIESLFFDI",1409,0.249488693785268,0.252123405278377,0.134020494583112,0.143476231676092,-22.7069217270968
5,"G18","EHCWCMISKCYC",2144,0.497089329616964,0.450462065643647,0.616341621646867,0.67042176184321,-22.7135584602373
5,"E8","MWRNDSVEWL",2074,0.195285265556599,0.241239544680779,0.077168399956312,0.0872025582741734,-22.7287276662302
4,"A16","GDSLSWLLRSLN",1404,0.323367895385799,0.384444899432736,0.214979682235843,0.207976248099816,-22.7398790384092
4,"G30","NHFCICSKLICTST",1586,0.268692835912353,0.305068501294793,0.157839111448444,0.266553030652627,-22.7424463700751
5,"E17","YEEFRYQICSRLFCCTN",2083,0.324186560688414,0.27634204970652,0.464987208611887,0.407473527127525,-22.7441984345452
5,"D27","KCWQICSECFCRS",2063,0.235129806474851,0.185433507781598,0.314274250182864,0.303285934448724,-22.7559798207981
5,"J22","QPWCFQLKSYCGCCTW",2238,0.348876320382833,0.302215343280436,0.369354427143576,0.390354619573563,-22.7607913030793
5,"I28","MQKKESLEKKE",2214,0.169599820036846,0.203409384571402,0.0512436605578879,0.118834075144661,-22.7614232761343
5,"B3","RCCQIISMMCCCTRCS",1979,0.311312919854617,0.264052868519546,0.335694066289481,0.379766613333577,-22.7638025390077
3,"O6","CCVMSSDCIVKQV",1253,0.333656148512196,0.384904606783485,0.227965053151723,0.303698084131873,-22.7653564233194
5,"J20","QPCCQNCNSFCWCKSQC",2236,0.367306430160326,0.321550911416249,0.366802620014892,0.40782235153072,-22.7749094096088
5,"Q20","CWGGCCTCSNTCNNRCCC",2446,0.285199085483919,0.237873526647058,0.280835783485597,0.31048571584067,-22.7760664935786
1,"B1","DSLEFIASKLA",1,0.331320685980502,0.469349712137003,0.226499371713533,0.209399645779549,-22.7763201549453
3,"A1","DSLEFIASKLA",1,0.331320685980502,0.469349712137003,0.226499371713533,0.209399645779549,-22.7763201549453
4,"A1","DSLEFIASKLA",1,0.331320685980502,0.469349712137003,0.226499371713533,0.209399645779549,-22.7763201549453
5,"A2","DSLEFIASKLA",1,0.331320685980502,0.469349712137003,0.226499371713533,0.209399645779549,-22.7763201549453
