"TS","spot","seq","unique_seq_idx","sfp_1","sfp_2","AcpS_1","AcpS_2","measure"
3,"M20","NEASFVDDLGNDSTCTQEYT",1207,0.0839723018146282,0.0471430342271887,0.0842937015912605,0.0833832717033339,-24.5042173324137
5,"C12","NKCCCCMLSECFC",2018,0.15526503739949,0.142417071379723,0.142185066343239,0.16910601390698,-24.506621823504
5,"G11","DTICYGIESAEFKKSECS",2137,0.137186273298525,0.133348990417143,0.100649992738938,0.146743084256235,-24.5080193350654
5,"E22","RFWCIASKAQCA",2088,0.378457068801107,0.391504821171863,0.346082492959689,0.404405415091755,-24.5319386628102
3,"O20","TDEDADSLETDI",1267,0.055774911305108,0.020140848589224,0.0584835254642615,0.0464467324076721,-24.5414197069348
3,"Q17","GVDSHDWC",1324,0.0655701361172148,0.0299832955197937,0.0500879371546903,0.0460510218762329,-24.542918365149
4,"D29","MFKMSIDVMHS",1495,0.124207861024636,0.128356820682468,0.0875188932250621,0.118038153917058,-24.5601028309506
4,"B23","TFYQRDGVCSEITVVVSSE",1429,0.144137905181425,0.156601514523872,0.109194987141602,0.116394581156928,-24.5741797866738
5,"C21","HTNAMSICYCITGC",2027,0.178887137103018,0.167047060723245,0.219098027739932,0.189231982083967,-24.5881857968421
5,"E5","TREYVDSADFCM",2071,0.112997683053836,0.126054069425308,0.0744450274375701,0.115486503623874,-24.5914273198
3,"D23","EEAPIESIDSLELVC",940,0.13421287453612,0.148787538158567,0.099437732022218,0.105110793128632,-24.6164913324979
3,"G26","DSVDTLELIVG",1033,0.106691311088681,0.073338002313915,0.0963320204610069,0.095281516005527,-24.6164974319014
5,"J4","LDKFLSAEFRATT",2220,0.143401338978443,0.15882161643948,0.109169565618228,0.191334413327206,-24.6181028926013
4,"P21","CLGGIATSSQSVNQR",1847,0.251550709972285,0.240492822573967,0.260049135421998,0.178393234321243,-24.623844238546
3,"R11","ESSESCITP",1348,0.114364841851351,0.12422084110889,0.0772083727854134,0.0745482986720609,-24.634009779801
4,"P22","PGVCTSSHTLNQHGMV",1848,0.12174860663534,0.108936358057884,0.169477764341029,0.122075652177808,-24.6366183041691
1,"B24","DSAEFIASKLA",24,0.108604730979121,0.0910982854109832,0.223401387444828,0.146426303350092,-24.6571018667667
5,"J3","EPRRCQIMSECFCRTNRC",2219,0.355154057445005,0.344707962184014,0.60656769729959,0.588641466079541,-24.6614253488713
4,"H29","RDDLCSLDTAA",1615,0.0996206891824481,0.105084586462248,0.0243448309404895,0.0988961880037959,-24.6630227404377
3,"S1","NPMCSSSMCVSP",1368,0.112887686008242,0.139450661131988,0.0761556629079137,0.0723236923951567,-24.684723312414
