"TS","spot","seq","unique_seq_idx","sfp_1","sfp_2","AcpS_1","AcpS_2"
4,"R3","ACSTSKHAQ",1889,0.252467363837521,0.223230370373588,0.142707720929664,0.199018032023704
4,"P21","CLGGIATSSQSVNQR",1847,0.251550709972285,0.240492822573967,0.260049135421998,0.178393234321243
5,"M16","CCTPPCSTSQSCQQRQC",2322,0.25145215900623,0.218716992388184,0.158669233458097,0.223756256019971
4,"F11","YFDEDGINSINVFETMI",1537,0.251230940851872,0.236706531736283,0.178790530158724,0.144948329469818
1,"F9","NEASFVDDLGADSLDTVELC",129,0.250444087556401,0.236709327243139,0.239807199481195,0.326707582184862
3,"P16","VVSKSFAMRNAE",1293,0.250103516623511,0.20442802083447,0.172955275046602,0.185799575733468
1,"B25","ASLEFIASKLA",25,0.24994721394013,0.284187376641583,0.201119468161682,0.125584245045138
4,"B3","TECMGCDSIESLFFDI",1409,0.249488693785268,0.252123405278377,0.134020494583112,0.143476231676092
4,"T28","SCAGICASCSQSMWQKGAM",1974,0.247215964044013,0.242819632371984,0.123700401969246,0.210013873413574
5,"E7","CQNCVDGVDSIDWIHSN",2073,0.246403887001819,0.372285187283511,0.0599995280917954,0.0872942925214019
