"TS","spot","seq","unique_seq_idx","sfp_1","sfp_2","AcpS_1","AcpS_2"
5,"R27","SKGCSCSQTCQQCCC",2483,0.172430343063144,0.153316702113724,0.0988561820826185,0.154637229048645
5,"N25","RPCSCSQSCNNH",2361,0.172409980624149,0.161352545596954,0.104179063378975,0.159850082642243
5,"P2","GECSTSNTPNQRCC",2398,0.17185838029651,0.196079019098702,0.130153353138883,0.191406892238828
3,"B30","ESADTCDRVC",887,0.171604136790872,0.100181050430727,0.0696923697696999,0.0773301515479803
5,"F3","CCACSIMYCISQ",2099,0.171019084914946,0.208044037260938,0.154695620424284,0.161304231874237
4,"R23","SWCLSKGAESMDFKDALAR",1909,0.170832535476157,0.143856943337652,0.11210561763517,0.11789000521872
4,"C26","SDNKHSFFHT",1462,0.170761495241933,0.171603074610951,0.0922580251701289,0.20256352696576
4,"Q23","SYQCDHHELSVETFVSMAC",1879,0.170743970027127,0.154441406851192,0.175606863881196,0.163994202895133
3,"N10","EMESIESLCRGAT",1227,0.170542373100458,0.167840906563969,0.121962401420235,0.12421102705012
5,"K14","QDPKLSVIWC",2260,0.170259741627656,0.159755702294222,0.0853069920984566,0.136902693561476
