"TS","spot","seq","unique_seq_idx","sfp_1","sfp_2","AcpS_1","AcpS_2"
3,"E19","NEAPCVDDDCTDSLDTVELV",966,0.0990557302858216,0.0844460246071808,0.148923704424269,0.172097659718307
3,"C30","ESIETVEAV",917,0.0989791174039911,0.0359860035972532,0.0361244078359754,0.0372751378454121
4,"J27","ERHLSVCFHHTD",1673,0.0987541451022617,0.103406583782833,0.0917008205093234,0.120926038817552
3,"N9","MGYCSSPSWIYGME",1226,0.0987517435707044,0.0897918170752835,0.069719717685561,0.0726204838153687
4,"J10","WWGKASVEYM",1656,0.0986463518212412,0.0875094403398895,0.107616970796991,0.0517073677643176
3,"J24","DEHPNESADQ",1121,0.0986169122320084,0.0504111062467636,0.0548391975136521,0.0486161696351203
5,"N7","HCCCCSQSGNNC",2343,0.0986126423456923,0.0561217463850415,0.0521851904015817,0.100271617363913
5,"T3","NYFEHERMDSSLSCEMGCA",2519,0.0984327789347638,0.117654210519776,0.0900031355137925,0.133205097750111
4,"K12","TFAHHDKLESICTMHV",1688,0.0982984308063568,0.0789580261955666,0.161348880620484,0.100829431935608
4,"T21","DLRMDSHILSEDR",1967,0.098262059380653,0.10044617191766,0.0973544212901369,0.117052582414725
