"TS","spot","seq","unique_seq_idx","sfp_1","sfp_2","AcpS_1","AcpS_2"
5,"S1","EKDRIESTITC",2487,0.0445628089254786,0.0778026583087599,0.0223272663938842,0.10361278948533
3,"F18","LPIDSIDSAEQ",995,0.0442377772265604,0.0432913527779213,0.0480998664340022,0.0404747211514105
1,"E13","NSASFVEDLGADSTDWVELV",103,0.044117675832546,0.0542971137579303,0.0305759467050644,0.0302939651579327
3,"E15","EIPVESMDTAEIAM",962,0.0438605387371646,0.0583278823676856,0.0398656737209026,0.035340386379783
4,"Q19","CCTCSHHIW",1875,0.0438555437347606,0.028712875435069,0.102440215367686,0.0304761848961855
5,"O23","EECEDESSETDTVP",2389,0.0438177798279768,0.0321675872835583,0.014991477678377,0.06822965330254
3,"C16","DSVETIEMVL",903,0.04372314073452,0.0639058029802024,0.0399232241484935,0.0357209795349888
3,"G19","DELPMDSADSIEVID",1026,0.0434710984088386,0.0420646151263056,0.0387597618675498,0.032246266798849
4,"B1","SMWCMDSSVTMMMTT",1407,0.0434099864310217,0.0265758666240686,0.135648012413979,0.109811194338919
3,"B14","DDIGVESMESIDA",871,0.0432938560039445,0.0720909476846904,0.041487690591052,0.0303475107093247
