"TS","spot","seq","unique_seq_idx","sfp_1","sfp_2","AcpS_1","AcpS_2"
1,"G26","NIESTSSMDMPSL",176,0.00493187853537144,0.00956697405742367,0.0216727001419646,0.0274035131145663
5,"L2","YTSDEPIESSMTVSATD",2278,0.00483232070655057,0.0233229514682336,0.0412958356046956,0.098384137374535
1,"D22","IDSTETDILPFE",82,0.00474483606370806,0.00761465669752205,0.0305339064755488,0.0382343222203226
1,"G14","YWAESTSTDEPGHE",164,0.00472233882397337,0.00561247593965537,0.00975546233965561,0.0134457090847967
1,"D4","FPAESTSTPTMPSV",64,0.00460804443593806,0.00583608087493324,0.0331041687884756,0.0326773997716092
1,"G10","MESTETPSIGQD",160,0.00451000272670173,0.00494107917373938,0.0161257243766403,0.0172023974703941
1,"J12","PAESTSSMSDGVM",252,0.0044568924205617,0.0074592204500723,0.0206472621847081,0.0192443538875781
1,"D10","IGLESTDTISAGWE",70,0.0043362693697599,0.00370745606281028,0,0.00275635669999282
1,"H8","GMESTSTADQSIE",188,0.00426356333704722,0.00474202237284432,0.0100453923809708,0.0173123287350119
1,"D12","MDSSTTMDMTTE",72,0.00421293403491532,0.0080625278863532,0.0236054861536669,0.0221299323319381
