"TS","spot","seq","unique_seq_idx","sfp_1","sfp_2","AcpS_1","AcpS_2"
3,"G6","EAPIESACWLC",1013,0.0350705498975565,0.0512212851734718,0.0410042581248975,0.0466105352295199
4,"I20","YYNHCGADSTESV",1636,0.0349496816443454,0.0167389556781773,0.127730714356524,0.0781173978104722
4,"F26","SWWSKWGAESWATATTT",1552,0.0349135450623911,0.0350153983879232,0.0161223685482257,0.0525380665392575
4,"R29","DDQPLASREWVDSHA",1915,0.0347272552581002,0.0305652118939954,0.0131030244457628,0.0354803540248713
3,"E11","GMDSAETADAA",958,0.0345901559618461,0.0447929886032785,0.0454217674176585,0.0366339190787511
4,"Q18","VDMGPIDSGDYA",1874,0.0345884038912082,0.0287895706466735,0.167482626851889,0.124882139650217
3,"I3","EELGADSADTADIAQC",1070,0.0345714967223468,0.0729748454417431,0.0346075377120978,0.0474263622481662
3,"G16","DSVETMD",1023,0.034557339329932,0.0497313249350082,0.0432769453652799,0.0412284595549292
3,"H4","ESIDSVTLQ",1041,0.0344268468755301,0.0701379933830086,0.0370360444730841,0.0512861675615249
3,"L1","DEPAMSREYM",1158,0.0343470154785895,0.034680473939283,0.0307865797932823,0.0431563084981518
