"TS","spot","seq","unique_seq_idx","sfp_1","sfp_2","AcpS_1","AcpS_2"
4,"N5","AETSSHRANPR",1771,0.258274668141564,0.242788115387952,0.185517744208682,0.198449839343065
5,"P19","GCTCSNTCNNR",2415,0.258033374172639,0.221821011099125,0.206509681780622,0.246597826461145
5,"H14","CGKYACCMMSVVFCV",2170,0.257816386032057,0.224630786274713,0.294088328080314,0.316766869166708
4,"G29","TWYTRFPLESRMTITS",1585,0.257353757733368,0.237354086331489,0.0942256618335711,0.218976637378428
4,"E4","GSEYPKESVGYLR",1500,0.257235895526588,0.250328160583501,0.103009084171805,0.177153665677741
5,"E6","CQGRCFCMISYMYCVSPH",2072,0.257193617972088,0.217385529823782,0.382418135480954,0.276670832466153
4,"R24","PMVTTSNTLQQRC",1910,0.255246710257385,0.247140808956228,0.185793264549998,0.252127958895813
4,"N11","MFMLSREYLF",1777,0.253962056236682,0.227531069656747,0.227514463758348,0.182685683312738
5,"B8","WCVKSHAFCLS",1984,0.253785055128762,0.240620564487691,0.198492301936599,0.233200255347462
4,"Q16","PCCTTSQRMWGCCV",1872,0.25271430204012,0.243064078333163,0.221265934770307,0.203319723498772
