"TS","spot","seq","unique_seq_idx","sfp_1","sfp_2","AcpS_1","AcpS_2","measure"
3,"B13","DSMEPADVGLL",870,0.0731269040405735,0.0944509588114834,0.0495273270655162,0.0411399879652703,-26.9242186978605
5,"T27","TRENKCEDSSDPECDGE",2543,0.055804689725718,0.0488074124449988,0.0414744796178225,0.0864025762153466,-26.9289822374687
4,"T22","SCIQPVITSSQTVNG",1968,0.0857397503252806,0.0787567485988378,0.0765703403627046,0.0978748202158761,-26.933923095862
4,"N21","NGAETCSRKMYQ",1787,0.703905331196764,0.765832010588451,0.685092395393732,0.800384113447093,-26.9428582187724
4,"O8","LDDEKVCSDVAMESN",1804,0.0493025096606646,0.0423689923683266,0.1179401359169,0.0603200665510706,-26.9512414484084
3,"B15","LESLESMEAMCP",872,0.0815490451215817,0.109808870460439,0.0582676263145459,0.0604215622284978,-26.9785846827498
3,"E4","GADSMETIDVI",951,0.0680913945583299,0.0639937703957996,0.0448700908823947,0.0473351126062795,-26.989197468262
3,"B16","APIESVDTI",873,0.0697162761709244,0.0796817783153694,0.0465406802542682,0.0451867919844154,-26.9973428160879
5,"P16","DFHKEDGIDSSDSVDM",2412,0.0595262062637032,0.059437526244862,0.036527324822931,0.0976885740866893,-27.0294735156797
5,"M17","YDRRHAESTWSMSAD",2323,0.107072933335833,0.100367116001218,0.0956319787378596,0.105651169597368,-27.0350400053419
5,"M30","WTGPCCTSQTCNQ",2336,0.0730988518986586,0.0906663480360846,0.0501716991784662,0.11488447441433,-27.0428158229211
4,"S16","CCTCSQHVFG",1932,0.105771804735759,0.0990915824302105,0.167263853041944,0.131251311128046,-27.0449140540228
4,"S5","ELGMDSIEIMDD",1921,0.0456461979692298,0.0389834507601353,0.107196644383812,0.0676525591078153,-27.0517120426453
4,"T7","CFNDECPMESKDHT",1953,0.0325555376845985,0.0259270012485647,0.109017161112816,0.04382758814454,-27.0651556778248
3,"B18","EAGIDSMDSL",875,0.06062686357433,0.0759134037563697,0.0378810935941265,0.0299276669143608,-27.0773712516866
5,"P15","DGADSTDLCSNWC",2411,0.0716502386113133,0.0650597636137513,0.0799732131280971,0.0756712691394536,-27.080327998349
4,"Q6","EDGMCSVQSM",1862,0.0568185370860699,0.0502372278218131,0.124194468527468,0.08296136389055,-27.0840163599506
1,"J2","GGVESTDTIVISSD",242,0.00903175868425552,0.00256856018164932,0.0244622776104676,0.0235269627416895,-27.1328037846049
3,"E22","PIESMESVDMVSS",969,0.0454177093103535,0.0389833524970278,0.0445579785403176,0.0359159374456242,-27.1450878170711
3,"S8","SACPIDSSDTVIRPV",1375,0.101323114875342,0.101341312198698,0.0790379647369547,0.104048533731064,-27.1708987128965
