"TS","spot","seq","unique_seq_idx","sfp_1","sfp_2","AcpS_1","AcpS_2"
5,"P10","GCTCSQTCQQCNC",2406,0.12734931438541,0.0907548384734049,0.0586621791601931,0.110630559388926
3,"H23","NEASCVGMLGADSNDTVELC",1060,0.127335617842486,0.109098253429054,0.114123027909572,0.121759568572705
4,"A27","NEASCVGMLGADSNDTVELC",1060,0.127335617842486,0.109098253429054,0.114123027909572,0.121759568572705
3,"H22","LCSLDTLE",1059,0.127216270834366,0.0873039946713154,0.0940763424706192,0.100598861358884
3,"J5","NSQSFHEDRGADSLDTVELV",1102,0.127195085671615,0.183048807553875,0.0985202087055459,0.139649737005599
4,"R12","GCITSSRTANPCCAM",1898,0.127107447444244,0.130395433585834,0.174103460121615,0.143300477782107
3,"H30","DPVPCDSLET",1067,0.12708753022996,0.0683371372673458,0.0408216675238671,0.0383661283807302
4,"B20","CEGLDSYAVCSTST",1426,0.12700308875306,0.121324775673163,0.137850221637577,0.1198938392301
4,"N10","WGEVDHQASHDWSRT",1776,0.12692479771807,0.12350541890383,0.114435013436098,0.056823767050682
5,"M19","WGPPCSTSNSENNRN",2325,0.126668828747298,0.113272167686622,0.0661734252921878,0.131421579431759
