"TS","spot","seq","unique_seq_idx","sfp_1","sfp_2","AcpS_1","AcpS_2"
3,"D15","ADSVDTMEVL",932,0.040103635308293,0.0545824220582233,0.0341634335900616,0.0256934381077991
1,"E18","ELDSTDSCTKGRE",108,0.0400679834511823,0.0591183091547053,0.0898045789888988,0.0986404815673875
4,"B21","SWFQCDGVDSTLTHCDN",1427,0.0398816352275957,0.036625560904852,0.114304412963165,0.092970704639526
1,"I20","FVDSSETMMVGRM",230,0.039877955364526,0.0492927861043317,0.0662544865805643,0.0631799712803192
3,"F9","DMPVDSLETMDVL",986,0.0397366023636452,0.0615335227666986,0.0608743456435204,0.0540432906596375
4,"D4","KFPVDSSESMSDSG",1470,0.0396761763022519,0.0367490655372876,0.045525853096214,0.0912139481321416
4,"B2","ACENYAESMEQLRPIVW",1408,0.0396754717710034,0.0325130896723531,0.0925471631616869,0.0409530534980969
4,"L20","CSIMPVDSADYAD",1726,0.0392788793890352,0.0394424860201715,0.117433987961458,0.0586269804860816
3,"H5","EEMGIDSLETMEVMIS",1042,0.039210130698953,0.0782497105399851,0.0589832720197588,0.0956086955675925
3,"D7","DNSMESMDSDEH",924,0.0390854845346561,0.0285787296985683,0.0382271061109758,0.0253692752036741
