"TS","spot","seq","unique_seq_idx","sfp_1","sfp_2","AcpS_1","AcpS_2"
1,"B20","DSLEFIAAKLA",20,0.400918809863995,0.510778296196539,0.138033350668917,0.115543142503072
4,"L5","PLETCSKHAWPR",1711,0.399839683914404,0.348912733194803,0.270620471786219,0.287049387174633
5,"F5","GRWYEFVDSLEYHKYT",2101,0.398952569279081,0.462337415911362,0.385680723936376,0.349200710733293
5,"D12","HDYLVSLCYIKT",2048,0.398607847875494,0.32353435316657,0.506130355154709,0.383802063149216
4,"N18","GPVDSLVYIEVL",1784,0.395200991463342,0.39035177063503,0.177496644758785,0.136589847883367
4,"R20","RVDDIGIDSIEILIQKGM",1906,0.392977432132138,0.399099073612638,0.189852348490782,0.152405253240599
5,"J7","RYCFNAKSWCPCC",2223,0.392518844989753,0.334334564245131,0.410177065309906,0.510939273271066
3,"K29","EVESSDSCMFPKT",1156,0.392307230845532,0.30975467960625,0.167483650764385,0.177654326601618
3,"P18","CYEADSHVSMAKSIQ",1295,0.391505861323807,0.290905451919715,0.222146247891135,0.226201198320431
3,"R6","LVSTDSHAHKAG",1343,0.389956350001766,0.384139698063755,0.24697683912496,0.284798943696493
