"TS","spot","seq","unique_seq_idx","sfp_1","sfp_2","AcpS_1","AcpS_2","measure"
5,"L25","CWSKGCTSSQTPNNCQCC",2301,0.157354016271877,0.154045065061644,0.105706635102332,0.148495605483885,-23.8684694099498
5,"J17","ADPKISMDFHHTQCF",2233,0.123594186862548,0.101069031448935,0.127274153611959,0.166487288264516,-23.8745757673789
5,"G22","SRDPHDSVLYMLY",2148,0.237975190913486,0.219108300664577,0.226300392924393,0.195456540721821,-23.8812362047543
5,"I10","HCIDCMASAIYCV",2196,0.15772860450607,0.137393767240298,0.17641529284215,0.169984931414294,-23.8831094362976
3,"O18","CIDSTEYC",1265,0.108587016488549,0.0752167280402942,0.109737380148156,0.109279371277639,-23.8892222117911
5,"K5","FCAMSILYCAT",2251,0.16454129480997,0.144542955260129,0.320029243713587,0.230866702939453,-23.8911038867654
3,"R21","ADSSCYVLTSCV",1358,0.162748759131621,0.185677659396204,0.112215272896735,0.130986849823061,-23.8912534814007
1,"H3","NEASFGDDLGADSLDTVELV",183,0.141962670886667,0.121206228345993,0.162271083774957,0.194973813600107,-23.8960359671452
5,"H30","DDKHFCLISACFCI",2186,0.164482713196226,0.144747017650387,0.175584953328522,0.230985434652776,-23.90786749041
4,"K26","GCCSCSQRVWGCC",1702,0.223164969837403,0.230672340074465,0.17551825432419,0.181749942978454,-23.9081479218999
3,"H10","NNYGFNEDLGAMSLDTVELV",1047,0.130841031810583,0.140166197411507,0.0779308813532329,0.0706787786975376,-23.9102083141799
5,"D24","SMIYRADSYDAIIT",2060,0.189855493033187,0.170872860698265,0.215270608948888,0.17205008044245,-23.9198758925063
3,"N10","EMESIESLCRGAT",1227,0.170542373100458,0.167840906563969,0.121962401420235,0.12421102705012,-23.938963113666
5,"D25","ECVVSFAWCKTN",2061,0.278089454945163,0.26042856468191,0.324952900398908,0.289004674846946,-23.9394572051654
1,"J1","NRYGLDSSDSIKLTSDFGDY",241,0.132875930630537,0.154458766133255,0.08215697378999,0.0779171229269373,-23.9655464669802
3,"B10","APAESLESVSLVM",867,0.122998325301142,0.121240143877741,0.0706606841859215,0.0666300317461595,-23.9696897590106
5,"I25","DPMLSIEFMFEI",2211,0.117411378511732,0.115811097514819,0.063519476794887,0.118453225175866,-23.9744303437115
5,"Q29","YTRCCTCSQSEQ",2455,0.125579971082997,0.122795501908961,0.0740478704655764,0.149682036985957,-23.9767981341723
1,"I17","TSTSFNRYGLDSSDSISLTS",227,0.13217214548508,0.16561872365246,0.0820130546391027,0.0822910862728847,-23.985513645097
4,"N22","CLPPCCSTSNKAY",1788,0.446715347623204,0.451318346885886,0.404368006449717,0.413762052043719,-23.9939465268489
