"TS","spot","seq","unique_seq_idx","sfp_1","sfp_2","AcpS_1","AcpS_2"
3,"J14","NEAQFVDDDGQDSLDTVELV",1111,0.115832321778781,0.0996704073507274,0.100400292874746,0.0905566968101516
4,"H3","QRYCAESKIIC",1589,0.115731498796587,0.113193510306729,0.116458277631796,0.117504534971268
5,"S14","DSPMDSLDVISADNV",2500,0.115730109238241,0.108194398603858,0.0364918100817593,0.0967752312390108
5,"C16","DEGRCCNLLSHCWC",2022,0.11570761551143,0.0914458850854224,0.158827420007302,0.130282714893759
5,"Q21","CCSHGCCCSQTCQQ",2447,0.115577664557049,0.100974895255293,0.0798115967306005,0.125058690920009
4,"O15","DSVSEHRASVCYT",1811,0.115490578465069,0.109920695804087,0.180198250010964,0.151517216836082
5,"B6","CEDHLCCMCSAVWCITG",1982,0.115466347970462,0.0891867975852773,0.163442317370917,0.135782170159172
4,"E30","YIDDVHIVSLEFMHT",1526,0.114924340829556,0.127012222253726,0.0836996733826214,0.119578812356128
3,"N7","MESSDTKI",1224,0.114750737738986,0.121629564752031,0.0971572944800989,0.106960720263355
5,"O20","YENCADSRTIAEMATE",2386,0.114539583384896,0.111860094590782,0.0439552086138329,0.0972205323014683
