"TS","spot","seq","unique_seq_idx","sfp_1","sfp_2","AcpS_1","AcpS_2","measure"
5,"J28","CMCCVWSALWCASGD",2244,0.175331198587359,0.110143724286567,0.221350002882532,0.158959994754778,-22.5273758781085
5,"J18","DWHCCVLSFLQCR",2234,0.335696782145118,0.27805558203697,0.373498364984022,0.372903657471006,-22.5369115060526
1,"J9","NASFVEDLGADSLDTVYLTM",249,0.282247615376485,0.345759996632679,0.152507459915844,0.17880009217774,-22.5499239798299
5,"B18","WGFMSADYC",1994,0.189932392201671,0.12768711198916,0.283975383905838,0.184535280045859,-22.5569893052448
5,"F24","CYQVHSYCWC",2120,0.234474233863233,0.174840468787954,0.330348343663015,0.22375585605751,-22.5593307095992
5,"H10","QYNICSRCYCCTQ",2166,0.362994460493847,0.307452461571039,0.443531877764099,0.429622019761859,-22.5655643314802
4,"I21","IWCDDNPIMSMDSIKVMV",1637,0.354073157879024,0.298900580914223,0.33728833379784,0.291685910845616,-22.5763395269597
4,"O16","SEEAPIESIEFTMM",1812,0.285440776618886,0.297043467389325,0.159093111168078,0.11510948472397,-22.5788189010033
4,"K21","DDIQIDSKKWVETL",1697,0.236035933794377,0.243728847842938,0.107244211329226,0.0563578529647198,-22.5893286012836
5,"H26","CGKWNFNLLSVFWC",2182,0.273592984876697,0.217406240994032,0.263351681805433,0.224938430778711,-22.5963769550197
5,"Q3","SPCCTCSQTSNCK",2429,0.282036283166686,0.290764058752263,0.158664246799234,0.210052627917637,-22.6085019246817
5,"D17","VDGRISALFTR",2053,0.361193983108613,0.308482102606306,0.365246952725744,0.394083983831803,-22.6228621459
5,"J8","YQKLKEWHISMWWSKWNCS",2224,0.259307855485209,0.282807829490533,0.136855446976127,0.293932326637343,-22.6312677731798
4,"A13","GDSLSWLVRCLN",1401,0.3160190179991,0.366028785800223,0.199331769312203,0.192671844499736,-22.6558991955311
5,"T15","CCFGPCCSCSNSNNNR",2531,0.258985743013179,0.206110652537255,0.281384510561865,0.302688076276269,-22.6713304591155
5,"G21","MFPLDSAEYLVSNYS",2147,0.261171263463377,0.27375804440138,0.143720762671769,0.168265692777121,-22.6789134520934
5,"D3","CSKYAFGVESLDYVKSQCT",2039,0.416449002186202,0.531621926152727,0.305876449080497,0.304870471442895,-22.680122212594
3,"F2","DMHMCSLETAEYMCS",979,0.188660942801901,0.194148237003565,0.065204471763265,0.108358506615559,-22.684911814248
4,"A8","GDSLWQLEMAIM",1400,0.266223864862922,0.308435284180511,0.150118472743856,0.170919390448259,-22.6892194195886
4,"D2","QLEGLDSVEYMSLT",1468,0.172580506859155,0.22893809035608,0.0475596245039372,0.0944388169178481,-22.6926200423106
