"TS","spot","seq","unique_seq_idx","sfp_1","sfp_2","AcpS_1","AcpS_2","measure"
4,"O19","LDQLESKDTAI",1815,0.0621705380707697,0.062444233443976,0.165094986198742,0.122976329756948,-38.6834295623
4,"O20","KGLVSVDAMDS",1816,0.0695023305746923,0.0722245186810336,0.151883115381478,0.107104124692463,-38.6834295623
4,"O22","VWHDSAEMV",1818,0.0578190301698774,0.0579311003673375,0.129985061352428,0.0800693223175497,-38.6834295623
4,"O24","TCIPPVVSTSNSLQPCGL",1820,0.0692195199893569,0.0740474645328545,0.151152276197044,0.114590903152248,-38.6834295623
4,"O28","CFAWDMPIDSADQMI",1824,0.0366432866993336,0.0335079719178342,0.0291159966059723,0.0664526255592141,-38.6834295623
4,"O30","TSEDREMSMDMLMN",1826,0.0335024570380514,0.0303606427822983,0.0562160309596215,0.0974087105217959,-38.6834295623
4,"P1","EVLWAESVDSVDIE",1827,0.0554005505265887,0.0685528191697651,0.06488798960639,0.0866339796582634,-38.6834295623
4,"P8","DNGMMSHDVMKEQIT",1834,0.0595556409864929,0.0598923189762744,0.126271956765006,0.074894216144783,-38.6834295623
4,"P25","CQQRDISIMWSDT",1851,0.0302652827285368,0.0274598277279659,0.0962754595845456,0.0606768068561972,-38.6834295623
4,"P29","TFEDEEGHASACSIE",1855,0.0470267269506657,0.0439904858527123,0.0308692595915805,0.0654304508878077,-38.6834295623
4,"Q1","AGTLSMEVIDS",1857,0.0327558300474534,0.0502938826590979,0.0859528065489774,0.108867067306578,-38.6834295623
4,"Q14","DEDGMDSVEFMDTQV",1870,0.0677361294456399,0.068567296009935,0.161759780888578,0.113138928543657,-38.6834295623
4,"Q15","EVEIPAMSIEMIK",1871,0.0893492400441588,0.0996760156720004,0.18228789551007,0.15007311545424,-38.6834295623
4,"Q21","DEGLVSADTVHLMMC",1877,0.0623208674259185,0.0610691957838918,0.631505746828182,0.147192272445993,-38.6834295623
4,"R5","PCMTTSNSAQNC",1891,0.0670397590174349,0.0647332053840841,0.121623729273435,0.0996635831015615,-38.6834295623
4,"R16","SADNWAESMETVD",1902,0.0139508929390498,0.0155414850556703,0.112953913794462,0.0682191869235113,-38.6834295623
4,"R17","NDEDVPMESVESIEVML",1903,0.0477531867342754,0.0544151798122637,0.16036270101097,0.116471724108447,-38.6834295623
4,"R26","LYEISAENPDDKV",1912,0.0928108662672581,0.093249667673749,0.0795140856436293,0.104518796648422,-38.6834295623
4,"R30","SWSCEVGMDSHASA",1916,0.00366329829298241,0.00130661492857689,0.00423668237652945,0.0268077747030083,-38.6834295623
4,"S12","KEIIGMESHDQAETNLC",1928,0.0593744590337536,0.0622100989544671,0.170409587146095,0.125661026724912,-38.6834295623
