"TS","spot","seq","unique_seq_idx","sfp_1","sfp_2","AcpS_1","AcpS_2"
3,"Q20","TDWCLESKESV",1327,0.0666423294262136,0.0391994600856212,0.0511370233224085,0.0467930345132933
3,"K13","CVESSEM",1140,0.0664918129189429,0.0596539474653895,0.0486294901068815,0.0422194572533125
5,"M9","SCEDFEIESTDTCEM",2315,0.066422592816147,0.0475427328377289,0.0284890739871792,0.0774173338302391
4,"B25","NHYPAESSESITS",1431,0.0664201531398477,0.0711352602541631,0.0510545242640138,0.0948346788465665
4,"I7","CHGADVGKMSIDAWF",1623,0.0663166751127242,0.06182371005134,0.0981099163872649,0.0536847457777444
3,"O3","DCLDSTET",1250,0.0662764575914473,0.0601514828178998,0.0354298683914081,0.0473442477964273
5,"J30","EPKESKEIS",2246,0.0662389276485744,0.0599356208320027,0.0299818120739903,0.0967284641998601
3,"D4","DRTPMESIESG",921,0.0661469429137876,0.0664461776619763,0.0488894062374531,0.046160269206172
3,"E13","APVESVETAEVLIF",960,0.0660967707446974,0.0714279879565467,0.0641444700942458,0.0593233453487344
3,"M2","LDSSLIHIVGAP",1189,0.0660767059511311,0.0654855268784007,0.0308292360341387,0.0535436332537368
