"TS","spot","seq","unique_seq_idx","sfp_1","sfp_2","AcpS_1","AcpS_2"
1,"B14","DALEFIASKLAXXXXXX",14,0.0133916606684657,0.0165184078829137,0.0571784473904195,0.0496106889320122
3,"C6","GLDSVWSM",893,0.0133009210995977,0.0293914816236355,0.0382518065000986,0.0384070833470084
1,"I6","WPMDSSTSVEVSQL",216,0.0132536495641493,0.0156969976794062,0.0231761005842339,0.0233858730700347
1,"G12","CPVDSSETQLAPVA",162,0.0131914562602846,0.0169032157610028,0.0502948874111837,0.0348153191884763
1,"F10","PIESSETMVLGMI",130,0.0129216996380453,0.015043456506926,0.0318504137251202,0.031182163283134
1,"D7","NEASFVDHLGADSQDTVELV",67,0.0128865030218622,0.0129923117439488,0.0319188808425811,0.0346368720549814
1,"C4","MDSSTSYLMGSE",34,0.0126760381903255,0.0120884748305956,0.0432053844684345,0.0395244393263471
4,"K24","WQEDDGVDSRDWA",1700,0.0126290748949889,0.0179209882216298,0.0787598423082225,0.0178842790678342
1,"J8","EMESTDSLCGGTA",248,0.012627322204844,0.0230952445844867,0.0791859192400995,0.089835866150648
1,"F8","GLDSTDTMLMTSI",128,0.0124720491997592,0.0149005588539778,0.033350265680669,0.0353102851662298
