"TS","spot","seq","unique_seq_idx","sfp_1","sfp_2","AcpS_1","AcpS_2"
5,"D24","SMIYRADSYDAIIT",2060,0.189855493033187,0.170872860698265,0.215270608948888,0.17205008044245
4,"T15","YRDELKVVSAEWGRTQA",1961,0.18970457918598,0.180539159079789,0.153663689531916,0.112210181199591
4,"P23","WDEACFIDSAIYHHIAM",1849,0.189629311764266,0.183636212508819,0.186422597238478,0.162833879990419
4,"Q9","MNPRVSMEFVLYN",1865,0.189625436842399,0.180507583838855,0.176335654728268,0.123069341417037
5,"C8","DQGFKCCLASFVNC",2014,0.189355331624991,0.181203598457027,0.151331790631357,0.176385359259852
5,"I14","YESTIERWLSMDFRI",2200,0.189138113074915,0.157836326292108,0.221709504498818,0.198962383102043
3,"P30","MESHLLCAHS",1307,0.188998173926257,0.0651851171831932,0.0536965013083542,0.066919750211313
3,"F2","DMHMCSLETAEYMCS",979,0.188660942801901,0.194148237003565,0.065204471763265,0.108358506615559
5,"F9","PFCCCAMSAIYCCSNC",2105,0.188522660516367,0.151471505915259,0.255098712736584,0.207149214709419
5,"G25","GPWAWCLCSVCWCMTDCC",2151,0.188372577532484,0.145937275924326,0.21867695913056,0.184257477548179
