"TS","spot","seq","unique_seq_idx","sfp_1","sfp_2","AcpS_1","AcpS_2"
4,"H26","RCMESHVSICFWH",1612,0.0872600700486065,0.0760254028726919,0.0581232037387025,0.0846123453081485
1,"J25","NEASFHDDLHADSLETVEEV",265,0.0868170583907525,0.0955634270482835,0.0603914340296681,0.0741853123270631
5,"J5","PFADCIASHAEYVTGC",2221,0.0866391249997655,0.0817798068208962,0.0731322225976406,0.134522488389304
4,"E11","YPIDSSAVHCSSCC",1507,0.0864446338394049,0.0957165561928469,0.142852773560653,0.117228165151607
4,"C24","SKCERVDFPSAVTM",1460,0.0864032132730869,0.0948278762798801,0.0859935646692698,0.116625496540177
4,"C21","QKYPMESTDFHALTC",1457,0.0864004245035616,0.0871086037250435,0.175362504820309,0.154875294750119
4,"B30","TSFNREPCESEISQSS",1436,0.0863477901482049,0.0851871745802357,0.132961352438109,0.0952429374397604
3,"R2","VESIDAMARPMI",1339,0.0863425752304502,0.119566189983034,0.0597739211221224,0.0558273285310932
4,"J21","FPNCMLSNISMDKKETQI",1667,0.0863338463005783,0.0877717711700111,0.157702403895597,0.111008438275899
3,"N14","NEAHFVDDLGADSTDYHELT",1231,0.0862860475125349,0.0726064454785754,0.0637589073734958,0.0562583867945595
