"TS","spot","seq","unique_seq_idx","sfp_1","sfp_2","AcpS_1","AcpS_2"
4,"P3","TWCEEMHLMSVYLM",1829,0.0899281005312077,0.0762167767960651,0.0640257533733821,0.0730759897863301
3,"R9","VDPLESTESCA",1346,0.0897900938017731,0.0944025087669105,0.0811858305948326,0.0948887198724372
4,"C15","NKECMDSYVVC",1451,0.0897626237542163,0.0681772369219761,0.144774720921264,0.100081866610801
3,"S14","ESSESC",1381,0.0896659976368938,0.079543807346756,0.0837133016094839,0.08136759881453
4,"H30","PFSDDEGHESRLTSH",1616,0.0894762905126383,0.0794680362449336,0.0622914944066352,0.114557503066106
4,"D5","TTYNKDPMESKALCTSQ",1471,0.0894451150048922,0.0888346392202338,0.0836769330446825,0.104872700635838
3,"Q14","CIESRDAQEHG",1321,0.0894335515867563,0.0787458622990382,0.0701350539891279,0.0631773729951899
4,"Q15","EVEIPAMSIEMIK",1871,0.0893492400441588,0.0996760156720004,0.18228789551007,0.15007311545424
4,"L25","MVPMDSHPWLEAMFC",1731,0.0893455118996355,0.0898710586369067,0.125871999928931,0.0845984082297439
5,"T11","STNDDGIDSYASVEAPC",2527,0.0891626849782374,0.0679060399625629,0.0585011222414959,0.108810701624148
