"TS","spot","seq","unique_seq_idx","sfp_1","sfp_2","AcpS_1","AcpS_2"
3,"A25","DDDHKASLDFSK",469,0.506791162102454,0.412116506132115,0.314007227522945,0.348020634573562
4,"A21","DDDHKASLDFSK",469,0.506791162102454,0.412116506132115,0.314007227522945,0.348020634573562
4,"C13","DPSASHDYALMRGR",1449,0.504768282167583,0.458686942018578,0.286021047973361,0.278484416768662
5,"E11","CKWCICSIVWCKTGR",2077,0.499749292015637,0.477814788903529,0.48228364164264,0.539656920771865
5,"B22","HTKFHRASMLQCK",1998,0.499574641619501,0.486499833981333,0.537835799783457,0.584381637323468
5,"K9","HWQICSVFYYRS",2255,0.498991676799548,0.363507515572579,0.447666936919252,0.562394272423288
5,"G18","EHCWCMISKCYC",2144,0.497089329616964,0.450462065643647,0.616341621646867,0.67042176184321
4,"S28","DEVHIASHRTLWARW",1944,0.495752190292246,0.38692809988442,0.209226585364265,0.337822506116567
5,"E21","EHHCYQLCSFCPCCSFK",2087,0.493834997128406,0.465286795243268,0.479249271886993,0.471311421199467
4,"H22","CSDQHKSWWHTR",1608,0.493673588265421,0.398720578519745,0.396434245829017,0.367291675970488
