"TS","spot","seq","unique_seq_idx","sfp_1","sfp_2","AcpS_1","AcpS_2"
1,"E11","NSASFCEDLGADSLDTVELV",101,0.262920678255023,0.277036912467929,0.191495001010753,0.239119342407795
3,"Q24","CCDDAVSMEFKVSRG",1331,0.262442285038318,0.223526950729682,0.114244624327628,0.118532568993682
1,"G9","NNASFVEDLGADSLDTVTLV",159,0.262166320887111,0.285441652536008,0.121293656127318,0.126554010655019
3,"A17","NNASFVEDLGADSLDTVTLV",159,0.262166320887111,0.285441652536008,0.121293656127318,0.126554010655019
4,"M8","CEICSRTLYNC",1744,0.261995062821143,0.248137788450185,0.266614777379462,0.254119371791704
5,"G21","MFPLDSAEYLVSNYS",2147,0.261171263463377,0.27375804440138,0.143720762671769,0.168265692777121
1,"D1","NEASFSDRLGADSLDTVELV",61,0.260333684914652,0.282550931342743,0.197523992006449,0.23812394549608
5,"G3","RCCLVSIIFCLYFDC",2129,0.259934425301822,0.199191793260624,0.482655573418335,0.307546705973454
5,"J8","YQKLKEWHISMWWSKWNCS",2224,0.259307855485209,0.282807829490533,0.136855446976127,0.293932326637343
5,"T15","CCFGPCCSCSNSNNNR",2531,0.258985743013179,0.206110652537255,0.281384510561865,0.302688076276269
