"TS","spot","seq","unique_seq_idx","sfp_1","sfp_2","AcpS_1","AcpS_2"
4,"M14","VMTCSQSLWNKCM",1750,0.316993854403275,0.305741426770861,0.225372509792157,0.20353305860242
4,"O9","AQVIDTCSRTLFN",1805,0.316729332274932,0.286636396142657,0.276954974045217,0.252738231772829
5,"I3","CCCEPKESKLYIRSS",2189,0.316552863756503,0.30784147531545,0.477908979610403,0.446977905073767
5,"I23","FHFNIISHCCCASNRC",2209,0.31649514617836,0.289274333863593,0.287021381090444,0.343542441802248
4,"J18","CPMESLEAMMTL",1664,0.316351321904643,0.332417058339763,0.163146069062861,0.105818588141241
4,"A13","GDSLSWLVRCLN",1401,0.3160190179991,0.366028785800223,0.199331769312203,0.192671844499736
4,"N16","GCDSSSRRINQCC",1782,0.314744990658062,0.299785008073337,0.265466342898333,0.237964537447784
5,"B1","FKCCVMSKAFC",1977,0.31444317683088,0.37393314430524,0.473145066284859,0.178035232978848
4,"R11","SCIGPCVSSSQKLNQCCAL",1897,0.313455992027994,0.315667936832171,0.293876288995172,0.275291285400094
4,"O21","IQVIDMCSHSLFNRCV",1817,0.313236912165179,0.299814893864111,0.272506118056909,0.257447741722825
