"TS","spot","seq","unique_seq_idx","sfp_1","sfp_2","AcpS_1","AcpS_2","measure"
4,"D13","SDPRMSGEWSH",1479,0.0480215544290166,0.0447925668807189,0.0791964605898661,0.0228380546551309,-38.6834295623
4,"D16","YPMESHMVCTS",1482,0.0611777948306957,0.0614042020993734,0.141265293138785,0.0981693326884772,-38.6834295623
4,"D18","WINEFWADSYDTADIA",1484,0.0808817725231228,0.0814209532453223,0.118981279245635,0.0644756387620233,-38.6834295623
4,"D19","REPIESTAMNST",1485,0.0361313860363609,0.0405072765481633,0.136797072775969,0.0943468322003782,-38.6834295623
4,"D21","HDGAESTILNSDTTS",1487,0.074448903181349,0.0767743827344414,0.139412003011984,0.0895369997368841,-38.6834295623
4,"D23","WMQKDPLESADSCMSTCD",1489,0.0678303017891893,0.0661360315864665,0.0983837677129524,0.0723873514070576,-38.6834295623
4,"D24","VLPAESLDSKDM",1490,0.0559898615604903,0.0518987729263873,0.0794529389801473,0.0849666894138301,-38.6834295623
4,"D25","MEGVASHESID",1491,0.0591868482333717,0.0583825622301017,0.0651680618085111,0.111372147120227,-38.6834295623
4,"E11","YPIDSSAVHCSSCC",1507,0.0864446338394049,0.0957165561928469,0.142852773560653,0.117228165151607,-38.6834295623
4,"E12","TYLSKEGIDSSDSLV",1508,0.0686437418265201,0.0695803835373199,0.140884795507651,0.102809964129937,-38.6834295623
4,"E16","TPALHEGRDSIVSM",1512,0.0674742199540099,0.0719062320964524,0.147923015447119,0.10564858023572,-38.6834295623
4,"E17","YVQHEDMDSMESA",1513,0.0600516309854369,0.0590747124838601,0.123126317491288,0.0665948571119847,-38.6834295623
4,"E18","WQREGLESSDSAMSN",1514,0.0690699245209253,0.0786592848016374,0.104141150920122,0.053269249684186,-38.6834295623
4,"E20","CQPCMERHVSVCWSHENLS",1516,0.0775941068074657,0.0808832420390105,0.102917383142668,0.0390489062738308,-38.6834295623
4,"E24","DGAESFIAQTST",1520,0.0834289758966063,0.0860475707672367,0.121792413648438,0.121042890217018,-38.6834295623
4,"F7","VQGMASVDFSE",1533,0.054222427501753,0.0505886625836849,0.123933817598115,0.0823434133949046,-38.6834295623
4,"F13","NKDCADSKVAC",1539,0.0843411383751331,0.0845795550914131,0.166819041410851,0.115424927265193,-38.6834295623
4,"F15","DPAESHAMCS",1541,0.0493571695433607,0.0509456900081575,0.12082984681685,0.0825237885306771,-38.6834295623
4,"F17","VDVDPLDSMCSV",1543,0.0921924052529497,0.0967305175737632,0.145903677231365,0.0947189032917498,-38.6834295623
4,"F18","FPAESTLTCS",1544,0.0999535508418958,0.103064936180513,0.131536316548723,0.0785506208897206,-38.6834295623
