"TS","spot","seq","unique_seq_idx","sfp_1","sfp_2","AcpS_1","AcpS_2","measure"
4,"J22","FVNDDGALSIDSYDDNL",1668,0.0757403676707871,0.0786653143910039,0.154845352596923,0.100889214666659,-38.6834295623
4,"J24","MDGIVSIDSAIVQM",1670,0.105711890224168,0.111044675344604,0.172309780405275,0.136865044054319,-38.6834295623
4,"J25","FPMDSWALCST",1671,0.0365214027933431,0.0343084508810333,0.0876817360453649,0.06398204612737,-38.6834295623
4,"J26","EPIESKDSLMS",1672,0.0836936741577615,0.0844258442552426,0.0871202640150546,0.0954387656168515,-38.6834295623
4,"J27","ERHLSVCFHHTD",1673,0.0987541451022617,0.103406583782833,0.0917008205093234,0.120926038817552,-38.6834295623
4,"K1","SSMQKYCLDSTETCSLSPD",1677,0.0311968198163974,0.034254592375049,0.155122105733874,0.0985811611298239,-38.6834295623
4,"K3","WLAMLYQESKEKWD",1679,0.0804526542818488,0.0767649742447535,0.0927035006142557,0.0296567580390431,-38.6834295623
4,"K5","SYMQHEGLESTVTR",1681,0.0741037415805213,0.0714360406396656,0.147300112262026,0.11464193242002,-38.6834295623
4,"K9","APCASIKMWD",1685,0.0273666356839265,0.0295924090144073,0.0873836460608903,0.0288123422448314,-38.6834295623
4,"K11","LDDGKASAEWTSSNA",1687,0,0.00217030263054611,0.0920901563368539,0.0316561908677697,-38.6834295623
4,"K14","TGDDAPMDSAESAET",1690,0.0493404075707401,0.0493936678795168,0.11823429992143,0.0691312342245071,-38.6834295623
4,"K15","VGGCATCSQTMWN",1691,0.0410064487212949,0.0376956236824831,0.0705160999666948,0.0155525569487257,-38.6834295623
4,"K19","EKNMSVCFSESHVS",1695,0.0582042619854636,0.0660667350014277,0.133390839471158,0.0794338893463618,-38.6834295623
4,"K24","WQEDDGVDSRDWA",1700,0.0126290748949889,0.0179209882216298,0.0787598423082225,0.0178842790678342,-38.6834295623
4,"K27","APVIESTSKTVNG",1703,0.0721587069362246,0.0722350340518613,0.101739001210659,0.123050318527566,-38.6834295623
4,"K28","DADFMASMCSLHVVLT",1704,0.0942902938227023,0.105730946790962,0.0772554902443071,0.135356245287462,-38.6834295623
4,"L1","VDGIISVDTAKM",1707,0.0856071516732191,0.0822535608900253,0.195819610413241,0.157750098357724,-38.6834295623
4,"L14","QFTEAMPVDSADTVEAIC",1720,0.100817658418181,0.0995759594426569,0.156568440538611,0.108801807548224,-38.6834295623
4,"L17","AMMLSSQTMQPHGI",1723,0.0728370824621242,0.0713236630755296,0.140074981538248,0.0937558756250111,-38.6834295623
4,"L19","TLAEKHMSICWTES",1725,0.0320202113576132,0.0379017657305367,0.0680151559116739,0,-38.6834295623
