"TS","spot","seq","unique_seq_idx","sfp_1","sfp_2","AcpS_1","AcpS_2"
4,"K10","LLDRCLSAYWS",1686,0.194022034743195,0.178204135058577,0.18340729291248,0.13189574207266
4,"F5","MDIPKVSLLAHWT",1531,0.193979997712035,0.166596592958944,0.168999572397366,0.125794847128611
3,"R27","MNICSSSSWPYTMC",1364,0.193752654076479,0.112066288143422,0.0909808956220135,0.0893832850443209
5,"E16","MEWAESLDWAK",2082,0.193700509059733,0.225438340767187,0.0866043504584929,0.0950994456663139
3,"I10","NENSFDDDLGADSLDIVERV",1077,0.192932217908279,0.190524193088368,0.198988553370923,0.248371026564228
3,"S24","PLVSSSTLIVGIM",1391,0.192608308992037,0.1654451780824,0.107750108122685,0.110842562518619
5,"I8","CWNMCSWCWC",2194,0.192028628973105,0.117166803621073,0.217912905692064,0.222054387181089
3,"P26","DRLWAIESKLA",1303,0.191184279018594,0.158161286737104,0.119697937782459,0.137911852296308
5,"S6","WFKELGMDSFDTVE",2492,0.190905814709687,0.205068844444246,0.109336971405039,0.141882140490528
5,"B18","WGFMSADYC",1994,0.189932392201671,0.12768711198916,0.283975383905838,0.184535280045859
