"TS","spot","seq","unique_seq_idx","sfp_1","sfp_2","AcpS_1","AcpS_2"
4,"H5","MRRESAESKDSL",1591,0.0522433992247162,0.0459977856712042,0.181641076089664,0.140555044493516
5,"N10","IEYPDSTESEDIICD",2346,0.0521451533415068,0.0326377550011934,0.0173863874916109,0.0690696601761806
3,"H14","DSIDSWETCPF",1051,0.0516614045501733,0.0498008687114116,0.0697159016973013,0.0727463483288788
4,"P12","MEWIASVCSMDLM",1838,0.0516066203979468,0.0432096394655182,0.144724365961108,0.0958830405547646
4,"J9","TYWNKEPADSHIICTSSTT",1655,0.0515140626051751,0.0581087256618169,0.144957402268243,0.111772581388703
3,"C15","DHDMDSCDTVE",902,0.0514926973214257,0.0679926224964926,0.0490687872669627,0.0473718749293183
4,"H12","CFTQDWGLVSVCTMDMLM",1598,0.0513073707501464,0.0572106955160643,0.15229236560003,0.094525446863089
3,"R4","NAGFIESSSACICRCD",1341,0.0511714976615741,0.098950623196559,0.0986840003876691,0.118370572757946
3,"I2","NEACFVNDLGADSLDTTTCV",1069,0.0510019756188746,0.0980936691015683,0.124425015425124,0.167012528853315
3,"F6","DSVDSI",983,0.0509931756281937,0.0573511624811504,0.0440899727243757,0.0437758993612727
