"TS","spot","seq","unique_seq_idx","sfp_1","sfp_2","AcpS_1","AcpS_2"
1,"E5","SASFVEDVAADSLDTVELGM",95,0.04781119696054,0.0508651628886511,0.0929723130843374,0.114751498734756
3,"K11","ADIDSSEVMM",1138,0.0477839697674622,0.0539103597415451,0.0600195051107419,0.0520723563419865
1,"H16","RACSSSTLLITCE",196,0.0477640789098434,0.0640289676877764,0.130576243178164,0.146457298624108
4,"R17","NDEDVPMESVESIEVML",1903,0.0477531867342754,0.0544151798122637,0.16036270101097,0.116471724108447
3,"A7","GDALDMLEWALM",844,0.0474717296621306,0.0546821150254825,0.0674876741632575,0.0690542116220865
4,"A5","GDALDMLEWALM",844,0.0474717296621306,0.0546821150254825,0.0674876741632575,0.0690542116220865
3,"C23","AESADS",910,0.0472630795783407,0.0563500233837734,0.0461275329672223,0.0421169590563931
4,"P29","TFEDEEGHASACSIE",1855,0.0470267269506657,0.0439904858527123,0.0308692595915805,0.0654304508878077
4,"B19","HWCVESWLMC",1425,0.0469415080250659,0.0285478918883436,0.0865960224129128,0.0686883040924051
3,"C21","QDSLDT",908,0.0469407391789564,0.0617949248358396,0.0434809084586949,0.0398057048192064
