"TS","spot","seq","unique_seq_idx","sfp_1","sfp_2","AcpS_1","AcpS_2"
3,"I22","ATSIETLD",1089,0.0953237601638792,0.067461686712453,0.0590813044623371,0.060093172594603
4,"F28","WGLMSICTMLAH",1554,0.0951616815552222,0.094051370031892,0.0408328466739723,0.12524205858726
1,"H29","STSTSFNRYGLDSSDSICLT",209,0.095153589290833,0.129516750585621,0.163639865836796,0.17015952740538
5,"R6","SREECGIESSDTCT",2462,0.0950511452010008,0.0825934901290566,0.0182755695798241,0.0665710946843989
3,"P27","ECVDSTET",1304,0.0949636327674739,0.0660529943844253,0.053211959543287,0.0548449206383713
5,"S15","QLYGIDSADTQM",2501,0.0948785108879334,0.0930689041674633,0.0567489319428096,0.118439597883456
3,"L22","NGAESQSSWVVGCT",1179,0.0947383774504623,0.0283754628282008,0.0450736250468969,0.0415433168362544
3,"J15","GVDSMESLEAAA",1112,0.0946259738657932,0.0819736159197977,0.0470578354073687,0.0450877535703319
3,"N4","PIDSVASVLI",1221,0.094560544305453,0.115562240432761,0.0508504840179321,0.078715871268421
4,"I18","AMKMASMCSYDIAMC",1634,0.0945328287049984,0.10231362604268,0.148836915300264,0.107217552949865
