"TS","spot","seq","unique_seq_idx","sfp_1","sfp_2","AcpS_1","AcpS_2"
4,"N20","EMLYRVSMDTVDFIA",1786,0.127807399239629,0.13235912811311,0.186693869176376,0.139973843873032
5,"S24","SGGCTTSNSCQNCCC",2510,0.127737583183285,0.105268538224758,0.0976086659860485,0.132106772264375
3,"K21","CGLDSSEWVLSPLV",1148,0.127719662893869,0.0865951093498189,0.0669694698679353,0.0635975576554579
3,"K15","VESSDSCATGC",1142,0.127691205516598,0.116701301951613,0.0626416510899291,0.0626514689608795
3,"P1","LEGLESTEYCITPVA",1278,0.127663970360255,0.0996570568875435,0.0623222617469846,0.0620913761365757
3,"L23","DGVESTLS",1180,0.127628502571301,0.0937772655186541,0.0929262590930466,0.117905827117177
4,"A24","DGVESTLS",1180,0.127628502571301,0.0937772655186541,0.0929262590930466,0.117905827117177
4,"E26","DLDHAFLASHEWWHILIC",1522,0.127625483400172,0.136252902935154,0.0612514321448409,0.152802557779187
3,"G13","NEASFVDHLGAFSLDCVHLC",1020,0.127544314931414,0.127369632808309,0.109832232600517,0.11198841532462
3,"M25","ECPVDSSSLVIMGMM",1212,0.127380720660214,0.0983293897342574,0.0858006176062281,0.081292335755402
