"TS","spot","seq","unique_seq_idx","sfp_1","sfp_2","AcpS_1","AcpS_2"
5,"L13","CYPKGCSTSQSCQQHC",2289,0.185452166002502,0.172598439321615,0.117452673566743,0.172793239263115
5,"B21","FQIRSWCPCCTWHC",1997,0.185432321984867,0.153209976185397,0.220292223074414,0.208251025582313
5,"B24","HCCMFSMVFCLTGC",2000,0.185411930744685,0.157495558101718,0.236985367683386,0.209291442217495
5,"L7","CCCSGECTSSQTPNCRQC",2283,0.185382668739,0.141869402825309,0.112916589738332,0.176527374502136
5,"D29","KEPMESVVYCKDQCC",2065,0.185103585239897,0.175118439260969,0.0977965292367809,0.142042268318531
5,"H6","FGECLCCLMSMAYCI",2162,0.184546887102213,0.152719701121718,0.315766550416702,0.213263697964348
4,"F29","YMQRYPICSVASMLS",1555,0.184525364489975,0.195936312660526,0.101334663208558,0.190746131480465
5,"I18","IECIMSWMYCAT",2204,0.184074979658168,0.115776588961473,0.3997595700673,0.221627684373052
3,"A4","GDSLDMLEWSLM",841,0.183946387381759,0.2492020630177,0.125591715070432,0.20225293253475
4,"A4","GDSLDMLEWSLM",841,0.183946387381759,0.2492020630177,0.125591715070432,0.20225293253475
