"TS","spot","seq","unique_seq_idx","sfp_1","sfp_2","AcpS_1","AcpS_2"
1,"C9","NNASFDEDLGADSSDTVELV",39,0.012052486191436,0.014512894080939,0.0276802134548792,0.0240483358772394
1,"I11","NNASFVEDLGADSLDTEELV",221,0.0120201490374996,0.0143477761339374,0.0410889736070665,0.0477137169873626
3,"H2","SDSAESIEN",1039,0.0118396133878536,0.031328439643066,0.0251934650941466,0.0352095452328342
1,"C1","NSASFVEDLGADSTDTVELV",31,0.0117828977728583,0.00772475296401045,0.0369899298336955,0.0378865022276335
1,"G3","NEASFVDDLFAESDDTVELV",153,0.0116386000566908,0.0145396113392651,0.049104332763946,0.0518276666892472
1,"E3","EASFVEDHGADSTDTVELVM",93,0.0116023311421652,0.00886388691975057,0.0268121228693103,0.0284495628293441
1,"F1","NSASFVEDLGADSLDTQELV",121,0.011594467620987,0.0211416839462274,0.0900965260647709,0.104876832657504
1,"D16","MDSTDTRVITLD",76,0.0115049412221175,0.0145458541837848,0.0323121091999562,0.0351515363450371
1,"J20","VVESSTTCDGTTE",260,0.0113981108715643,0.0172299334417809,0.0657806702221409,0.0763169511226165
3,"J1","EEAGMDSADTM",1098,0.0112775547238108,0.0335320913697722,0.0396584418933581,0.0337507269479459
