"TS","spot","seq","unique_seq_idx","sfp_1","sfp_2","AcpS_1","AcpS_2","measure"
4,"H24","FTRWCAESKIMCSTSP",1610,0.0834086912677432,0.0803866310771248,0.12542041740489,0.092882852143548,-38.6834295623
4,"I1","TWYQKDPLDSHVMHTT",1617,0.0609080474289262,0.0704907932747671,0.0694049338459074,0.0948483225127941,-38.6834295623
4,"I3","ANCWPVDSSATCLSTCS",1619,0.0610771349285662,0.0574361788556125,0.137902245613363,0.0989835514794791,-38.6834295623
4,"I5","LEAGHVSMDSV",1621,0.0402273252268598,0.0377027601529894,0.150989983393255,0.104661150456266,-38.6834295623
4,"I8","WNRDCLESHIVCTT",1624,0.0683512145810491,0.0685063010334444,0.138316559777061,0.132230500915531,-38.6834295623
4,"I9","AGALSADTRE",1625,0.057449797084726,0.0567671857204357,0.167669044517945,0.151744415665091,-38.6834295623
4,"I11","DPLESSLTQCMT",1627,0.10413503186815,0.104179915029657,0.139096407329496,0.100192531903536,-38.6834295623
4,"I15","HDGADSSDACASE",1631,0.0371825760145918,0.0376156952128125,0.111370055895151,0.0584081194531009,-38.6834295623
4,"I18","AMKMASMCSYDIAMC",1634,0.0945328287049984,0.10231362604268,0.148836915300264,0.107217552949865,-38.6834295623
4,"I22","TTFNHEGIESHMVCTSST",1638,0.0918578409763182,0.0930752465088847,0.136177109334313,0.0852401006607065,-38.6834295623
4,"I23","MTCDPVDSTISCC",1639,0.0933738748012158,0.0898469694078916,0.16576945817354,0.126922405673567,-38.6834295623
4,"I25","DCIESEILCTSSTC",1641,0.0935457804258498,0.0954123969070231,0.125721352302368,0.123110345768764,-38.6834295623
4,"I26","TYTIFPMDSWEPATLSTC",1642,0.0719338146906096,0.0738958509451593,0.0815245477308129,0.112422122595399,-38.6834295623
4,"I28","CPGLESADSHLDQ",1644,0.0281427942760241,0.025084519058957,0.0258808943013473,0.0714370382679861,-38.6834295623
4,"J1","KWCLDSSDMIAST",1647,0.0248450889900759,0.0349235855102257,0.10296587942633,0.103701814892754,-38.6834295623
4,"J7","WQREPAESSVTHTS",1653,0.0264824489670588,0.0232605245828985,0.113488567778196,0.0835072816967572,-38.6834295623
4,"J9","TYWNKEPADSHIICTSSTT",1655,0.0515140626051751,0.0581087256618169,0.144957402268243,0.111772581388703,-38.6834295623
4,"J15","TISHDGADSYETACMSTC",1661,0.0822489154108372,0.0906374864408328,0.117430479235421,0.0693853536207499,-38.6834295623
4,"J16","SMDEGIESLDYH",1662,0.101727296326401,0.101459346830398,0.140857787800207,0.0870135327601469,-38.6834295623
4,"J21","FPNCMLSNISMDKKETQI",1667,0.0863338463005783,0.0877717711700111,0.157702403895597,0.111008438275899,-38.6834295623
