"TS","spot","seq","unique_seq_idx","sfp_1","sfp_2","AcpS_1","AcpS_2","measure"
4,"R1","TDIEHRASLCYSETHPC",1887,0.311702032129384,0.3396546628281,0.0867114500164957,0.089176860740708,-21.9194669086736
3,"K6","VCSLSYMMRTS",1133,0.420140297666795,0.504843565972183,0.207389776918971,0.290342794044373,-21.9375377422633
4,"R20","RVDDIGIDSIEILIQKGM",1906,0.392977432132138,0.399099073612638,0.189852348490782,0.152405253240599,-21.9972336522197
1,"C19","NSASFVEHLGADSLDTVSLV",49,0.376183136826617,0.535398461365903,0.172178253260039,0.194798771868428,-21.998587079054
3,"P8","DLFAESHATIAR",1285,0.293348076383363,0.317216860318974,0.0823585518240342,0.0964194777797393,-21.9988244619641
4,"M9","SMEEFADSLDYAIVII",1745,0.388646795969482,0.38463213711606,0.186600574995958,0.140343176450753,-22.0045991961336
3,"S7","FEECICSKVAAARS",1374,0.580222822584903,0.614226241100652,0.389784105995037,0.466263377450144,-22.0174915886254
4,"K18","EQRTMSLDYVETHNS",1694,0.344162428739967,0.362019283642173,0.141344647245487,0.0922010111463745,-22.017713692217
5,"H19","IQFQDSIDICIDSV",2175,0.262955842593554,0.287057453675414,0.0545329093943545,0.106646704730713,-22.0301422963857
5,"K6","WQDCRCCVISRMWFL",2252,0.370553418346277,0.280249456522918,0.472069796682972,0.451611527318079,-22.0463700208071
4,"S21","DLFQASIAYAESRC",1937,0.379698104250252,0.387514892530744,0.186617701372237,0.197970379394934,-22.0576720698319
3,"A10","GDSLAWLLRLLN",845,0.348754937084999,0.400511256765213,0.153939372594587,0.140387135017264,-22.0599462685696
4,"A11","GDSLAWLLRLLN",845,0.348754937084999,0.400511256765213,0.153939372594587,0.140387135017264,-22.0599462685696
1,"J17","NSASFVECLGADSLDTVCLV",257,0.358300669674326,0.521343887302546,0.166758145233098,0.191039126696823,-22.0746912011914
5,"G14","TGKVDWLESLEWIVTQ",2140,0.276173801614324,0.365874929135196,0.0829208393446898,0.106140866492959,-22.1047629285501
1,"I25","ASFVEGLGADSLSTVELSMA",235,0.338292654901718,0.451988318339204,0.151115313870387,0.195543963508977,-22.1084522466432
4,"O29","SCLNPCLTSSKSAQNCCLV",1825,0.340010714158962,0.339115582584589,0.153321237870679,0.341311372508473,-22.1105883716231
5,"G30","RSCNRCISMEWKK",2156,0.381540552650173,0.2983201639042,0.371512458498228,0.388566158861947,-22.128009866129
5,"E19","EDKHYNVCSMCFWRC",2085,0.389798918520375,0.307178657485041,0.458666971217735,0.443562568484644,-22.1326445377916
5,"B15","WQHCRSNMCSRIYCL",1991,0.446114541298114,0.365312497078956,0.621252264368814,0.567950922320576,-22.1378268421452
