"TS","spot","seq","unique_seq_idx","sfp_1","sfp_2","AcpS_1","AcpS_2","measure"
3,"G9","DDIPADSIDSLELAV",1016,0.0700815368952268,0.0756132367968565,0.0868922416895854,0.0860662225112914,-38.6834295623
3,"G10","PNESMETIDDRY",1017,0.0545350903958479,0.0634657717136606,0.0751753384821306,0.0737671035683032,-38.6834295623
3,"G11","DSAETVEA",1018,0.0375287417387921,0.0487528816250438,0.0497199309380652,0.0389185006058979,-38.6834295623
3,"G12","VPLDSIDTID",1019,0.0627421613342437,0.0668545319204181,0.0650895631865615,0.0617318655004237,-38.6834295623
3,"G14","EWPVCSIDTV",1021,0.0736696719843043,0.0746412259827898,0.0589554803843327,0.0527407932031737,-38.6834295623
3,"G15","LDSLEWAD",1022,0.055300322918805,0.0649047817299005,0.0718862672059763,0.089712458668415,-38.6834295623
3,"G16","DSVETMD",1023,0.034557339329932,0.0497313249350082,0.0432769453652799,0.0412284595549292,-38.6834295623
3,"G17","VESIDTIEVILQ",1024,0.0592582816903158,0.0656267019581782,0.0646117363775792,0.0604212213631938,-38.6834295623
3,"G19","DELPMDSADSIEVID",1026,0.0434710984088386,0.0420646151263056,0.0387597618675498,0.032246266798849,-38.6834295623
3,"H1","DFGAESIDGDEFCF",1038,0.0740235660539773,0.0954651085420723,0.068103498751062,0.0860409303057329,-38.6834295623
3,"H2","SDSAESIEN",1039,0.0118396133878536,0.031328439643066,0.0251934650941466,0.0352095452328342,-38.6834295623
3,"H3","VDSADTVDVVVP",1040,0.0157034611479162,0.0415190909270415,0.0253018066212869,0.0380821875824798,-38.6834295623
3,"H4","ESIDSVTLQ",1041,0.0344268468755301,0.0701379933830086,0.0370360444730841,0.0512861675615249,-38.6834295623
3,"H5","EEMGIDSLETMEVMIS",1042,0.039210130698953,0.0782497105399851,0.0589832720197588,0.0956086955675925,-38.6834295623
3,"H6","ELGMESAETADIMPG",1043,0.00735304406502677,0.0398016630694934,0.0247522895212399,0.0264136012788717,-38.6834295623
3,"H8","DLHMESVDPASDVQ",1045,0.0259939298800075,0.043498284957272,0.0365739844993143,0.0301590803692613,-38.6834295623
3,"H9","MHQESADSLE",1046,0.0374479733058068,0.0564587204276599,0.0516699305200694,0.0454053718606196,-38.6834295623
3,"H11","VDSLEDCEMC",1048,0.0686465476741301,0.0773219747165502,0.089702317695236,0.0881133572676565,-38.6834295623
3,"H12","DSLDSMDVA",1049,0.0553103043897162,0.0655084168543688,0.0626083277505916,0.0572343693763006,-38.6834295623
3,"H13","EEGCIESVCYVD",1050,0.088098112260237,0.0910376337524675,0.0956238884070959,0.100291656503634,-38.6834295623
