"TS","spot","seq","unique_seq_idx","sfp_1","sfp_2","AcpS_1","AcpS_2"
1,"I7","NNASFVEDLTADSLDTVELV",217,0.101720533569389,0.111506990633489,0.142625764830166,0.175317324526257
3,"R30","TENDVESRDY",1367,0.101712084880167,0.0556403855816249,0.0405038164087483,0.0431131379073974
4,"C23","QFDVTNISAEKH",1459,0.101650619842189,0.105547961861491,0.114447151731578,0.1070383514628
3,"S29","ESTDLIIHGV",1396,0.101499948067781,0.0901919425936901,0.0417078346579403,0.0403221668845954
4,"F21","YEIESVESAVDEG",1547,0.101360088768589,0.1112436517937,0.1339927282322,0.078247623915003
3,"S8","SACPIDSSDTVIRPV",1375,0.101323114875342,0.101341312198698,0.0790379647369547,0.104048533731064
5,"A22","SACPIDSSDTVIRPV",1375,0.101323114875342,0.101341312198698,0.0790379647369547,0.104048533731064
3,"M23","ADSSETC",1210,0.101022181907066,0.0418720771736242,0.0706210452381077,0.0653743180526727
3,"K28","CNELDSTEICETS",1155,0.100897107965444,0.0497200377252254,0.0625409119580038,0.0588869695865254
3,"S23","CCFVDSSEMNA",1390,0.10086887466201,0.090809365105592,0.0744620001186561,0.0727317592938666
