"TS","spot","seq","unique_seq_idx","sfp_1","sfp_2","AcpS_1","AcpS_2","measure"
1,"G13","NSASFVEDLGMYSLDTVELV",163,0.0701540467593703,0.0880464867391344,0.0520390620155655,0.0611684799548323,-29.3565900202456
4,"K2","TWFTRYCLESSDSCT",1678,0.0319855719045619,0.0276376860500537,0.147070224325281,0.10087720921842,-29.3906722759038
4,"S13","TYIEEDHEMSADMIDAV",1929,0.0697039145781694,0.0653768858953018,0.156892608892281,0.111298060545551,-29.478879458984
5,"L18","GIYPLDSLESQE",2294,0.082142309317059,0.0834503770591225,0.0641244436530657,0.128634269612124,-29.5598190476736
3,"G13","NEASFVDHLGAFSLDCVHLC",1020,0.127544314931414,0.127369632808309,0.109832232600517,0.11198841532462,-29.5686805049016
3,"K3","TLNGVISSDSC",1130,0.0667611904114517,0.102109779710123,0.0488176124118232,0.0674278951632838,-29.7490148235808
5,"K25","KPDDGVDSTELC",2271,0.044630462913032,0.045129458826702,0.0268133376826729,0.0841825274399246,-30.1867925909515
4,"G26","KETDKPADSMWAA",1582,0.00420405538167495,0,0.0138705630079378,0.0381390106621325,-30.2634698925618
3,"D11","EGEVDSMDTCD",928,0.0732723279606446,0.0798756755879386,0.0556305713579721,0.0539286576578949,-31.6211501886477
3,"N7","MESSDTKI",1224,0.114750737738986,0.121629564752031,0.0971572944800989,0.106960720263355,-32.6312183632847
4,"E6","NVEPVDSSVTMMS",1502,0.0774564883702586,0.0733523723055403,0.117745468003135,0.0738152662171392,-33.7158239048278
3,"P2","GLESKTSKVK",1279,0.471607206126642,0.806058051373961,0.494563511629513,0.5270788777105,-37.1614340808239
3,"N27","NTAESNSSKVKGSM",1244,0.443891228070272,0.829649703413394,0.50998789887234,0.610791084432215,-37.1693731982893
3,"P15","NGMISMDTCIKKG",1292,0.407875799543706,0.904354259138814,0.556384192780131,0.625814773836781,-37.1807315454179
5,"F5","GRWYEFVDSLEYHKYT",2101,0.398952569279081,0.462337415911362,0.385680723936376,0.349200710733293,-37.1837570630068
3,"M9","YIESKAYKMR",1196,0.37282828851064,0.867964221978477,0.495950209223648,0.604098108971416,-37.1931805236596
4,"M23","AQVCDMCSKTLFG",1759,0.343304368390231,0.34817313269429,0.430273822188973,0.460230031917506,-37.2050225049728
5,"I21","SCDWHVSFCFCKTQC",2207,0.331518824400344,0.329644450302317,0.374496134609626,0.409725658606042,-37.2101712408867
4,"K23","CMQVMDLTSRTVNGKG",1699,0.317121932313158,0.321145425537594,0.314455194796814,0.301819951769791,-37.2168432331979
5,"B1","FKCCVMSKAFC",1977,0.31444317683088,0.37393314430524,0.473145066284859,0.178035232978848,-37.2181353184359
