"TS","spot","seq","unique_seq_idx","sfp_1","sfp_2","AcpS_1","AcpS_2"
1,"D29","NSASFVEDLGADSLDTVSLV",89,0.322272265359356,0.442563792238301,0.146010946456591,0.158746170281148
3,"J30","VDSLDSLEALCS",1127,0.322013658989664,0.255389505994383,0.121748898356171,0.229124390994663
5,"D15","YDERHWCMASKIFCVT",2051,0.321586389553325,0.288263109466594,0.300078910835864,0.302302426757946
4,"C6","CYGIDSIETC",1442,0.321111252441384,0.334548154075201,0.0828201211124673,0.0810369467750604
1,"F17","NSASFVEDLGADSLDTVCLV",137,0.320835658911363,0.443792283519413,0.176718560695234,0.207451226246325
5,"K10","NYCILSRVWC",2256,0.320734479251987,0.249373177494093,0.374746805436869,0.359073069856158
5,"J13","WCCCIISILFCRTN",2229,0.319648415302796,0.276244199994014,0.264480393795234,0.345697782365284
5,"K18","FTHCCSCSQSPNQK",2264,0.318770439927496,0.289556772635729,0.19629595844678,0.24637244761456
4,"D11","YRDIFTMDSMNWVTDRIM",1477,0.317664538796378,0.335282890124389,0.152491983662421,0.108269460055201
4,"K23","CMQVMDLTSRTVNGKG",1699,0.317121932313158,0.321145425537594,0.314455194796814,0.301819951769791
