"TS","spot","seq","unique_seq_idx","sfp_1","sfp_2","AcpS_1","AcpS_2"
4,"S13","TYIEEDHEMSADMIDAV",1929,0.0697039145781694,0.0653768858953018,0.156892608892281,0.111298060545551
3,"C8","ESVDSADMVC",895,0.0696706465896161,0.0907604781367694,0.0810329987859669,0.0695600928562676
4,"O20","KGLVSVDAMDS",1816,0.0695023305746923,0.0722245186810336,0.151883115381478,0.107104124692463
4,"O24","TCIPPVVSTSNSLQPCGL",1820,0.0692195199893569,0.0740474645328545,0.151152276197044,0.114590903152248
5,"C25","ECIESMDFAST",2031,0.0691276866743759,0.0589039569856464,0.0431989878785269,0.0929275352299077
4,"E18","WQREGLESSDSAMSN",1514,0.0690699245209253,0.0786592848016374,0.104141150920122,0.053269249684186
3,"C1","EQCAESIECVDSNQN",888,0.0690056769234443,0.10029074269096,0.0567774089458774,0.0631610966769229
3,"E10","SPANQSEDLGADSLDTLETV",957,0.0689598028979505,0.0664832919496276,0.071753121755148,0.0591884479046677
5,"S21","RWCLESTIEIDPPS",2507,0.0689536987055337,0.0556954464959381,0.044935853323146,0.0833812026499798
3,"G28","DEAPAESADTVDLIIP",1035,0.0689514306845944,0.0568795513007863,0.0285957144407006,0.0208163543811171
