"TS","spot","seq","unique_seq_idx","sfp_1","sfp_2","AcpS_1","AcpS_2","measure"
3,"I14","GIDSLESI",1081,0.12494114731778,0.112042014573996,0.0555505095577795,0.0541637865446093,-10.6923607258193
3,"I18","PRESIEFMETL",1085,0.142007568133443,0.129679627042667,0.0731015559321213,0.0713807396613753,-10.6978111659815
4,"N16","GCDSSSRRINQCC",1782,0.314744990658062,0.299785008073337,0.265466342898333,0.237964537447784,-10.720616478611
3,"O2","SACCVDSALTA",1249,0.102599458014519,0.0590506764444626,0.0473498176718434,0.0638171260410437,-10.7234671688824
5,"K8","YCWQLCSDCWCCSWR",2254,0.288147462966185,0.220011621676048,0.265144714056467,0.376889540510269,-10.7267242909769
5,"B8","WCVKSHAFCLS",1984,0.253785055128762,0.240620564487691,0.198492301936599,0.233200255347462,-10.7626214008997
3,"S16","PMDSTDSCL",1383,0.128186367955187,0.108962038443898,0.0835710007449628,0.0816152204146369,-10.7832673797101
3,"K19","SLCPVESTESAMS",1146,0.108822905127633,0.085473427706676,0.0596007817478282,0.0526885044655368,-10.7840721831722
5,"N25","RPCSCSQSCNNH",2361,0.172409980624149,0.161352545596954,0.104179063378975,0.159850082642243,-10.8142843086944
5,"T30","CSHGCSCSNSCQNCQCC",2546,0.133238955456828,0.115439141804214,0.0873931182648179,0.124161889376954,-10.8148733683554
5,"M19","WGPPCSTSNSENNRN",2325,0.126668828747298,0.113272167686622,0.0661734252921878,0.131421579431759,-10.8157771561761
4,"H18","HWGVESHIIKS",1604,0.299040666218839,0.289553639643379,0.222909251351385,0.195744945836921,-10.8159740755824
5,"F17","GSCFGMESMVIHK",2113,0.226919884200675,0.216756043089519,0.155148968527858,0.210903005246508,-10.8225580053419
3,"Q27","GVDSTDSQA",1334,0.0975959503502374,0.0577752217390104,0.0423560201986089,0.037317422186376,-10.8229992712905
3,"C29","EPLDSMDF",916,0.0917771194753038,0.0409164995660585,0.0457140602858287,0.0396878165538104,-10.8330296596476
5,"S13","CTGPCSSSNSCNNCQ",2499,0.115976157776201,0.0846647581100718,0.0826728199604521,0.127686187167862,-10.8345793249182
5,"M8","DERCLDSVTSHGQTYM",2314,0.115847070857421,0.0881349962016666,0.0806292141828362,0.131227397657106,-10.8632449560509
5,"S26","CCSHGCTCSNTCNNCCCC",2512,0.144694253050499,0.130252308170298,0.0930724848569765,0.142842650339818,-10.8720917986348
5,"Q19","FSGECTCSNTCNQ",2445,0.118757430773246,0.104766820692384,0.0610711489189045,0.111536131537369,-10.87854866495
5,"N23","CCWPPGCSTSNSCNNRCCC",2359,0.285196550979489,0.240038417571141,0.26054509289659,0.294840869935493,-10.9070806738155
