"TS","spot","seq","unique_seq_idx","sfp_1","sfp_2","AcpS_1","AcpS_2"
4,"A12","GDALAWLLRLLN",846,0.176085762260634,0.175807386607533,0.152982860654939,0.154745845957705
5,"J28","CMCCVWSALWCASGD",2244,0.175331198587359,0.110143724286567,0.221350002882532,0.158959994754778
5,"F27","PNRILEWIVSLCFMMT",2123,0.175133708850171,0.140342421983157,0.179368319245414,0.170529908835699
4,"G20","WYNHFPVESRMAQ",1576,0.174912094315128,0.200429463619747,0.133455418996331,0.0948861971346338
4,"G2","CCVPMISLDFVDY",1558,0.174567079491644,0.164078962678123,0.0641119732034655,0.135468793308332
4,"F3","KFCVDSYLLCTST",1529,0.174013317930323,0.168207483687149,0.0875574133471254,0.155211569555904
3,"M10","AGAYSTSTALLSCE",1197,0.173589940243475,0.163007820429267,0.121229997906115,0.133390887596003
5,"F4","YGMVSIVVIEW",2100,0.173346393607258,0.139968443461463,0.294198375127616,0.180551996762589
4,"H8","QFLMVHFIESKCWASFAI",1594,0.172951119651334,0.164260083386728,0.164991260670646,0.131142870877653
4,"D2","QLEGLDSVEYMSLT",1468,0.172580506859155,0.22893809035608,0.0475596245039372,0.0944388169178481
