"TS","spot","seq","unique_seq_idx","sfp_1","sfp_2","AcpS_1","AcpS_2"
3,"R18","FVDSVDAHLK",1355,0.480469774519018,0.348895276286014,0.21561380845403,0.214433045261518
4,"Q13","TFIEENPNYSAMYARSMI",1869,0.48017027815745,0.382094437332469,0.446869053210502,0.380712422296658
4,"S4","PCCTCSKTLYGHC",1920,0.479294986147595,0.454592093498963,0.36400292037173,0.472524051033222
4,"D9","EDHYESMFYVHNK",1475,0.474784577094697,0.447892986685115,0.254449929377806,0.191238941682646
4,"E19","MVHIESLDFMHSL",1515,0.47461587121615,0.521251417708473,0.163339371418385,0.120999758627008
3,"A29","DVVDYHISKAA",556,0.47416775604252,0.304054159349657,0.266141205465975,0.275565141216249
3,"R12","LCPLDSSDTALK",1349,0.473488000431189,0.413266986157766,0.219570588931716,0.164743899822397
3,"P2","GLESKTSKVK",1279,0.471607206126642,0.806058051373961,0.494563511629513,0.5270788777105
1,"B23","DSLAFIASKLA",23,0.470358306443568,0.603812286652346,0.33304348262505,0.221937805572478
3,"O30","PDEPLLSKLTVLRAAG",1277,0.467694225085278,0.529374289591972,0.253612191919859,0.278814149991331
