"TS","spot","seq","unique_seq_idx","sfp_1","sfp_2","AcpS_1","AcpS_2"
4,"E22","FIDVLKYHSMEMIEEEL",1518,0.162709348891888,0.163402396145675,0.170170405826873,0.115278196725709
3,"Q29","TACGMDSTDTMATSA",1336,0.162700746219504,0.0617505042037913,0.0634254077483818,0.0568285010588015
5,"I9","EQKISMFWCHS",2195,0.162626188701678,0.13162531384004,0.201753747109258,0.213766793602372
3,"S28","VDSSDTCMSGCA",1395,0.162467790910646,0.118139486666492,0.0694012157817467,0.0722120760513546
5,"O25","LYLDSSDIMVLS",2391,0.162270350040026,0.154376111682325,0.112369930301104,0.149922614406048
4,"H17","DHCEMGHASIDLYHSQ",1603,0.162083930631501,0.156136799215882,0.151057104374044,0.0784009073264382
3,"D25","AGIDSLDTLDVIMC",942,0.161803676799124,0.142286445153668,0.131328611487767,0.140604739327877
5,"H23","ERHQFNMCSHCGCC",2179,0.161726814044662,0.138135836997683,0.142995556522075,0.181918639921939
4,"D12","QKFCICSSAILS",1478,0.161583155691161,0.1469433357536,0.16824938780451,0.134864144164708
3,"O28","DSLEPRASKDA",1275,0.161537110414749,0.108474843631963,0.0571103021542525,0.061161274024756
