"TS","spot","seq","unique_seq_idx","sfp_1","sfp_2","AcpS_1","AcpS_2"
4,"E27","CDRVLEHQVSYNWTKTEM",1523,0.0660080317149438,0.0620807977602733,0.0202571840731541,0.0609053504910169
3,"S15","MESKDSAAWP",1382,0.0658721265381497,0.0484948293084835,0.0450485105195133,0.034860533248046
3,"E9","VDSIDQCEV",956,0.0658502284131915,0.070538847108498,0.0946043687530642,0.0930874853463936
5,"O19","SDEDQGLESSFTCSMP",2385,0.0658483835569506,0.0565881100101817,0.0562171108563455,0.111348006337119
3,"P13","IEGLESSDY",1290,0.0658432617539025,0.0689278831264492,0.0654503071929714,0.0589373494784598
3,"Q17","GVDSHDWC",1324,0.0655701361172148,0.0299832955197937,0.0500879371546903,0.0460510218762329
4,"M12","EVHGAASIDAANTQPN",1748,0.0653839931615848,0.0643736729128216,0.140536179868239,0.0901500844805953
3,"L14","GLESTDS",1171,0.0652894327107742,0.0602885799380139,0.056280620520814,0.0454472130766883
5,"L16","YDHTMDSSDTGSDGC",2292,0.0651990032004725,0.0490291065020587,0.0300503603894848,0.0846250859026517
3,"A18","NNASFVEDLGADALDTVTLV",852,0.0651665180261252,0.0738232795138656,0.0489090334328818,0.046719867775785
