"TS","spot","seq","unique_seq_idx","sfp_1","sfp_2","AcpS_1","AcpS_2","measure"
3,"M12","ECADSREIL",1199,0.111198963722514,0.108407193193975,0.0889443855154709,0.082790626242496,-26.1441302582542
4,"B5","ICMAGVDSMEYAE",1411,0.0778252517679111,0.0768495923950425,0.0472133985914485,0.0776389648049607,-26.1512216323855
4,"D26","HEPIDSTITCTS",1492,0.0759732446038851,0.089217882250648,0.0453659120871745,0.114070120989198,-26.1515687695254
3,"P21","LESSES",1298,0.0637376806503656,0.0534356172707251,0.0518383368856694,0.0443294305284741,-26.1677157484783
3,"R14","VCSKEWCLHTP",1351,0.0725689194462903,0.0622812457992754,0.0727875799678708,0.0607180127834057,-26.1700389144396
4,"L7","PPCASTSNHINQ",1713,0.0716671496130523,0.061503034933773,0.12755768674767,0.0881594540171768,-26.1902123371302
4,"N4","CMGPMDSSSKSAQNCPA",1770,0.0891286336969722,0.0789773966155123,0.103866806476181,0.0890853161415034,-26.1923384667764
4,"M11","LYAPVVDADSREVVHLV",1747,0.113468720559217,0.107342973528758,0.158439995006892,0.110634680064509,-26.1932951508756
3,"S14","ESSESC",1381,0.0896659976368938,0.079543807346756,0.0837133016094839,0.08136759881453,-26.1971508409795
5,"K26","HTSEMFLDSVETHSA",2272,0.0855501233295305,0.0872423024962128,0.0558163537599043,0.121175283976918,-26.2210171459399
5,"N4","FCAESKEMQ",2340,0.0466611481835423,0.0367479863682282,0.0452517885685832,0.0860458668379268,-26.2324823048052
4,"C5","ASMEGKESIVTAES",1441,0.0524001280720388,0.042691269550701,0.054265312045505,0.0713470585337252,-26.2682650135856
3,"D12","GMESAETLDMIM",929,0.0740577474992608,0.0849949228325951,0.0451013427290622,0.0334744044892404,-26.2871538918994
3,"F20","ELPPESVDSDE",997,0.0457345904562599,0.0362503427682947,0.0309418816410603,0.0213297997885655,-26.3091409478532
4,"B20","CEGLDSYAVCSTST",1426,0.12700308875306,0.121324775673163,0.137850221637577,0.1198938392301,-26.3121137858547
5,"O4","KEDVVDMDSRLSL",2370,0.0735583172300506,0.0640991094939652,0.0631543317402782,0.106253398788142,-26.3138031253015
3,"I12","QAESLDTLSVV",1079,0.0920948154351621,0.0928648024173873,0.0634442658298977,0.0550305047531461,-26.3144237226903
4,"H1","NHDGADSTVLNTSSCC",1587,0.0822253429694812,0.0882721397020818,0.0537244371853378,0.142393809704355,-26.3280417499755
5,"O19","SDEDQGLESSFTCSMP",2385,0.0658483835569506,0.0565881100101817,0.0562171108563455,0.111348006337119,-26.3516357844378
4,"N25","HMMGMMSMVFLVS",1791,0.16476431976642,0.159311450838499,0.183291011834996,0.153814242965268,-26.3552674441909
