"TS","spot","seq","unique_seq_idx","sfp_1","sfp_2","AcpS_1","AcpS_2"
4,"I4","SHEGVESLDSVIVNSE",1620,0.227310783969202,0.226602687665004,0.162732703203497,0.107696695034804
4,"Q17","CMNVMESCSRSMFNHCL",1873,0.227191101723363,0.218568478297457,0.275267978566496,0.261882715679266
5,"F17","GSCFGMESMVIHK",2113,0.226919884200675,0.216756043089519,0.155148968527858,0.210903005246508
1,"E25","NNASFSEDLGADSLDTVELV",115,0.226800687046329,0.204546721331927,0.156708681430521,0.175933314814066
4,"I24","ILDWGASLFERR",1640,0.226286835865913,0.221846098994522,0.222600293799238,0.196211471198252
3,"M13","DSSDYMLKP",1200,0.225763333140345,0.20775245608225,0.161319794379339,0.143409379049371
5,"N27","HGCTTSNTCQQRQ",2363,0.225208517687085,0.23164417423072,0.136627082325359,0.20514328869419
5,"I20","GYVWGWISLLYHHDNC",2206,0.224996742561295,0.184326063997448,0.278865226179035,0.281427157479648
5,"C7","QKWCFQAHSFCGCCSWHC",2013,0.224787213928068,0.189532809930513,0.26983061657726,0.226547079795511
1,"J3","SASFVEDLGADSLDTVMLVM",243,0.224697994098527,0.257732582312608,0.0658604924971075,0.0724652785354629
