"TS","spot","seq","unique_seq_idx","sfp_1","sfp_2","AcpS_1","AcpS_2"
1,"G19","NEASFVDDLGADSPDTVELV",169,0.0099299662370275,0.0139201412843334,0.0195332988218966,0.0293688377950718
1,"I26","MEIDSSDTPSCGPI",236,0.00972925721786174,0.0180777963763043,0.0880694436875314,0.0993160357995383
1,"C14","YPIDSTDTGVMSVD",44,0.00966569725924681,0.0110707060047567,0.0322170097558453,0.0304311192454526
1,"F4","VPCDSSETAMAGVD",124,0.00964168618655801,0.0129331898901281,0.0569679847753988,0.0560619881691024
1,"B27","NEASFVDDLGADSTDTQELT",27,0.00963973081899228,0.0117247233263952,0.0391727160729837,0.0344734943343139
3,"Q4","GMDSSDTMAT",1311,0.00941637706515597,0.0162329981003065,0.0523083986022628,0.0548128963430584
1,"C25","SASWVEDLSADSTDTVELVA",55,0.00936482295961743,0.0105410694243552,0.0306516041771958,0.027487424662313
1,"I18","GADSTTSRDMTSV",228,0.00926949353442388,0.0132957510214328,0.0443502570182065,0.0467695846275393
1,"B16","DALEFIASKLAXXXXXXXX",16,0.00917759125883478,0.0120799570512085,0.0222341641223857,0.0316281485712916
1,"E20","MDSSTSAMIGGD",110,0.00912073842122488,0.0126364431535911,0.0349714758820607,0.0337612759556628
