"TS","spot","seq","unique_seq_idx","sfp_1","sfp_2","AcpS_1","AcpS_2"
3,"L6","MLSVVVCMT",1163,0.148216980076235,0.203712411734243,0.0787400187708082,0.125930078951364
3,"R22","AESKETVARHAV",1359,0.147894802639641,0.132367172375867,0.0860389985472412,0.0930160229354053
3,"K23","NGNDSDSTGLLSSE",1150,0.147787186086939,0.0682500194266784,0.060254484201756,0.0517343031767227
5,"P22","RTKWRHTVDSSETGS",2418,0.147734477517145,0.143884877449733,0.0661926178475196,0.129292293566161
5,"O12","GPCSCSNTCQQCCCC",2378,0.147440561406893,0.139664719886082,0.072020805800287,0.134969760695318
4,"J13","CDNGILSLAWVAVN",1659,0.14721917259674,0.14431880405744,0.153932970030712,0.0956779454430852
3,"J23","NPASFVDDWDAWSLDCVELC",1120,0.147141894177707,0.0852967403948292,0.106025665986263,0.116555277538111
4,"P24","IISCSNSAYGCC",1850,0.147023342265126,0.145046403636122,0.157399212033803,0.140716641249965
4,"S22","PLCSCSKTLWPCGMM",1938,0.14701899765576,0.149029777573584,0.0938657044743204,0.0953989104628175
5,"R12","CFSHCCTCSNSNQQCQC",2468,0.146879370284084,0.110421755142002,0.0973419892001132,0.140931115465306
