"TS","spot","seq","unique_seq_idx","sfp_1","sfp_2","AcpS_1","AcpS_2"
4,"M20","LPPCDSCSRSIFPRCA",1756,0.492403083580626,0.482361614918451,0.456324083644443,0.470446228251223
5,"I24","RQNFKVSVVNCRFQCY",2210,0.491306051328021,0.444039368716699,0.789503983124173,0.739579442329484
5,"C14","QENYLSFCYCRSN",2020,0.489175022723056,0.381264717426351,0.634132293383871,0.503739463310372
5,"D21","SQMCSRMYC",2057,0.488054742964066,0.452242471504859,0.529827785128032,0.544448785306865
3,"F1","ESIECMDKVK",978,0.48783273894391,0.422580803293391,0.281244458068902,0.402810840938282
3,"O29","TCIGVCSKSQIAHRII",1276,0.486749769720397,0.682654064423371,0.360228877576156,0.41076317735132
5,"G4","YNLCSRCGCKT",2130,0.485207918466097,0.45720189104334,0.647806076864117,0.630933039570429
4,"A7","GDSLDLLSYCLG",1399,0.483885330141728,0.536621743985796,0.173276576674194,0.240667474872748
4,"Q12","CLQPVCSCSKSAF",1868,0.482328580281761,0.466957150096502,0.448181904697129,0.468257251156195
4,"S10","CAPGCCTCSQKLYNCC",1926,0.481969328055964,0.45812091795785,0.446643318846742,0.478162968504683
