"TS","spot","seq","unique_seq_idx","sfp_1","sfp_2","AcpS_1","AcpS_2"
3,"F20","ELPPESVDSDE",997,0.0457345904562599,0.0362503427682947,0.0309418816410603,0.0213297997885655
4,"S5","ELGMDSIEIMDD",1921,0.0456461979692298,0.0389834507601353,0.107196644383812,0.0676525591078153
3,"M1","REASIVDDLGADSTDTQELT",1188,0.045514916614819,0.0271668332593764,0.0209106098987352,0.0336203630124227
4,"O17","WVDEVPQESAVPCNS",1813,0.0454312572274999,0.0410248017379001,0.100064542315239,0.0453686133488311
3,"E22","PIESMESVDMVSS",969,0.0454177093103535,0.0389833524970278,0.0445579785403176,0.0359159374456242
3,"F3","EEPPLESAENIY",980,0.0454120667237363,0.0479816617772633,0.0344027463421613,0.0477356463817706
4,"L23","DMDWADSMEWMAI",1729,0.0451542590249645,0.0555138176003711,0.0938772927532867,0.0335136122028585
5,"L30","EVPIESFESQAGPSD",2306,0.0450270840550491,0.0540848963837413,0.0278491275414628,0.0907851363093492
5,"K2","ENCIEGRMSMCFSRTD",2248,0.0446440282719667,0.0580970968910085,0.106031084155585,0.154329143678943
5,"K25","KPDDGVDSTELC",2271,0.044630462913032,0.045129458826702,0.0268133376826729,0.0841825274399246
