"TS","spot","seq","unique_seq_idx","sfp_1","sfp_2","AcpS_1","AcpS_2","measure"
3,"A21","NGAESASSKVVGCM",854,0.153399135699477,0.204399814946798,0.0954763664423591,0.093573985351559,-23.7078005544797
5,"F11","DNEWCCQVRSKMWCCSFE",2107,0.176469191076167,0.153642857758341,0.224292277562784,0.201513915051116,-23.70809593421
5,"O2","CYTHECSTSNSGNNKNC",2368,0.183459411894873,0.193178730674706,0.127677099973267,0.181403831097567,-23.7111097558691
3,"S4","GLESKSFN",1371,0.143267392725223,0.210764466217958,0.0845862754818219,0.0780045024221922,-23.7147217619832
4,"B11","FINCDCLDSLETAS",1417,0.186530988821643,0.242491908169264,0.131269046455116,0.0760287921309713,-23.7208134986882
5,"H5","HFCSQLCSYCNC",2161,0.168459955470902,0.145746014607224,0.173985889944682,0.185457250655189,-23.7266459035917
5,"C4","YQGYCCCMVSHVFCLSNE",2010,0.153790416640557,0.130653609737293,0.212906883997422,0.194793145843312,-23.7322175867419
3,"Q1","CADSRSFCDTGC",1308,0.149459632463978,0.151774643612044,0.0928414265490455,0.0874716953761002,-23.749852095425
4,"F19","REPAESFMSILT",1545,0.210917016992384,0.216873785015592,0.157748358723642,0.0956450343772387,-23.7507959915818
4,"T24","WYGEVIGLLSRDTGDL",1970,0.122439663723712,0.127302545525303,0.061576605701106,0.0911188092337696,-23.7542070654236
5,"B6","CEDHLCCMCSAVWCITG",1982,0.115466347970462,0.0891867975852773,0.163442317370917,0.135782170159172,-23.7661229894405
5,"P18","PKPCTSSQSCNNHN",2414,0.169691379009359,0.16836696005411,0.115295396292212,0.170770029155835,-23.7683623797122
5,"R1","REPMDSIDTLVEVTV",2457,0.116525886026705,0.175250193702616,0.0539110851967018,0.12988186680193,-23.7695191182317
4,"P26","DWMDSLDTL",1852,0.142217059443327,0.144893304497423,0.0860672099838791,0.0813414108106627,-23.7813611832887
4,"T20","PGCCSSSNRVWGCCI",1966,0.214158917532357,0.214151876907585,0.162208992651783,0.172246713783681,-23.7825328545548
3,"P23","DSHTYCITTT",1300,0.145547445866217,0.142358707569847,0.0900668185272969,0.0999788614573982,-23.789458829571
4,"M1","SCMNPAEVTSKSANGKCM",1737,0.227353378754267,0.223554453519927,0.176216035619527,0.170024776720776,-23.7947007361665
1,"B25","ASLEFIASKLA",25,0.24994721394013,0.284187376641583,0.201119468161682,0.125584245045138,-23.8486262789353
4,"S22","PLCSCSKTLWPCGMM",1938,0.14701899765576,0.149029777573584,0.0938657044743204,0.0953989104628175,-23.8489522187006
5,"C16","DEGRCCNLLSHCWC",2022,0.11570761551143,0.0914458850854224,0.158827420007302,0.130282714893759,-23.8581259739198
