"TS","spot","seq","unique_seq_idx","sfp_1","sfp_2","AcpS_1","AcpS_2"
5,"H12","WQLVSAWFCCT",2168,0.198948344486774,0.144625860323548,0.250843511590576,0.200288230090404
5,"M2","CFSGCCTCSNSCNQK",2308,0.198234449472093,0.207477016140736,0.236977583630526,0.270794641131539
5,"F10","ERHCFQMCSHCFCHT",2106,0.198216045513793,0.184339891571754,0.184179058513942,0.23199054031643
1,"B2","DALEFIASKLA",2,0.198196467100498,0.178195832173145,0.152831002397318,0.15555666859738
3,"A2","DALEFIASKLA",2,0.198196467100498,0.178195832173145,0.152831002397318,0.15555666859738
4,"A2","DALEFIASKLA",2,0.198196467100498,0.178195832173145,0.152831002397318,0.15555666859738
5,"A4","DALEFIASKLA",2,0.198196467100498,0.178195832173145,0.152831002397318,0.15555666859738
4,"E25","ACDDWKVSADWHK",1521,0.197566003055963,0.185448788632068,0.0937939747344665,0.14412650641323
3,"P17","CEAESHLYIDK",1294,0.197425183520628,0.115882141804217,0.184009601408827,0.126655576664444
5,"M24","KGCTCSNSCQQ",2330,0.196454680140095,0.191466919243242,0.111577586695497,0.162408499659389
