"TS","spot","seq","unique_seq_idx","sfp_1","sfp_2","AcpS_1","AcpS_2","measure"
5,"S29","SGDCCSSQTCNQHNCC",2515,0.119691654866167,0.118816541924208,0.102444800727031,0.159908448592753,-37.5090355360095
4,"F22","GPQLSVETWKTNM",1548,0.119120939922184,0.116899756160939,0.115833117482388,0.0654275167660384,-37.5142501709262
4,"B18","QRFCCCSYMLCS",1424,0.11897877138733,0.11715317368504,0.146545034418805,0.145495763238939,-37.5155926038271
4,"K17","FADVEPICSMDTFCAAVY",1693,0.117676709573696,0.121089912972378,0.169679013486875,0.126307218142588,-37.5288060388915
4,"I17","DPAESSLSI",1633,0.117598682737925,0.124958753840326,0.158314268818237,0.124615599138484,-37.5296561610584
3,"B5","GIKNDSIETFENMVC",862,0.115856093975829,0.141222073407938,0.117677889671781,0.129486548230673,-37.5508108632407
4,"H3","QRYCAESKIIC",1589,0.115731498796587,0.113193510306729,0.116458277631796,0.117504534971268,-37.552509667328
1,"G17","NEASFVDDLGADSLDTFTLV",167,0.114484479198342,0.155124369751079,0.117421760113873,0.130420160323687,-37.5713209064915
3,"F7","VPLDSIETMEILC",984,0.114264334550381,0.131248864758874,0.133299036960417,0.158450026502812,-37.575043092265
4,"F24","QRYCCDSYAACT",1550,0.114046935225955,0.115233259219687,0.117670779553757,0.113910284705812,-37.5788600544939
3,"B11","NEAKFDDDCGADSLDNVECV",868,0.113670477771864,0.123974512926362,0.176391631637058,0.187765345941763,-37.5858351233619
4,"K13","SYINKWPVDSIDIQTAT",1689,0.11338030188753,0.120519781800051,0.141362532265234,0.096076252473278,-37.5915645343737
4,"J4","ECIESYMICSSSC",1650,0.112867814115184,0.112421023784986,0.169366736869558,0.123123696022815,-37.6025620554868
4,"F8","WYNHEPADSSATKSTSSC",1534,0.112277152729722,0.116947847233616,0.128753441615085,0.0893086517101824,-37.6169471233813
4,"J20","WHHMEEWGMSAYEK",1666,0.111614834645195,0.110637313956724,0.107336803764436,0.0498904862116757,-37.6360003220208
4,"G24","EPLESREWAIMSCS",1580,0.110914178318562,0.125358017518816,0.104791687693519,0.0753678567514046,-37.661108688774
4,"R22","SDNGIESKDTRDSRV",1908,0.110660547069102,0.115809478238281,0.164654385038895,0.158901080974806,-37.6720141549706
4,"T12","PCITSSNHVWNCCL",1958,0.109809443965445,0.116688254477893,0.145981533017219,0.110216249849182,-37.7208963621274
1,"F15","FFNRYGLDSSESISLTSDFI",135,0.109456745601334,0.123274011876779,0.0929441306292779,0.0892755653979296,-37.7511740975393
4,"D30","EIWRMSADILDSNAC",1496,0.108526639339269,0.120244605323018,0.101161692497964,0.114386883885217,-38.0207641377527
