"TS","spot","seq","unique_seq_idx","sfp_1","sfp_2","AcpS_1","AcpS_2"
1,"E9","TYFNRFGLDSSASNSLTSDF",99,0.053244700865622,0.0538995027580294,0.0799128174066821,0.0738184465541565
1,"E24","MGICSSSSWIYGME",114,0.053229835867031,0.0500433823469095,0.0821220305339155,0.0778989947699636
4,"C29","WMNKFPVDSTETMS",1465,0.0531909350430115,0.0548522813486621,0.0874150539004455,0.0872214886405515
5,"M1","YSKDCTCSNSCN",2307,0.0531759190122387,0.0693607732385229,0.0906058158064437,0.145386497295897
3,"P3","MQCIDSTEYNV",1280,0.0531484400124496,0.03647819876449,0.057981308869852,0.0692510814149065
3,"F12","DDAGAESVESVDMM",989,0.0530585049225051,0.0586018338722194,0.0476721355639174,0.0367773892852139
5,"M4","CYHHHPGDESSESIEM",2310,0.0527247196214291,0.0417045679329425,0.0403593897205257,0.0828141987244911
4,"T23","CYGELEPVISMDVKDSQ",1969,0.0526417529348056,0.051018656778028,0.0651217655909057,0.0754598170178598
3,"E24","EDLPADSAES",971,0.0526255331587971,0.0484949992234695,0.0319787359394345,0.0237820870452912
4,"C5","ASMEGKESIVTAES",1441,0.0524001280720388,0.042691269550701,0.054265312045505,0.0713470585337252
