"TS","spot","seq","unique_seq_idx","sfp_1","sfp_2","AcpS_1","AcpS_2"
4,"L8","CMPGCLTSSQRVFQCCVI",1714,0.327033248561589,0.296708723229903,0.322446270931485,0.317953953849148
4,"O13","NILAATSQSVNPKGI",1809,0.327010586139763,0.322426087016289,0.282048221794834,0.281557420301789
3,"S17","DSLEFAPSKLW",1384,0.326961881527306,0.254607727143902,0.0795857334711982,0.0733849935624945
5,"D9","CREPIMSMEYIATLCC",2045,0.32617672268924,0.345573061123275,0.192770220354374,0.171692171177648
4,"N28","YGDEIPAESLDFLE",1794,0.3261182386026,0.404654073126295,0.0556513915928343,0.127138919409132
5,"S27","THGCCSSNTTQNKNCC",2513,0.324716502523655,0.312992337318294,0.162518544897809,0.23299630306127
5,"G5","FGFASVIFRHT",2131,0.324569270857256,0.291066725635285,0.402415780804963,0.369596996396195
5,"E17","YEEFRYQICSRLFCCTN",2083,0.324186560688414,0.27634204970652,0.464987208611887,0.407473527127525
4,"A16","GDSLSWLLRSLN",1404,0.323367895385799,0.384444899432736,0.214979682235843,0.207976248099816
4,"L26","GCCSCSNRLYP",1732,0.322981694839746,0.358449766737174,0.263457341199824,0.313542624023964
