"TS","spot","seq","unique_seq_idx","sfp_1","sfp_2","AcpS_1","AcpS_2","measure"
3,"D13","EDKCCDSAESALN",930,0.0632369774769033,0.0723127838356682,0.0477982998269218,0.038022110072646,-38.6834295623
3,"D14","DDMPIDSMDTVEMIVG",931,0.0575316705558226,0.0677829716773663,0.0422053921969164,0.0336462006024675,-38.6834295623
3,"D15","ADSVDTMEVL",932,0.040103635308293,0.0545824220582233,0.0341634335900616,0.0256934381077991,-38.6834295623
3,"D16","ESIESWDA",933,0.0103172761111098,0.0276471101040254,0.0120901157336434,0,-38.6834295623
3,"D18","DSAETAEVAG",935,0.0357933102432692,0.0412316190443377,0.0266006625321887,0.0156530119721173,-38.6834295623
3,"D19","MDSADSLE",936,0.0401524834047114,0.0469015364849764,0.0298851782874748,0.0195394559089853,-38.6834295623
3,"D20","GMCSAETMDQDK",937,0.102295369447658,0.136019397905166,0.0938390708285188,0.0790473457333172,-38.6834295623
3,"D21","PAESVES",938,0.0572250764360594,0.064638160843333,0.040385432028785,0.031214859518674,-38.6834295623
3,"D24","VGLDSADTIEIIGP",941,0.0733457630680625,0.0702420784487043,0.05672820044611,0.0507583205949816,-38.6834295623
3,"E3","EKYPQDSADCI",950,0.0765415856096334,0.0725970516072078,0.0609715793908816,0.078510431749687,-38.6834295623
3,"E6","DMGIESLETMDV",953,0.0495258790339029,0.0469874891943114,0.0415039603084382,0.0367232939614656,-38.6834295623
3,"E7","APAESVESADAL",954,0.0329582262085674,0.0407150774869674,0.0432484585692018,0.0329334342084922,-38.6834295623
3,"E8","GADSIETVDVIMQ",955,0.0580353478002096,0.0645589804598677,0.046983793402609,0.0393764701851167,-38.6834295623
3,"E9","VDSIDQCEV",956,0.0658502284131915,0.070538847108498,0.0946043687530642,0.0930874853463936,-38.6834295623
3,"E10","SPANQSEDLGADSLDTLETV",957,0.0689598028979505,0.0664832919496276,0.071753121755148,0.0591884479046677,-38.6834295623
3,"E11","GMDSAETADAA",958,0.0345901559618461,0.0447929886032785,0.0454217674176585,0.0366339190787511,-38.6834295623
3,"E12","DSAESL",959,0.0464290360171429,0.058065193799365,0.0510515037715654,0.0408920595863899,-38.6834295623
3,"E13","APVESVETAEVLIF",960,0.0660967707446974,0.0714279879565467,0.0641444700942458,0.0593233453487344,-38.6834295623
3,"E15","EIPVESMDTAEIAM",962,0.0438605387371646,0.0583278823676856,0.0398656737209026,0.035340386379783,-38.6834295623
3,"E16","NWCSEEEDLGADSLDTVEEV",963,0.0330727890502091,0.0376692057219116,0.0585210789301195,0.0523985473946704,-38.6834295623
