"TS","spot","seq","unique_seq_idx","sfp_1","sfp_2","AcpS_1","AcpS_2"
3,"A12","NSASFVEDLGADSLDTVELV",847,0.335323181920794,0.34450790119618,0.166405880721722,0.179451424246948
4,"A19","NSASFVEDLGADSLDTVELV",847,0.335323181920794,0.34450790119618,0.166405880721722,0.179451424246948
5,"E18","WQLCSWCQCKT",2084,0.334810512028049,0.311330462148627,0.256028542175823,0.28934721412576
1,"G5","NSASFVEILGADSLDTVELV",155,0.334787185467357,0.427959556877164,0.187755082769748,0.238613609650646
4,"S1","NPVCSCSRSVW",1917,0.334574257490848,0.29269831808987,0.21829660423844,0.246293384404365
4,"F14","SFEYAIHKESHEGHSE",1540,0.334086721866886,0.30715334104997,0.1051544520336,0.0470027235662556
3,"O21","MDSSEWCAKG",1268,0.333854005710074,0.208671380599984,0.165073839387741,0.159449307228083
3,"O6","CCVMSSDCIVKQV",1253,0.333656148512196,0.384904606783485,0.227965053151723,0.303698084131873
4,"F9","YGMDSFMLCSSTC",1535,0.333618883762413,0.343747909282909,0.176238093178345,0.148571456383688
5,"I21","SCDWHVSFCFCKTQC",2207,0.331518824400344,0.329644450302317,0.374496134609626,0.409725658606042
