"TS","spot","seq","unique_seq_idx","sfp_1","sfp_2","AcpS_1","AcpS_2"
3,"I21","IGVESVCT",1088,0.13162184765037,0.105008408003045,0.108069630581499,0.112002782797184
4,"H6","HYPLESFMTA",1592,0.131411869173361,0.128874753670519,0.167412774754618,0.132572937377032
5,"M23","CSPGCSCSQTCQNCNCC",2329,0.13118566125476,0.121783281202023,0.0940933877146726,0.133386766413495
4,"R7","TLIDKNISLCFTD",1893,0.131010022162498,0.151623345726282,0.18483894796612,0.139582774343204
3,"H10","NNYGFNEDLGAMSLDTVELV",1047,0.130841031810583,0.140166197411507,0.0779308813532329,0.0706787786975376
5,"I27","CTNTMDPHLSMEWR",2213,0.130772162617338,0.0924846136749834,0.0907097815624491,0.116754670311658
4,"M30","PPVLSCSNTLFQCPAL",1766,0.130666504467917,0.134467270629124,0.0570133462778966,0.170451422477058
3,"M27","SADCMESTDSCLSPC",1214,0.130592452444197,0.118076351112417,0.0873573929096585,0.0943182476996259
3,"F14","NNASFVEDLMADSRTTFQLV",991,0.130241401249745,0.132040690091338,0.117155162586864,0.148037793986449
4,"A26","NNASFVEDLMADSRTTFQLV",991,0.130241401249745,0.132040690091338,0.117155162586864,0.148037793986449
