"TS","spot","seq","unique_seq_idx","sfp_1","sfp_2","AcpS_1","AcpS_2","measure"
5,"H25","MCCCCSIIYC",2181,0.159256161846155,0.160617721730035,0.178484415718046,0.188206049803611,-37.3581316983338
5,"B30","CDWKISFCFC",2006,0.159009854097514,0.170709345103408,0.148057939624453,0.178163449516238,-37.3586177657649
4,"N26","ALWLLSIMIRETHAA",1792,0.157004906150126,0.17806807606374,0.149571035617695,0.139843030944148,-37.362664790172
4,"H7","HEGIDSFVTICT",1593,0.155861774843966,0.15651794499782,0.173712398380196,0.14257203315083,-37.3650477167629
4,"K6","TSWQKFCVCSFAAC",1682,0.15350541137242,0.154796424412542,0.161248436225384,0.158344233565008,-37.3701464980218
4,"I19","YCIESTMSIML",1635,0.152158112781538,0.149576256443661,0.173107133655724,0.127293009704054,-37.3731830730354
5,"I1","CENRISWCWCRSNC",2187,0.150279926397507,0.170436054267986,0.255981448656022,0.348694558239319,-37.3775762025504
4,"O18","CCTCSKHMWNCPV",1814,0.149947499212026,0.150908446152256,0.156343578614838,0.115930158582865,-37.3783742673538
4,"J13","CDNGILSLAWVAVN",1659,0.14721917259674,0.14431880405744,0.153932970030712,0.0956779454430852,-37.3851766258763
4,"P24","IISCSNSAYGCC",1850,0.147023342265126,0.145046403636122,0.157399212033803,0.140716641249965,-37.3856831468259
4,"H20","FCIESSEMLMATC",1606,0.145017923421739,0.145496700360844,0.152848716786935,0.0947702748737287,-37.391023471568
1,"F26","NGAESSSSKVVGCM",146,0.144637326765111,0.177567754272026,0.188686026946158,0.162486211841777,-37.3920699879177
3,"A19","NGAESSSSKVVGCM",146,0.144637326765111,0.177567754272026,0.188686026946158,0.162486211841777,-37.3920699879177
4,"M15","EMGIESMDTLIVRV",1751,0.144595292739045,0.143248100453886,0.187322974271816,0.146536373975463,-37.3921862421893
4,"O25","DEGRISIMQIDTIV",1821,0.143463698132079,0.163711303369019,0.160351055833744,0.15100724202155,-37.3953678133696
1,"D3","NSASFREDLDADSLDTVELV",63,0.143305335589675,0.140526694667234,0.150045874677796,0.189183386623265,-37.3958212478059
3,"A14","NSAAFVEDLGADSLDTVELV",849,0.142693865554806,0.142397909384468,0.137780323545332,0.13856755783839,-37.3975916046553
4,"G18","IIHMLSLCTYDSAAT",1574,0.139650041128479,0.163104441219924,0.161384859286931,0.126167945162602,-37.4069030668959
4,"M25","SYTYDNFADSIETMEI",1761,0.138702094333622,0.150096374065541,0.129809738847085,0.0829545909594657,-37.4099894041234
4,"I14","QRDMEPHESMDTADMRMR",1630,0.13683769916181,0.138134047432165,0.166745396096242,0.11946658219845,-37.416352380078
