"TS","spot","seq","unique_seq_idx","sfp_1","sfp_2","AcpS_1","AcpS_2"
3,"R7","TEECACSLSY",1344,0.0585107102597668,0.0757981771223078,0.0684159216968347,0.0827472511325592
1,"F5","NSASFVEDLVADSLDTNELV",125,0.0584772013951305,0.0753856012620845,0.0714704258873528,0.0822193281352126
3,"O14","LDGLESSDT",1261,0.058462717717998,0.0524881227617781,0.0464880403231975,0.0338276602470637
5,"O15","LPMESWESQLVG",2381,0.0584282186232184,0.052282511321448,0.0309422668961989,0.0873012347269692
5,"M6","DFPLESTDTPTLGCT",2312,0.0582731530340368,0.0357909853848855,0.0259710545129384,0.0805068438576551
4,"K19","EKNMSVCFSESHVS",1695,0.0582042619854636,0.0660667350014277,0.133390839471158,0.0794338893463618
1,"H17","NASFVEDKGADSLDTVELGM",197,0.0581366310313711,0.0666360959512469,0.116856206035601,0.137409941271918
4,"L24","FYDEDMPNISHDVHESNI",1730,0.0580628860482645,0.0546851131681083,0.157133781650605,0.111163311003292
3,"E8","GADSIETVDVIMQ",955,0.0580353478002096,0.0645589804598677,0.046983793402609,0.0393764701851167
3,"G18","LGLESIESMELMEM",1025,0.0580019607985291,0.0487642416555349,0.0673956920914988,0.0503230185584803
