"TS","spot","seq","unique_seq_idx","sfp_1","sfp_2","AcpS_1","AcpS_2"
1,"G11","NEASFVDDLGADSYDTVELV",161,0.0257768537024828,0.0271080974268762,0.0404270874524537,0.0457868916998451
1,"H28","YELDSTDSGTVGR",208,0.0254112209931498,0.0333060516621077,0.0776397875472164,0.0855459774854684
1,"E8","LDSSTTLAIGFM",98,0.0253943585760777,0.0298537850954084,0.0600499762259214,0.0592830496714281
3,"M17","ESTDW",1204,0.0249373198878394,0.016567706349112,0.0287174415080542,0.0175820198573736
4,"J1","KWCLDSSDMIAST",1647,0.0248450889900759,0.0349235855102257,0.10296587942633,0.103701814892754
3,"K1","VDSIESVELVAP",1128,0.0245969517297685,0.0359148577652677,0.0406181629406693,0.0428681409701316
1,"H6","ADLESSETLECSCL",186,0.0245814302797205,0.0378406052655939,0.082567552379804,0.0974234684464594
1,"J14","ADSTSTRVIGT",254,0.0245169241755093,0.0258624383233349,0.0496269501529,0.0549588011136718
5,"L3","NNEQEAGADSMDIMMVT",2279,0.0243377803917842,0.0359674832001616,0.0367039984976778,0.0953536218100672
3,"I5","QYPAESMDS",1072,0.0243113390692674,0.0688262496912655,0.0182817933354196,0.0283536020701826
