"TS","spot","seq","unique_seq_idx","sfp_1","sfp_2","AcpS_1","AcpS_2"
4,"I28","CPGLESADSHLDQ",1644,0.0281427942760241,0.025084519058957,0.0258808943013473,0.0714370382679861
4,"K9","APCASIKMWD",1685,0.0273666356839265,0.0295924090144073,0.0873836460608903,0.0288123422448314
1,"D26","AESSSSGVITIV",86,0.0267511944375719,0.0311460274582688,0.0565232099793462,0.0496561622616538
4,"M24","CVNGMATSSNTLQPCP",1760,0.0265302103146134,0.0288162814362828,0.13684900192132,0.098385406305777
4,"J7","WQREPAESSVTHTS",1653,0.0264824489670588,0.0232605245828985,0.113488567778196,0.0835072816967572
1,"E16","KPLESSTSLIYPSV",106,0.0264430453295797,0.0295451346299142,0.0536517932013197,0.0558662693269948
3,"J3","EWCNESLETL",1100,0.0263562776444317,0.0581282808063013,0.0180651694437477,0.0253525046307163
3,"O17","EGMESREWM",1264,0.0261927852249765,0.0109474040843786,0.0477585869258471,0.040618583352973
5,"F2","DYMDSHCWATSN",2098,0.0261687582337311,0.0401195595846395,0.0945641769616847,0.0857097555272312
3,"H8","DLHMESVDPASDVQ",1045,0.0259939298800075,0.043498284957272,0.0365739844993143,0.0301590803692613
