"TS","spot","seq","unique_seq_idx","sfp_1","sfp_2","AcpS_1","AcpS_2"
4,"G28","MTRCGVDSSDSMMASP",1584,0.0508033373527819,0.0534410370239275,0.0253570509870258,0.100532132047326
5,"P28","NCADSSETGCDPS",2424,0.050663591496579,0.0465688247766314,0.0105844875016085,0.0767974491537008
4,"R27","DNGHASAEWMLS",1913,0.0506124680953758,0.0494604302893146,0.0286871923520443,0.0448213996388424
3,"P6","ESTEFCASGAV",1283,0.0505048576268007,0.0755117247295198,0.0637834894374012,0.0866290081714969
5,"P21","EPEVEAESMESA",2417,0.0504371277655733,0.0416223270761494,0.0297883783604303,0.0902493294557925
4,"N14","DGADSHDEVMMAP",1780,0.0504100621387754,0.0477917487142341,0.143540028677878,0.0932443114945204
5,"J1","HHCCLCSVVFCM",2217,0.0503500041758121,0.069700213015661,0.0900610780572658,0.156215709468411
3,"D1","NDSADSL",918,0.0502841652679199,0.071104566917524,0.029593447464087,0.0446208021903521
3,"G22","IDSMDNADLQ",1029,0.050155383922817,0.042918753487243,0.0532893442354369,0.0470929789375675
3,"C19","IPADSVESAEAIAP",906,0.0501413080117973,0.0601657071295831,0.0369596211733252,0.0269977591936394
