"TS","spot","seq","unique_seq_idx","sfp_1","sfp_2","AcpS_1","AcpS_2"
3,"B6","DSVDYLE",863,0.0469083095836695,0.0706590012771532,0.0527675891895117,0.0490132265845104
5,"M29","KSEEEQDLDSTEGET",2335,0.0467869229658521,0.0503219243173062,0.0200027536086991,0.0857508373856911
5,"N4","FCAESKEMQ",2340,0.0466611481835423,0.0367479863682282,0.0452517885685832,0.0860458668379268
3,"D8","DSMECVEA",925,0.0464696952333444,0.0710148518049281,0.0673198160458702,0.0650206362132194
3,"E12","DSAESL",959,0.0464290360171429,0.058065193799365,0.0510515037715654,0.0408920595863899
4,"G10","RFCIESEMACTST",1566,0.0463273622646546,0.0465409730263126,0.142356032784209,0.10597343641762
4,"J30","YWSCEPMDSMESVALS",1676,0.0461009435346679,0.059892056820215,0.0111252409259425,0.066099283945137
3,"B8","DPPDSLDSMS",865,0.0460726363945678,0.0633640654577686,0.0502250465002999,0.0451455813691592
3,"C17","MPVESAESV",904,0.0459628605848937,0.0669870656094802,0.0296848832757978,0.0223548499308205
4,"R14","DWTVSKENFEGIP",1900,0.0458617845312708,0.0413147172111624,0.128645050429664,0.0837490777815685
