"TS","spot","seq","unique_seq_idx","sfp_1","sfp_2","AcpS_1","AcpS_2"
5,"S22","CCCTRGCTCSQSCQQ",2508,0.157310238468096,0.137612230837859,0.136749583857237,0.175463931456719
3,"J28","DSIETFETLAW",1125,0.157233914971805,0.0848593306737853,0.108302879166209,0.139308939874637
3,"P12","ICGLCSTDF",1289,0.1571585650516,0.144237700305489,0.107085667655282,0.105267608211748
4,"N26","ALWLLSIMIRETHAA",1792,0.157004906150126,0.17806807606374,0.149571035617695,0.139843030944148
5,"E30","YDECHCCICSIVWCM",2096,0.156869177095004,0.141150157622893,0.181103652204626,0.149618071560998
3,"Q30","DCIESTDSLISP",1337,0.156674463712408,0.0555077062511462,0.0657475105576619,0.0685448766780336
1,"G29","NNASFEEDLGADSLDTVELV",179,0.15642360223172,0.11004970968182,0.123375000256209,0.151389707084658
4,"F6","DWAKSMDFLLLL",1532,0.156330111991407,0.145364690220703,0.171610349060397,0.130048174496513
4,"H7","HEGIDSFVTICT",1593,0.155861774843966,0.15651794499782,0.173712398380196,0.14257203315083
4,"P5","CFEDDEPKMSIDWIETKNC",1831,0.155597604981247,0.148837180255267,0.0825149757437447,0.0455571062214988
