"TS","spot","seq","unique_seq_idx","sfp_1","sfp_2","AcpS_1","AcpS_2"
5,"G26","KYCMVSVIFC",2152,0.293829159469644,0.267277410541911,0.280711871094139,0.303308132365291
5,"L6","HNKIGIASLELAML",2282,0.293513556065808,0.279912099939289,0.0780135534955384,0.139380975242752
4,"B7","SHVPVASLDWVDTIVC",1413,0.293386949726969,0.335001363645028,0.111879617746196,0.106209462062951
3,"P8","DLFAESHATIAR",1285,0.293348076383363,0.317216860318974,0.0823585518240342,0.0964194777797393
5,"E12","DNHVWHNDSIDFIMTDC",2078,0.291327257983569,0.337293514190694,0.0528740304293221,0.0954632115242898
4,"A14","GDSLSWLLRCLN",1402,0.290619022584424,0.358242343037274,0.157003029448978,0.138194445725994
4,"H28","YNRFCLDSFMVCSTSC",1614,0.289459246727518,0.281120137468891,0.0410095916358174,0.145370158376195
3,"K30","CECCICSLCMMVRP",1157,0.289290852902158,0.230037704615213,0.145841746650442,0.157921105810561
4,"F1","AVKMESLEYLDTM",1527,0.289071020654126,0.339191753484075,0.0176379295693737,0.0859646086786097
5,"G19","CEPKRCCVKSVCWCLSP",2145,0.288644197033164,0.267293925133932,0.249173394399228,0.281346879300043
