"TS","spot","seq","unique_seq_idx","sfp_1","sfp_2","AcpS_1","AcpS_2"
4,"O2","DAGIDSIDSLHIQ",1798,0.307842698016507,0.29962998645687,0.0947441756775333,0.121145486674887
3,"L27","TMCPVESKETLIK",1184,0.30717805618195,0.27761035674766,0.155417347980734,0.153607915556323
5,"F23","CCENRASWCWCRSQC",2119,0.307018778122704,0.285848325895053,0.249335594600689,0.332262586211551
1,"I3","NNASFVEDLGADSLDTVEQF",213,0.306912054163189,0.394737069392336,0.215155171212408,0.288188857933817
4,"F10","CYSCDMGLDSLEYLDTLPT",1536,0.306728423136066,0.364956188847351,0.142530786306952,0.0962258926835162
5,"G20","SVDKRMSWLFTHT",2146,0.306036571252744,0.274288171862624,0.343482838231084,0.338843911364319
5,"E24","PCQEQYASWCWCKTQC",2090,0.306010045359795,0.284952613068572,0.283618849959705,0.31763675894991
3,"R17","WESSETNIKGMG",1354,0.305616750427956,0.191498194335127,0.116364464968493,0.0966412788330665
4,"P27","SWPCEDYIDSIDFRETLV",1853,0.304136658161115,0.295339336489322,0.10389590045316,0.142315859869348
3,"O5","SVSTYFNRYGLDSSKSISLT",1252,0.302549383305907,0.308367056736483,0.206720514698961,0.283644279522384
