"TS","spot","seq","unique_seq_idx","sfp_1","sfp_2","AcpS_1","AcpS_2","measure"
4,"P2","LVGMESKPFMA",1828,0.148247993707831,0.163468983784766,0.0712731502829313,0.114678926805329,-23.3331246287732
4,"C22","TFLQRDPMDSLESC",1458,0.214922071651826,0.228425167461608,0.144002175312204,0.130953399964395,-23.3422393493949
1,"E21","MSASFCEDLGADSLDTVMLW",111,0.219800450135574,0.406678758018524,0.150424759678321,0.186528804536834,-23.3671404764033
5,"I9","EQKISMFWCHS",2195,0.162626188701678,0.13162531384004,0.201753747109258,0.213766793602372,-23.3686124526674
3,"M8","PMISRDSCV",1195,0.13924589883581,0.149917375721037,0.0637183661958996,0.0851979022358256,-23.3834473053067
5,"T9","CCYSGCCTCSQSDQQCCCC",2525,0.163939494013917,0.133501244690567,0.15069826602925,0.18629642903516,-23.387354075406
5,"E4","CHTTLDGVMSYDYRVTNCC",2070,0.163522568035278,0.133094871000246,0.289104515261487,0.212690008952017,-23.3885091380797
3,"Q18","AESRSLKVKRI",1325,0.401435510067633,0.918495530941034,0.337963310822841,0.355008419043453,-23.3914201500212
4,"G27","NHFLSVDWSKTQV",1583,0.129579588884293,0.161611054663239,0.0523953507285058,0.144961288507633,-23.3929398880239
5,"T28","YSKECCTSNTPQQRN",2544,0.220970797479913,0.225771319625326,0.154412913354491,0.217526269320151,-23.4220405909065
5,"G26","KYCMVSVIFC",2152,0.293829159469644,0.267277410541911,0.280711871094139,0.303308132365291,-23.4263806214209
4,"A6","GDSLDWMSCIDY",1398,0.228131853147846,0.265601389286896,0.162495445652647,0.218230178176922,-23.4348662789936
5,"A30","GDSLDWMSCIDY",1398,0.228131853147846,0.265601389286896,0.162495445652647,0.218230178176922,-23.4348662789936
5,"C18","CCNNCNSFCWCHT",2024,0.166285523477583,0.137262556240437,0.240248710218929,0.176234430568445,-23.4384467448794
5,"F30","CENKISAFYCHTQ",2126,0.20089184856515,0.173128778121331,0.273267932694214,0.27136813016264,-23.4434189870908
4,"M30","PPVLSCSNTLFQCPAL",1766,0.130666504467917,0.134467270629124,0.0570133462778966,0.170451422477058,-23.4489983577008
5,"B24","HCCMFSMVFCLTGC",2000,0.185411930744685,0.157495558101718,0.236985367683386,0.209291442217495,-23.4552900296612
4,"I4","SHEGVESLDSVIVNSE",1620,0.227310783969202,0.226602687665004,0.162732703203497,0.107696695034804,-23.4578266855753
5,"C22","RFGIDSILIHTTACT",2028,0.168310822926181,0.167595635013968,0.100544032319387,0.153613268011845,-23.4607730703569
5,"D1","QGWHCCALSIAYCMTWC",2037,0.154082518276047,0.125042694072257,0.345124057126191,0.116519378109797,-23.4614731633711
