"TS","spot","seq","unique_seq_idx","sfp_1","sfp_2","AcpS_1","AcpS_2","measure"
3,"K20","CLESTDSCVTPCM",1147,0.144884655827366,0.125024660360409,0.0755759137148325,0.0720027847546851,-10.0317780323564
5,"N13","SGCCCCSQSDQNK",2349,0.163817520988251,0.145877074651034,0.0899590096641449,0.145766575908518,-10.035499050501
5,"F23","CCENRASWCWCRSQC",2119,0.307018778122704,0.285848325895053,0.249335594600689,0.332262586211551,-10.0369137721953
5,"J12","PQKDGYESKLFVCSVA",2228,0.205741277176599,0.176071485195766,0.15988899454119,0.214104161937944,-10.0538279974323
5,"Q12","TGGCSCSNTCQQCQCC",2438,0.137148140527337,0.10832346602779,0.0868212093061271,0.133882948414699,-10.0625889979441
5,"R5","CCYPGDCSCSNSCQC",2461,0.154935379016546,0.140466296518921,0.0657731060487199,0.100042381736457,-10.1012140606051
1,"D27","NSASFVEDLGADSLDTVELN",87,0.237274665975782,0.219603853900788,0.170388732730618,0.19280683611385,-10.1030043259173
4,"E25","ACDDWKVSADWHK",1521,0.197566003055963,0.185448788632068,0.0937939747344665,0.14412650641323,-10.1076392506713
3,"M13","DSSDYMLKP",1200,0.225763333140345,0.20775245608225,0.161319794379339,0.143409379049371,-10.1384259297663
3,"C30","ESIETVEAV",917,0.0989791174039911,0.0359860035972532,0.0361244078359754,0.0372751378454121,-10.1388141721905
5,"I27","CTNTMDPHLSMEWR",2213,0.130772162617338,0.0924846136749834,0.0907097815624491,0.116754670311658,-10.1398277984145
3,"O25","AGADSVSTNLESSF",1272,0.134890371966803,0.117291683707175,0.0619265082668899,0.0618341250916303,-10.1504583175898
4,"N5","AETSSHRANPR",1771,0.258274668141564,0.242788115387952,0.185517744208682,0.198449839343065,-10.150886892111
4,"D17","NKVSVRRISIEWR",1483,0.374500278187099,0.339687811005391,0.338025071435234,0.308768269982865,-10.1730565662596
5,"P12","GCCSCSNSNQNC",2408,0.112300089510826,0.089585170604875,0.0471926934987834,0.102920997272113,-10.1749597614417
3,"N1","VESTEAVITTV",1218,0.108423320365606,0.0696938356096645,0.0181684081958896,0.0408170180897094,-10.1965378154709
4,"O9","AQVIDTCSRTLFN",1805,0.316729332274932,0.286636396142657,0.276954974045217,0.252738231772829,-10.2034027658513
3,"I24","MPLDSIESAEIVR",1091,0.13619413540094,0.115449829532753,0.0764895175086797,0.0757429122598017,-10.2098510949311
1,"G29","NNASFEEDLGADSLDTVELV",179,0.15642360223172,0.11004970968182,0.123375000256209,0.151389707084658,-10.2250443115871
5,"G7","CCVLSMLNCCTPRC",2133,0.296631543736538,0.274909718308585,0.247027331025848,0.299775578206445,-10.2355030109521
