"TS","spot","seq","unique_seq_idx","sfp_1","sfp_2","AcpS_1","AcpS_2"
5,"H17","AEFHVSIEWCKS",2173,0.159113797580307,0.143445716105052,0.101122922600487,0.125408715210587
5,"B30","CDWKISFCFC",2006,0.159009854097514,0.170709345103408,0.148057939624453,0.178163449516238
5,"F12","HCVECMDSIEFTC",2108,0.158911181231887,0.168448898998801,0.0558831506635054,0.0997855201304678
5,"O22","GGCCCCSNSENQK",2388,0.158309466839394,0.135369627738524,0.112743054009894,0.163248849357996
5,"O14","CWGPCCSCSQSNQQCQCC",2380,0.158059069322242,0.143733589295038,0.0844914666104269,0.136576495606055
5,"I10","HCIDCMASAIYCV",2196,0.15772860450607,0.137393767240298,0.17641529284215,0.169984931414294
5,"C24","WCIVSRMWCLSECC",2030,0.157725983598081,0.133310255094358,0.141045067476792,0.145425436498317
4,"L12","RWTILDRLLSIEFIE",1718,0.157668339742464,0.148875804581354,0.202480993176305,0.162026238522383
3,"A6","GDSLDMLEWALM",843,0.157377770375018,0.227461890522078,0.098758767134385,0.175772034306278
5,"L25","CWSKGCTSSQTPNNCQCC",2301,0.157354016271877,0.154045065061644,0.105706635102332,0.148495605483885
