"TS","spot","seq","unique_seq_idx","sfp_1","sfp_2","AcpS_1","AcpS_2","measure"
5,"A18","ESIETVELLC",1009,0.223614185304224,0.248164532068375,0.0727164628130995,0.119880285206296,-22.4182628553917
5,"J29","QLVDWHISLYYTHSNC",2245,0.218133304566434,0.149799728028622,0.316332232133105,0.205325643007506,-22.4276825944421
4,"S11","GGCCTCSRRIWGHCA",1927,0.328910765627905,0.264963372141773,0.346134420086491,0.33291474733902,-22.4285952202819
4,"M29","EDEWQVSLCYTDTK",1765,0.194169898238974,0.193153322190675,0.0420289998292085,0.141038758918213,-22.4385108407737
5,"I18","IECIMSWMYCAT",2204,0.184074979658168,0.115776588961473,0.3997595700673,0.221627684373052,-22.4654154152196
5,"B19","PYQWQLCSFCDCKTWHC",1995,0.297125052070607,0.23452746500333,0.300290247871001,0.250419010672855,-22.4669779848977
1,"G9","NNASFVEDLGADSLDTVTLV",159,0.262166320887111,0.285441652536008,0.121293656127318,0.126554010655019,-22.4675642829872
3,"A17","NNASFVEDLGADSLDTVTLV",159,0.262166320887111,0.285441652536008,0.121293656127318,0.126554010655019,-22.4675642829872
5,"D26","GRYRCNVLSKIPCCSG",2062,0.437641721791759,0.378256012366252,0.496624810354931,0.496635044396547,-22.4677863568799
4,"A17","GDSLSWLLRCLH",1405,0.301220573968105,0.370107468029509,0.165756959522412,0.159517246546375,-22.4897895280827
5,"D9","CREPIMSMEYIATLCC",2045,0.32617672268924,0.345573061123275,0.192770220354374,0.171692171177648,-22.4952204340486
5,"F29","RECADSVDWLTTAVT",2125,0.228874534338303,0.253471936201223,0.088561455948707,0.0930685791347869,-22.4965237857967
3,"O29","TCIGVCSKSQIAHRII",1276,0.486749769720397,0.682654064423371,0.360228877576156,0.41076317735132,-22.5012657004823
5,"J7","RYCFNAKSWCPCC",2223,0.392518844989753,0.334334564245131,0.410177065309906,0.510939273271066,-22.5045003894981
4,"N27","MMTCSNTIFPKG",1793,0.363876945045652,0.388736161097756,0.234004696555141,0.356167882420458,-22.5102406716232
4,"A14","GDSLSWLLRCLN",1402,0.290619022584424,0.358242343037274,0.157003029448978,0.138194445725994,-22.511244712377
5,"G3","RCCLVSIIFCLYFDC",2129,0.259934425301822,0.199191793260624,0.482655573418335,0.307546705973454,-22.5211576041775
1,"B3","DSLEFIASKLAGSGSGSGSG",3,0.365336944219572,0.497910550362945,0.236796588642494,0.250740673742347,-22.5216032781336
1,"J27","NEASFVDDLGADSLDTVWLV",267,0.204159654206454,0.249990317640665,0.0641441268228672,0.0714548122109204,-22.5219236535649
1,"D13","NRASFVEDLGADSLDTVALT",73,0.330103617587375,0.428089836577418,0.199996951078249,0.239489307708103,-22.5223377611678
