"TS","spot","seq","unique_seq_idx","sfp_1","sfp_2","AcpS_1","AcpS_2"
4,"S29","GGCLTTSHHINQKC",1945,0.311794208301063,0.2624164386392,0.152747532714455,0.242038589975578
4,"R1","TDIEHRASLCYSETHPC",1887,0.311702032129384,0.3396546628281,0.0867114500164957,0.089176860740708
5,"B3","RCCQIISMMCCCTRCS",1979,0.311312919854617,0.264052868519546,0.335694066289481,0.379766613333577
5,"I26","VFPMESLEFVTTE",2212,0.311230001238113,0.439665326554268,0.0535969256883231,0.1092753722972
5,"K12","CHCCACSWLFCRTQH",2258,0.311208601956397,0.272599456707022,0.282570921843487,0.335207109846976
3,"I27","NNASFHEDLGADSLDTVCLV",1094,0.311194376002768,0.218582303269902,0.197226454234078,0.23268910921433
5,"P7","YCDQCPLDSFECVDLI",2403,0.31062480190203,0.267328856364222,0.0927901183394961,0.129978429167434
1,"B5","GDSLSWLLRLLN",5,0.308215517740193,0.461666999379086,0.125919627098507,0.127150633851775
3,"A8","GDSLSWLLRLLN",5,0.308215517740193,0.461666999379086,0.125919627098507,0.127150633851775
4,"A9","GDSLSWLLRLLN",5,0.308215517740193,0.461666999379086,0.125919627098507,0.127150633851775
