"TS","spot","seq","unique_seq_idx","sfp_1","sfp_2","AcpS_1","AcpS_2","measure"
1,"G22","IESTDSVTLSRD",172,0.00887104008562749,0.0142296382372201,0.0432546150526207,0.0468971138668122,-38.6834295623
1,"G23","NSASFVEDLGADSRITVELP",173,0.0170882935641987,0.0267365688197571,0.0537857765893895,0.057423924587682,-38.6834295623
1,"G24","MSLDSSETNMYPTI",174,0.00556554377941269,0.00910635265224282,0.0432054591734181,0.0464560225692887,-38.6834295623
1,"G25","NHSFVEDLGADSSDTVELFM",175,0.0329082894692608,0.0447144267782831,0.0469741948618432,0.0487754070805418,-38.6834295623
1,"G26","NIESTSSMDMPSL",176,0.00493187853537144,0.00956697405742367,0.0216727001419646,0.0274035131145663,-38.6834295623
1,"G28","VDSTSSECAGVE",178,0.0137608046292339,0.0235569240989082,0.0750343765395101,0.087545295009253,-38.6834295623
1,"G30","QGMDSTESNMLGLV",180,0.0152681196914582,0.0148054348332444,0.0743074410204358,0.0739777459492955,-38.6834295623
1,"H2","TVESSDSLVNPRE",182,0.00369371035711325,0.00447696600806445,0.0296211609860387,0.0347007794160114,-38.6834295623
1,"H4","ADSSSSADMGLL",184,0.00708633616002016,0.00842958598193061,0.0420862104330176,0.0443640658811266,-38.6834295623
1,"H6","ADLESSETLECSCL",186,0.0245814302797205,0.0378406052655939,0.082567552379804,0.0974234684464594,-38.6834295623
1,"H7","NNASFVEDLGADSGDTVEQY",187,0.0166228950580983,0.0173049533869421,0.0306404731346408,0.0316836953649883,-38.6834295623
1,"H8","GMESTSTADQSIE",188,0.00426356333704722,0.00474202237284432,0.0100453923809708,0.0173123287350119,-38.6834295623
1,"H10","IESSSTLPISVE",190,0.00779518844078222,0.00922546930000768,0.0232067856562437,0.0283415483777246,-38.6834295623
1,"H12","CIDSSDTAILSTL",192,0.0328841101929105,0.046967247162526,0.0637734033417988,0.0684155624606505,-38.6834295623
1,"H13","SEKSFVDDLDIRSSSTVEIA",193,0.0314374115252236,0.034841712055777,0.0403815174124634,0.0427941756438542,-38.6834295623
1,"H14","ADLDSTESVTIPC",194,0.0197326653786213,0.0308688028372216,0.0791312912208489,0.0935301969389161,-38.6834295623
1,"H16","RACSSSTLLITCE",196,0.0477640789098434,0.0640289676877764,0.130576243178164,0.146457298624108,-38.6834295623
1,"H17","NASFVEDKGADSLDTVELGM",197,0.0581366310313711,0.0666360959512469,0.116856206035601,0.137409941271918,-38.6834295623
1,"H18","VPADSSDTMSGTCE",198,0.0153293247988112,0.0276722019157915,0.0770749244900418,0.0865978999890071,-38.6834295623
1,"H19","ASFVEDLRADSLDTVELTMA",199,0.0926513285449774,0.118124485182634,0.164792769172304,0.238185609778069,-38.6834295623
