"TS","spot","seq","unique_seq_idx","sfp_1","sfp_2","AcpS_1","AcpS_2"
1,"I1","NEISFVDDLGADSLDTWELV",211,0.0239168155619508,0.026212540218331,0.0842141809518624,0.137788104006539
3,"I1","GLESAETS",1068,0.0235199102777557,0.0446032178375115,0.0305496779174862,0.0355528647670452
3,"Q5","CGMDSTTSRMTQG",1312,0.0227927906774002,0.0355767997638816,0.0678270762526694,0.0747380924733403
3,"C9","DMEAESIED",896,0.0226397278765297,0.0330000390015391,0.0553727259187042,0.0570149714233668
1,"F25","NNASFVEDLGADSRDTVELV",145,0.0225538823177247,0.0288846628419078,0.0294599476314501,0.0447715313846685
3,"S3","ESTETV",1370,0.0223120097050625,0.0721443009902872,0.0461836043295962,0.0462089277283211
3,"G5","IPIDSMESVDAVD",1012,0.0222846115859288,0.0369256334697065,0.0312181858142355,0.0348544658456344
1,"E26","FVDSSSTLSIGTM",116,0.0222084340477799,0.0272877908286676,0.0668921869967397,0.0648968647612626
3,"A5","GDALDMLEWSLM",842,0.0216147734063941,0.0390469007017832,0.0544289196131272,0.0509058130120319
1,"C20","DGIDSTSTIACPLE",50,0.0209956015460453,0.0319712204023116,0.0769162137524036,0.0831339742014655
