"TS","spot","seq","unique_seq_idx","sfp_1","sfp_2","AcpS_1","AcpS_2"
5,"Q19","FSGECTCSNTCNQ",2445,0.118757430773246,0.104766820692384,0.0610711489189045,0.111536131537369
3,"Q28","VDSTDMILH",1335,0.118694437266338,0.0512787649858709,0.0496435224289585,0.0520925014814542
5,"P9","HGCCSSQTCNQ",2405,0.118653919308254,0.0774862242338526,0.0843103657556163,0.130926054511741
5,"D11","RLDPHVSPDFCHSNCC",2047,0.118580476282174,0.108662452936774,0.119361347653072,0.148905738418551
4,"E3","TFIDGAQSLQIW",1499,0.118441801154098,0.103340141785997,0.0337868506389625,0.0847308838276313
3,"L17","TLDCVESRET",1174,0.11834708207863,0.103348921155715,0.0555070102497495,0.0502497325181155
5,"N21","GCSTSQSPNNCCCC",2357,0.1182604086944,0.0970826142352444,0.0827976080578569,0.125189392938406
5,"T6","CTGECSTSNTSNCC",2522,0.118089099235921,0.122443895074082,0.0854673192621983,0.128609843333276
5,"I15","REGADSMMFL",2201,0.117883372359338,0.104277692894695,0.0898529276187682,0.150458135572133
3,"O13","DSHEFCV",1260,0.117832669660426,0.126523213442449,0.0908372340174929,0.0900141585490049
