"TS","spot","seq","unique_seq_idx","sfp_1","sfp_2","AcpS_1","AcpS_2"
3,"J21","VESMFSVE",1118,0.121774454374991,0.0806644937735526,0.0613944589270548,0.0574808320343737
4,"P22","PGVCTSSHTLNQHGMV",1848,0.12174860663534,0.108936358057884,0.169477764341029,0.122075652177808
3,"Q16","CFMDSTEVC",1323,0.12154054165974,0.0831399852042527,0.101124739017999,0.10421482867701
3,"A23","NGAESSSAKVVGCM",856,0.121445167686666,0.094830937267267,0.111356009958958,0.118103913830609
3,"R10","NFASFVEDLCACSLDTVELP",1347,0.121370428876925,0.120795063708759,0.0956339608412233,0.105520973392227
5,"Q14","ECCCSQTPNNCCC",2440,0.121243491606637,0.0987439459631261,0.0917654694063614,0.134582368483415
4,"F20","REGMDSEAARS",1546,0.121095183257825,0.112926839337402,0.157351265766656,0.116386292262929
3,"E2","NSTSFVEDCHADSLDTVELV",949,0.120948497842266,0.10668750789447,0.137536366528451,0.186618964794541
3,"L25","PVDSSDSQISGLM",1182,0.120948395990522,0.0658665976448084,0.0586458528718199,0.050216719713421
3,"C28","GIDSIDSMEAVMC",915,0.120940594146932,0.0918045814520292,0.0814829008436535,0.0853489055655074
