"TS","spot","seq","unique_seq_idx","sfp_1","sfp_2","AcpS_1","AcpS_2"
3,"N19","ESSDSILT",1236,0.097196854476581,0.0582475854000267,0.060484907771902,0.0525927894881674
4,"C30","TADIDPLLSAETYESQ",1466,0.0971911425274641,0.105658941259976,0.145474948841784,0.127118209399643
5,"R2","CFSGCCTCSQTQQQ",2458,0.0971186959904844,0.132860617399711,0.095713589667059,0.14587159462319
5,"N29","CCWTRPCSSSQTDNQHN",2365,0.09708384655458,0.108376481793035,0.047050439932775,0.131867566144149
4,"P16","CMGVADLTSRTMQPCGAM",1842,0.0970211450082948,0.0808257133481944,0.157378994185394,0.122547654566442
3,"F4","ESVCSVDICR",981,0.0968963510911084,0.101017323444568,0.119360444681259,0.130300347100761
1,"H9","STITSFNRYGLDSSASISLT",189,0.0967760818103158,0.082327935348105,0.0896075259184326,0.0892384526356212
5,"L29","DCTTSQSGNCCCC",2305,0.0967707200528001,0.0957665189968737,0.103785895734071,0.150567153911411
3,"B22","MPAESIESADAVCP",879,0.0967253623832954,0.0966779131648379,0.0750031605002275,0.0698275187305381
3,"P22","NRASFVDDLGNDSTDTQEQT",1299,0.0966300291509193,0.0898962176973817,0.0688137014962766,0.0619683237618237
