"TS","spot","seq","unique_seq_idx","sfp_1","sfp_2","AcpS_1","AcpS_2","measure"
3,"I23","APADSLESAEK",1090,0.1174457756257,0.150030126451018,0.0822042853219082,0.0760619280978359,-24.6950065854865
5,"D13","ECVCCCCSILYCA",2049,0.199724018046923,0.189031515075082,0.227723025885138,0.205471000793211,-24.7227657438914
4,"F6","DWAKSMDFLLLL",1532,0.156330111991407,0.145364690220703,0.171610349060397,0.130048174496513,-24.746722111357
5,"C20","NWNVCSYCGCKSE",2026,0.177063733973172,0.166351153326373,0.168084483244705,0.19186059251296,-24.7482651726071
5,"C13","KEGHESMAFMRY",2019,0.20726886331787,0.196829934880698,0.225284306449404,0.242855920522888,-24.7540512235211
1,"B21","DSLEFAASKLA",21,0.215107210545051,0.444513199797791,0.184578794953688,0.187667840073659,-24.7581804943985
4,"S8","LPVISMDWKHT",1924,0.0940395394091736,0.064950241472829,0.114679448361333,0.0592828056035666,-24.7740474118174
4,"G1","AEPQDSCDWSKTL",1557,0.102177022106693,0.104758085654472,0.033037519520008,0.114560706149038,-24.7754858381237
4,"G16","NYLEDMFMISMLHMENR",1572,0.149790506165485,0.139183865936319,0.189708964875421,0.158804254956417,-24.815091990025
4,"F4","PKVVGHLSLEFF",1530,0.150540391613107,0.139972081821628,0.135493628468339,0.148755914838923,-24.8192030832821
3,"Q20","TDWCLESKESV",1327,0.0666423294262136,0.0391994600856212,0.0511370233224085,0.0467930345132933,-24.8422058983415
5,"T6","CTGECSTSNTSNCC",2522,0.118089099235921,0.122443895074082,0.0854673192621983,0.128609843333276,-24.8487154034127
3,"P20","PADSTEIVVA",1297,0.0751360519128992,0.0482414132436834,0.0856665995069218,0.0869106310856799,-24.8659729651334
1,"H11","ASFVDDLGADSLDTVELSMA",191,0.13922927728436,0.128828476977317,0.13677946487184,0.190188143292068,-24.876750678951
4,"L6","CEIYNVSLIWA",1712,0.105674462001591,0.079097085420861,0.134937429010128,0.113193234247406,-24.8799895340039
5,"Q30","CCGRECSCSQTCNQ",2456,0.104917366119801,0.102356777140857,0.0409732595891625,0.11007024055028,-24.8817117767837
3,"Q8","ECAESSDTCISPI",1315,0.110281259138801,0.131329671471491,0.0757145908695721,0.0909925783176697,-24.8935621290735
4,"J5","IGLDSVEFSTITIT",1651,0.169491636377449,0.159620328933392,0.164919644727312,0.124993514022379,-24.896054539278
4,"S2","PPCITTSHHLNPCC",1918,0.105588127568182,0.0804607629850372,0.101602786776066,0.0692508730396535,-24.946676786958
1,"H25","NNASFVEDLGADSLDTAELV",205,0.179889211471515,0.170403758165936,0.199516915529942,0.249107854942172,-24.9495309264636
