"TS","spot","seq","unique_seq_idx","sfp_1","sfp_2","AcpS_1","AcpS_2","measure"
4,"E9","EDFLLPVDSLDLVS",1505,0.446753392310623,0.469589255189933,0.141320617213653,0.101274660463096,-21.5407573062035
4,"P30","SWCRAGPAESMAYLLFMA",1856,0.360473589427898,0.372370573905088,0.0542045257376701,0.0965540253013914,-21.5672991694174
3,"P11","DSLETKASKLA",1288,0.705029138563988,0.70420159063436,0.437464687021344,0.447368702350246,-21.6250832936306
4,"E13","SHYVPQDSIDAYFTLVT",1509,0.454019663408435,0.451015410995006,0.176654645340273,0.143786515053204,-21.6412294401131
4,"E1","ADGVDSLAMLCLSC",1497,0.34071125306372,0.435468944974207,0.0532901896645303,0.118884550243464,-21.642984213824
4,"N28","YGDEIPAESLDFLE",1794,0.3261182386026,0.404654073126295,0.0556513915928343,0.127138919409132,-21.7143662625645
1,"B20","DSLEFIAAKLA",20,0.400918809863995,0.510778296196539,0.138033350668917,0.115543142503072,-21.7152653503786
4,"F1","AVKMESLEYLDTM",1527,0.289071020654126,0.339191753484075,0.0176379295693737,0.0859646086786097,-21.7292105671104
5,"I26","VFPMESLEFVTTE",2212,0.311230001238113,0.439665326554268,0.0535969256883231,0.1092753722972,-21.7735351739691
4,"I27","WYQCFGADSRIIKTTS",1643,0.45670973984802,0.455463441983557,0.213876443939291,0.399147753883796,-21.7830869661928
5,"G24","EPCMEYHMSYAYCK",2150,0.530442889486732,0.420256605115955,0.641174817907895,0.582268292818803,-21.7912052691921
5,"G17","HFCYNICSRCYCKT",2143,0.664199661479202,0.558409500147444,0.742934111154815,0.800881660107044,-21.8059943444762
5,"H9","EDCFWQACSVFYWACGES",2165,0.265387901201887,0.146316145422085,0.354432665388623,0.246278799261269,-21.8096884843468
5,"C14","QENYLSFCYCRSN",2020,0.489175022723056,0.381264717426351,0.634132293383871,0.503739463310372,-21.8231843118905
5,"B12","CEFAESHCYLKTRV",1988,0.683851143180994,0.581045209096155,0.683335996938921,0.623791424147762,-21.832305078877
4,"M27","CAQGCCTCSHKMFQC",1763,0.466925413595803,0.473632954149512,0.238757977200877,0.402781345831977,-21.8475224610089
4,"C6","CYGIDSIETC",1442,0.321111252441384,0.334548154075201,0.0828201211124673,0.0810369467750604,-21.8527848900728
1,"B19","DSLEFIASALA",19,0.452559646765653,0.590572007007854,0.227292135047703,0.24745935498034,-21.8654793393753
5,"E12","DNHVWHNDSIDFIMTDC",2078,0.291327257983569,0.337293514190694,0.0528740304293221,0.0954632115242898,-21.8671399572863
3,"O30","PDEPLLSKLTVLRAAG",1277,0.467694225085278,0.529374289591972,0.253612191919859,0.278814149991331,-21.9165387308788
