"TS","spot","seq","unique_seq_idx","sfp_1","sfp_2","AcpS_1","AcpS_2"
3,"S21","GADSSECQMSPSN",1388,0.103221935133097,0.103718995995173,0.0783344147163687,0.0867820907795332
3,"I29","EDVPVESMDTIDMVA",1096,0.10298321501553,0.0634604800755258,0.0524079249007102,0.0534863167528655
3,"P14","MCSHEVCI",1291,0.102928561369704,0.0993197028196707,0.0862507267330451,0.0845982519929901
1,"H21","NSASFVFDLGADSLDTVELP",201,0.102807675885017,0.115810664800668,0.0749533403085602,0.0812752569502723
3,"H21","DSLDSVDIMIN",1058,0.102741968974712,0.0744182247004796,0.0732776090648928,0.0709194977752379
3,"O2","SACCVDSALTA",1249,0.102599458014519,0.0590506764444626,0.0473498176718434,0.0638171260410437
4,"D28","TFNCDCADSKMAC",1494,0.102444010094406,0.100001875653854,0.0589605185338025,0.112012714804512
3,"M26","DQPMDSRTYQIHT",1213,0.102384815649231,0.0946556820960163,0.0743194626037003,0.0774495907505096
3,"O26","GIESSDF",1273,0.102382737873654,0.0933125769525758,0.0536570546390186,0.0608528761409421
5,"T22","ECCCSQSCNC",2538,0.102304119245952,0.0894656134121803,0.0670041296832936,0.113680644545219
