"TS","spot","seq","unique_seq_idx","sfp_1","sfp_2","AcpS_1","AcpS_2","measure"
1,"C7","EASFHDDLGADSSDTNELTM",37,0.0107951848466745,0.0107405494689465,0.0231883522015428,0.0258615797987911,-38.6834295623
1,"C8","APAESTSTAAVPTV",38,0.00494548200650074,0.00855399317589865,0.0341184570269313,0.0374483881077458,-38.6834295623
1,"C9","NNASFDEDLGADSSDTVELV",39,0.012052486191436,0.014512894080939,0.0276802134548792,0.0240483358772394,-38.6834295623
1,"C10","VSMESSETLMLPIE",40,0.00511774358140384,0.00641584538060995,0.0177032134863856,0.0210328015899171,-38.6834295623
1,"C11","NEASFVDDLGADSSDTVELV",41,0.0139042613270935,0.0139064916751292,0.024209102421079,0.0345729850855791,-38.6834295623
1,"C12","FEVESSDSAEVTND",42,0.00685642278011469,0.00784021913489511,0.026436450183079,0.023751392995517,-38.6834295623
1,"C13","NRYGLDSSSSISLTSDFPDW",43,0.0553590629424445,0.0698700216761406,0.0377786090217075,0.034574759157184,-38.6834295623
1,"C14","YPIDSTDTGVMSVD",44,0.00966569725924681,0.0110707060047567,0.0322170097558453,0.0304311192454526,-38.6834295623
1,"C15","NKYGLDSSSSISLTSDSGDW",45,0.0429387363686174,0.0438899216052468,0.0343481748514724,0.029299567435972,-38.6834295623
1,"C16","GADSSSTALMGWE",46,0.00618507991588225,0.00560033413611904,0.00614935940050723,0,-38.6834295623
1,"C17","NSASFVEDLCADSLDTVELP",47,0.0824416396187627,0.103268948876845,0.107296806925379,0.115512942502534,-38.6834295623
1,"C18","LPLESSTSFAATSL",48,0.0418657021351034,0.0431611488657572,0.0568525095470136,0.0630603539925714,-38.6834295623
1,"C20","DGIDSTSTIACPLE",50,0.0209956015460453,0.0319712204023116,0.0769162137524036,0.0831339742014655,-38.6834295623
1,"C22","VPADSTDTISLSSE",52,0.00581881644281839,0.00868403480157308,0.0408646718938357,0.0401551727609409,-38.6834295623
1,"C23","SASFVEDLGADSSDTVELVM",53,0.0134463689093906,0.0141818116995433,0.0493195391454246,0.0453016933117321,-38.6834295623
1,"C24","ADSTETMMMTSE",54,0,0.00264826226020039,0.0316157653716621,0.0367339062584264,-38.6834295623
1,"C25","SASWVEDLSADSTDTVELVA",55,0.00936482295961743,0.0105410694243552,0.0306516041771958,0.027487424662313,-38.6834295623
1,"C26","GIDSTDSALVPAE",56,0.00181231035156214,0.00154113610898959,0.0265327262306814,0.0201289426946868,-38.6834295623
1,"C28","PIESTSSMIQTSD",58,0.00351089400244676,0.0067186497925496,0.0296485403625246,0.02365200420239,-38.6834295623
1,"C30","PVDSSTTMLQPAE",60,0.00125109883474121,0.00477143780973406,0.0278224517436357,0.0226850128279802,-38.6834295623
