"TS","spot","seq","unique_seq_idx","sfp_1","sfp_2","AcpS_1","AcpS_2","measure"
5,"Q9","CCTPGCSSSQTCNNCQCC",2435,0.146777183673679,0.0901319334229813,0.0988592957037623,0.140576177350212,-9.35618561161767
5,"S10","HCCTCSQTGNNCCCC",2496,0.150695873135799,0.103001208524207,0.0970032612748965,0.14629338360671,-9.35891068346063
1,"J21","NRASFSDDLGADSLDTVELV",261,0.269432661987162,0.241572397313112,0.194425546783291,0.246957292716167,-9.36810638909588
5,"G27","WGRVSLEPCKT",2153,0.27725136921344,0.251477776571254,0.197271324595248,0.223189652056943,-9.37222800811796
5,"P10","GCTCSQTCQQCNC",2406,0.12734931438541,0.0907548384734049,0.0586621791601931,0.110630559388926,-9.38590935582617
5,"S9","PDCTTSNCGQCR",2495,0.240014948557806,0.169733051936699,0.201814146494415,0.260722929290779,-9.38830286844928
4,"S7","PGCITTSRKANQCC",1923,0.527366386162443,0.499829218799548,0.45855155569551,0.492265580279041,-9.40026889226815
3,"I28","DSMETLDVLCP",1095,0.13318918302761,0.0868299804075781,0.0785922749462888,0.0888119266217192,-9.41881410576193
3,"O27","YMESTAYVISSLL",1274,0.178854677260746,0.154671135830857,0.0913113335821285,0.100519132964273,-9.42146166513806
4,"R19","SSILKLDSKMIT",1905,0.639877531333073,0.61156910288527,0.574911797625216,0.641130302133578,-9.42220929469746
3,"K21","CGLDSSEWVLSPLV",1148,0.127719662893869,0.0865951093498189,0.0669694698679353,0.0635975576554579,-9.42225205300268
5,"C28","NCHDSMDFAASK",2034,0.238624024047416,0.224008394474864,0.0965835062244449,0.144287343316492,-9.43101039049932
4,"N1","TCIQACCLCSKRMFGCPVV",1767,0.403550802265878,0.384593512789973,0.3064785708202,0.38151901237106,-9.45187102837163
3,"G30","IGTDSMEEMECVEC",1037,0.138582721760332,0.113866780155543,0.0490518519702288,0.0404986498957529,-9.45216429684052
3,"N28","PMDSTDTMI",1245,0.128765232156989,0.092848175022331,0.0627177194140359,0.0689910864042637,-9.45278724824962
3,"P25","GIDSTDSMATPML",1302,0.144055440038834,0.12008668813222,0.0535382561207946,0.0563161805068564,-9.4587724531754
5,"Q6","CWSRECTCSQSCQQ",2432,0.139510615468607,0.11354065811961,0.0547670391092708,0.0948664389642286,-9.45893815349348
3,"L19","DGMDSSLFM",1176,0.125639585467028,0.089838131045747,0.0591164618425436,0.0537832274759339,-9.46337586869317
3,"J21","VESMFSVE",1118,0.121774454374991,0.0806644937735526,0.0613944589270548,0.0574808320343737,-9.46817466800739
5,"E18","WQLCSWCQCKT",2084,0.334810512028049,0.311330462148627,0.256028542175823,0.28934721412576,-9.47412979726001
