"TS","spot","seq","unique_seq_idx","sfp_1","sfp_2","AcpS_1","AcpS_2"
5,"Q4","QQYECGVESTSSIILSHM",2430,0.120590251891142,0.127782244492742,0.0492632515594255,0.0904861072325069
5,"R16","CGGDCTTSQTGNNCNCC",2472,0.120428763637327,0.101886850952904,0.0788202246234404,0.118438169446096
5,"N19","SGDCTCSQTCNNHQCC",2355,0.120298236659212,0.106005445285185,0.105048688034378,0.151647881048879
5,"S29","SGDCCSSQTCNQHNCC",2515,0.119691654866167,0.118816541924208,0.102444800727031,0.159908448592753
5,"T16","YYTELEIDSSVTQA",2532,0.119635780563973,0.0988182163404062,0.120690644954997,0.157085599251613
5,"R26","CCCSPGCSSSQTEQQCCCC",2482,0.119495922001368,0.108058326819142,0.0774421310401514,0.121525336836243
5,"K13","FEFVDSVEFKET",2259,0.119261653148767,0.115838662089802,0.0464665629928126,0.117586049423647
4,"F22","GPQLSVETWKTNM",1548,0.119120939922184,0.116899756160939,0.115833117482388,0.0654275167660384
4,"B18","QRFCCCSYMLCS",1424,0.11897877138733,0.11715317368504,0.146545034418805,0.145495763238939
3,"O10","TACPAESSDFAMHGCL",1257,0.118870824116583,0.117137813550588,0.0917621970322061,0.0962387169090164
