"TS","spot","seq","unique_seq_idx","sfp_1","sfp_2","AcpS_1","AcpS_2"
5,"R20","PCTTSQTCQNH",2476,0.111198213710137,0.0997648315474137,0.0923787554710337,0.146820334148638
1,"B6","GDALSWLLRLLN",6,0.111150903895047,0.106568726879264,0.105693782870333,0.100368154455496
3,"A9","GDALSWLLRLLN",6,0.111150903895047,0.106568726879264,0.105693782870333,0.100368154455496
4,"A10","GDALSWLLRLLN",6,0.111150903895047,0.106568726879264,0.105693782870333,0.100368154455496
4,"G24","EPLESREWAIMSCS",1580,0.110914178318562,0.125358017518816,0.104791687693519,0.0753678567514046
5,"T7","HCLESYDSC",2523,0.110853290698242,0.0962175756784037,0.0733326133084438,0.115102396817899
5,"L23","CPGDCSTSQTGNQHCC",2299,0.110771869743447,0.100005576258158,0.106941964291144,0.148914994692641
4,"R22","SDNGIESKDTRDSRV",1908,0.110660547069102,0.115809478238281,0.164654385038895,0.158901080974806
3,"K26","TMVGVDSTAVM",1153,0.110528331099376,0.0565822486224653,0.0623747389808814,0.0539854287742798
5,"P17","CCYPHECTCSQSCNN",2413,0.110423058571349,0.113803985855641,0.0829141255990984,0.125098430047351
