"TS","spot","seq","unique_seq_idx","sfp_1","sfp_2","AcpS_1","AcpS_2"
1,"D17","EASFVDDLGADSSDTVELVM",77,0.0111717297685517,0.0126681335253482,0.0323263778518219,0.0304525304544767
1,"G15","ASFVEDAGADSSDTVELEDA",165,0.0110587179334358,0.0116556552457125,0.0435918146723028,0.0433537626896052
1,"C7","EASFHDDLGADSSDTNELTM",37,0.0107951848466745,0.0107405494689465,0.0231883522015428,0.0258615797987911
1,"F6","ALIDSSETMTRSSD",126,0.0105887779284731,0.0144143047524425,0.0384596383283654,0.0416144384182556
1,"B26","VDMESTTTITIPCD",26,0.0105208236491998,0.0199328999497222,0.0918494785047246,0.0926161218382372
1,"H30","YAESSSTDERGLE",210,0.0103224064049228,0.0125700997042031,0.0707085471122039,0.0775339030686617
3,"D16","ESIESWDA",933,0.0103172761111098,0.0276471101040254,0.0120901157336434,0
1,"J4","LTVESSSTLMGGSP",244,0.0102983112304033,0.0100631214803589,0.0391019704535234,0.0416555479395818
1,"I14","GVESTSTYEMGMV",224,0.0102260887832176,0.0129693507734269,0.0302306415946627,0.0355859595803216
1,"G8","KDLPSTETQMMSNI",158,0.0101179128033718,0.0137217722544448,0.033785291476363,0.0349799815816852
