"TS","spot","seq","unique_seq_idx","sfp_1","sfp_2","AcpS_1","AcpS_2"
5,"L18","GIYPLDSLESQE",2294,0.082142309317059,0.0834503770591225,0.0641244436530657,0.128634269612124
4,"G5","ACEMDSMEMMVSSCT",1561,0.0821045452158321,0.0803137516926074,0.147120427556744,0.104600658645788
1,"G7","EATFVDDIGADSLDTVELSM",157,0.0820924698428057,0.0784267394833339,0.0763369326333961,0.106337117896201
4,"S3","TCAGGCMSTSQTMQ",1919,0.0820187685363272,0.0592477354830743,0.0787481212666494,0.0734385983349955
3,"R3","EPLDSRESMVRPLM",1340,0.0818229855722214,0.100000867724883,0.0736045120591393,0.0730575924379813
4,"Q26","CCSCSQHVWQCC",1882,0.0817977805680477,0.0735188414032691,0.0625370103988108,0.0676517033222992
3,"B15","LESLESMEAMCP",872,0.0815490451215817,0.109808870460439,0.0582676263145459,0.0604215622284978
5,"P11","DELPIDSSSTCLDSY",2407,0.0813914623798443,0.0591101327606243,0.0487029457045285,0.103584449288117
3,"C14","DSVDYMECA",901,0.081331062019091,0.104657436462724,0.0799470691036949,0.0833511110618994
5,"L14","GSHDRCGMESFDSCDLP",2290,0.0813044539948298,0.0760499075961611,0.0407077747363213,0.0924573507886474
