"TS","spot","seq","unique_seq_idx","sfp_1","sfp_2","AcpS_1","AcpS_2"
1,"J17","NSASFVECLGADSLDTVCLV",257,0.358300669674326,0.521343887302546,0.166758145233098,0.191039126696823
1,"C29","NSASFVEKLGADSLDTVELV",59,0.355390157616388,0.452943738078038,0.183776949012318,0.20625372791305
5,"J3","EPRRCQIMSECFCRTNRC",2219,0.355154057445005,0.344707962184014,0.60656769729959,0.588641466079541
5,"H16","TNFGIVSHMWMVTKA",2172,0.354120901275778,0.322600478650299,0.377569619230892,0.383403957657117
4,"I21","IWCDDNPIMSMDSIKVMV",1637,0.354073157879024,0.298900580914223,0.33728833379784,0.291685910845616
4,"T1","PPCCSCSNSLYNR",1947,0.353052438877291,0.327654498336816,0.199596744509321,0.252724172439351
5,"J22","QPWCFQLKSYCGCCTW",2238,0.348876320382833,0.302215343280436,0.369354427143576,0.390354619573563
3,"A10","GDSLAWLLRLLN",845,0.348754937084999,0.400511256765213,0.153939372594587,0.140387135017264
4,"A11","GDSLAWLLRLLN",845,0.348754937084999,0.400511256765213,0.153939372594587,0.140387135017264
5,"D18","PCHFCLCSKMYCMCWCS",2054,0.348039674710445,0.331790018851822,0.369055397887943,0.421729674800522
