"TS","spot","seq","unique_seq_idx","sfp_1","sfp_2","AcpS_1","AcpS_2"
5,"B26","PRCVAFHADSWEML",2002,0.134382448972296,0.102720671798318,0.0834785180817467,0.0980771376172265
3,"D23","EEAPIESIDSLELVC",940,0.13421287453612,0.148787538158567,0.099437732022218,0.105110793128632
5,"N8","CCSPPCSCSQSCQNCNCC",2344,0.134114338725325,0.0927331779091893,0.0600038579711985,0.107036296736149
5,"Q27","CCYTPGCSCSNSCQ",2453,0.133690097245264,0.115658752667764,0.0972710813435956,0.14698920401328
5,"C17","YCMCSLVNC",2023,0.133548193798404,0.124678497502692,0.100321092180457,0.144804666190616
5,"B23","CCYCMCSVIQC",1999,0.133469710564652,0.12521774270944,0.0994228854559594,0.145061442090364
3,"E25","PVDSAESIDVVMC",972,0.133391869932824,0.126832371574286,0.0654023426897943,0.0902098697445638
5,"A20","PVDSAESIDVVMC",972,0.133391869932824,0.126832371574286,0.0654023426897943,0.0902098697445638
5,"T30","CSHGCSCSNSCQNCQCC",2546,0.133238955456828,0.115439141804214,0.0873931182648179,0.124161889376954
3,"I28","DSMETLDVLCP",1095,0.13318918302761,0.0868299804075781,0.0785922749462888,0.0888119266217192
