"TS","spot","seq","unique_seq_idx","sfp_1","sfp_2","AcpS_1","AcpS_2","measure"
3,"J6","NSASFVPDLGADSLDTQELN",1103,0.0282909515215508,0.0707114079135424,0.0697078851638255,0.0999521205742976,-38.6834295623
3,"J7","DEGNGSIDSL",1104,0.038007363454157,0.0748126216565019,0.0337722652121394,0.044606383587992,-38.6834295623
3,"J8","IPCESVETCD",1105,0.0555198134271068,0.0879167566578875,0.0539068243822021,0.0612111767052648,-38.6834295623
3,"J10","DSMETPDM",1107,0.0415042393806182,0.0447598066338741,0.0506290235830008,0.050062648596003,-38.6834295623
3,"K1","VDSIESVELVAP",1128,0.0245969517297685,0.0359148577652677,0.0406181629406693,0.0428681409701316,-38.6834295623
3,"K2","MDSTDTCVTGL",1129,0.042233049719924,0.062885293574424,0.065376634954516,0.0791438106143555,-38.6834295623
3,"K9","TVVYMDSMISM",1136,0.0793022363898262,0.0929966564465055,0.0627119214783855,0.0675283992981747,-38.6834295623
3,"K11","ADIDSSEVMM",1138,0.0477839697674622,0.0539103597415451,0.0600195051107419,0.0520723563419865,-38.6834295623
3,"K17","AESSDTRLW",1144,0.0833656837908629,0.0841799145675866,0.0946964618019319,0.0722196481144357,-38.6834295623
3,"L1","DEPAMSREYM",1158,0.0343470154785895,0.034680473939283,0.0307865797932823,0.0431563084981518,-38.6834295623
3,"L2","MESTESC",1159,0.0486275670222465,0.0642705376343869,0.0440874287322026,0.0633734728045938,-38.6834295623
3,"L4","DSTDTN",1161,0.0411129453505515,0.0744776221248633,0.0275997415049224,0.0469916226394165,-38.6834295623
3,"N12","WMDSSESVITPL",1229,0.0593629445424415,0.0610763543601425,0.0572048144216145,0.052729885513445,-38.6834295623
3,"O4","EMESTDYRYTTIA",1251,0.0608110726385131,0.08369551011412,0.0579328399026931,0.076988672686411,-38.6834295623
3,"O8","EGLDSSDTC",1255,0.0728436747108818,0.0967420924823984,0.0705263259016153,0.0869168177909479,-38.6834295623
3,"O9","EGMDSSDS",1256,0.0481676656574271,0.0566274217351658,0.0579079768163965,0.0649850839620099,-38.6834295623
3,"P4","TDEPMVSTTW",1281,0,0,0.0223293736267736,0.0248573125602983,-38.6834295623
3,"P5","PCIISHDWCAIGST",1282,0.0168775469416042,0.0294527966600038,0.0489881486313355,0.0656105547516252,-38.6834295623
3,"P6","ESTEFCASGAV",1283,0.0505048576268007,0.0755117247295198,0.0637834894374012,0.0866290081714969,-38.6834295623
3,"P7","ECLDSSESVV",1284,0.0565233586606553,0.0770391148120373,0.0488936067826692,0.0594321836403086,-38.6834295623
