"TS","spot","seq","unique_seq_idx","sfp_1","sfp_2","AcpS_1","AcpS_2","measure"
4,"F3","KFCVDSYLLCTST",1529,0.174013317930323,0.168207483687149,0.0875574133471254,0.155211569555904,-11.9105546148496
3,"D27","KFGAESADS",944,0.107223629043478,0.0865856912048819,0.0627879898024924,0.0594286386411468,-11.9312955229517
3,"I22","ATSIETLD",1089,0.0953237601638792,0.067461686712453,0.0590813044623371,0.060093172594603,-11.9329210880989
5,"O11","KECCSSNTPQQ",2377,0.100517034412532,0.0815679249071761,0.0532903069811521,0.107837392976116,-11.9401183381433
3,"E25","PVDSAESIDVVMC",972,0.133391869932824,0.126832371574286,0.0654023426897943,0.0902098697445638,-11.9533321623471
5,"A20","PVDSAESIDVVMC",972,0.133391869932824,0.126832371574286,0.0654023426897943,0.0902098697445638,-11.9533321623471
5,"N16","FTHDCTTSNTPQQCCC",2352,0.109466110342124,0.0927893637515138,0.078339462058702,0.117701152906077,-11.9565183245959
3,"O1","TDCFAESHESW",1248,0.0481999526602724,0.0157228404916951,0.0157625311327224,0.0185361700163921,-11.9835321669095
4,"K16","GPCITSSQRVWGCCM",1692,0.23955920650172,0.22970294522365,0.204653292881197,0.17061849626081,-12.0050638592599
5,"O8","PPDCCTSQTCQN",2374,0.0833170809212806,0.0520046314220637,0.0510527080111769,0.0952493458828221,-12.0371629071982
5,"N9","KCSADSWETPSLS",2345,0.0700813803695041,0.0455841384534652,0.0330410664736222,0.0818489464631677,-12.0437394514623
5,"I13","SSMVEGAASHIFAEFTAC",2199,0.136443260284092,0.118874750577621,0.110572154642859,0.15957719396908,-12.0468005842134
3,"N20","LDSTDYL",1237,0.0909247833408851,0.0456286062307444,0.0638157330591303,0.0605105451161127,-12.0551746730406
5,"G6","ECAISHCQC",2132,0.112423041776839,0.0952194542666646,0.0846021217868585,0.128887445849725,-12.0583489033657
5,"J19","ISPMLSLDIM",2235,0.1061207661036,0.0882976060602156,0.0604954938847751,0.119049597773466,-12.0745229712449
5,"I11","NPRQYQICSKCFCCTQEC",2197,0.200270952582316,0.18486582245477,0.174515181213967,0.23703072440201,-12.1171195157437
4,"T15","YRDELKVVSAEWGRTQA",1961,0.18970457918598,0.180539159079789,0.153663689531916,0.112210181199591,-12.1173081103596
5,"T8","VGDDSSDSCT",2524,0.0837946333979188,0.067164936323907,0.0370163092935023,0.0961685167549274,-12.1252112152038
5,"M23","CSPGCSCSQTCQNCNCC",2329,0.13118566125476,0.121783281202023,0.0940933877146726,0.133386766413495,-12.1435673345048
5,"E24","PCQEQYASWCWCKTQC",2090,0.306010045359795,0.284952613068572,0.283618849959705,0.31763675894991,-12.1658397795542
