"TS","spot","seq","unique_seq_idx","sfp_1","sfp_2","AcpS_1","AcpS_2","measure"
4,"S17","SWPDCLHVASIEWGEL",1933,0.0760405566935855,0.0924218370950175,0.1163431534856,0.0539083992096151,-38.6834295623
4,"S19","WTDEDGHVSVDWVD",1935,0.00224387331553551,0.00773194343104166,0.0670775674162547,0.0108936605992513,-38.6834295623
4,"S20","DKACSEAAMESAI",1936,0.0299660330807363,0.0325384896816654,0.102883699372711,0.0638276379692565,-38.6834295623
4,"S23","CIPGCVSSSQTIN",1939,0.0876487070985603,0.08808359123846,0.0793178056124956,0.0927198372282444,-38.6834295623
4,"S26","LGPCMSCSNTAFN",1942,0.0737853815226053,0.0731504830113396,0.0596785366436352,0.102547653643755,-38.6834295623
4,"T9","TCLGPCVTCSQTAWGCGV",1955,0.0324221170794138,0.038963089972854,0.0899052252182277,0.0314472324957606,-38.6834295623
4,"T14","EAPMESRENLDLMC",1960,0.0846711525541181,0.0873334462386687,0.158261770690285,0.130702752612246,-38.6834295623
4,"T21","DLRMDSHILSEDR",1967,0.098262059380653,0.10044617191766,0.0973544212901369,0.117052582414725,-38.6834295623
4,"T23","CYGELEPVISMDVKDSQ",1969,0.0526417529348056,0.051018656778028,0.0651217655909057,0.0754598170178598,-38.6834295623
4,"T29","AYHISAIYMESHP",1975,0.079674822428036,0.0881615389734595,0.0631800745340527,0.0871902157926929,-38.6834295623
4,"T30","EDDGVESWESADISMC",1976,0.00601511166688186,0.0132942833143624,0.0269373811942133,0.0252451348016828,-38.6834295623
5,"C1","EGMESWDNCWD",2007,0.000616863816696064,0,0.0400224618575329,0,-38.6834295623
5,"C2","HCCVISLAQC",2008,0.068374362835105,0.0756844429957648,0.0861751085936187,0.0953311096372812,-38.6834295623
5,"E1","TTTAEPAESKFWMISQ",2067,0.0369144521895388,0.0486534976550094,0.10573570367473,0.0850574167538847,-38.6834295623
5,"E2","GSKNGLNSAEWSAF",2068,0.0481085230198597,0.0556378416667307,0.119220164394331,0.118426713378473,-38.6834295623
5,"E3","AQGVLSAEFTITQF",2069,0.0980702583977971,0.108441332512709,0.0999977864099681,0.146706801947303,-38.6834295623
5,"F2","DYMDSHCWATSN",2098,0.0261687582337311,0.0401195595846395,0.0945641769616847,0.0857097555272312,-38.6834295623
5,"G1","EEYCCCALSIVWC",2127,0.060863704572768,0.0734984182244887,0.1430915436239,0.145337559031959,-38.6834295623
5,"G2","TAWGRASADPCHWNCT",2128,0.0739675532918413,0.0778315814882048,0.150832297689426,0.138257509259488,-38.6834295623
5,"H1","EPRCWNACSFCECRS",2157,0.0760103638619515,0.0881243688956493,0.186867256843824,0.221745216198994,-38.6834295623
