"TS","spot","seq","unique_seq_idx","sfp_1","sfp_2","AcpS_1","AcpS_2"
4,"Q21","DEGLVSADTVHLMMC",1877,0.0623208674259185,0.0610691957838918,0.631505746828182,0.147192272445993
1,"E27","NSASFVEDLGADSLDTWELV",117,0.0622019663532607,0.0775010526141615,0.0893837471400869,0.145330212581081
4,"O19","LDQLESKDTAI",1815,0.0621705380707697,0.062444233443976,0.165094986198742,0.122976329756948
4,"C18","TYQKDCVDSRMVCTT",1454,0.0620661793795856,0.069521777093815,0.140497432153136,0.107404921075854
5,"Q13","NCLDSSDTPTDPE",2439,0.0620528767703384,0.051593155417206,0.0202662924483254,0.0754730877401935
5,"O13","KTEDEAPADSSETCELPC",2379,0.0616632255155022,0.0488296029845519,0.031906443468681,0.0880553639465553
3,"I17","LGLESMDT",1084,0.0614595830628559,0.0713068628451144,0.0563801468192614,0.0625835174625227
3,"Q3","ESSEYLVSG",1310,0.0613205961730051,0.067576233686571,0.0548737632677719,0.05207688985053
4,"H15","TWLQTVPPDSVIMKD",1601,0.0613064892054217,0.0640604838071735,0.108212562817253,0.0598403865438071
3,"B24","RPCDSAEPVDQAEP",881,0.0612956017550296,0.0522483484429949,0.0488616441833313,0.0441176168285548
