"TS","spot","seq","unique_seq_idx","sfp_1","sfp_2","AcpS_1","AcpS_2"
4,"N30","EDEIWRMSLMVMETQ",1796,0.065163973923772,0.0542064744605181,0.0599878924836025,0.111908186716478
1,"I27","FSRYGLDSSESISLTSDFGD",237,0.0650698387829915,0.0802288053310649,0.088899434731469,0.0902331766236241
5,"L19","DDDCCMESTDTGTDGCT",2295,0.0650596918604147,0.0549842019642457,0.0413750140173764,0.0925919952941559
4,"C7","APVESVASVESQ",1443,0.0649518219515674,0.0544362979392721,0.105762049586735,0.0628211119472868
5,"P1","CCYPHCCSCSNSQNQ",2397,0.0649249599090418,0.106054415428253,0.0680336193243004,0.125559101095797
3,"B12","GVDSMESVD",869,0.0648606572389186,0.0770061513047577,0.0451327876555742,0.0371316335524188
3,"O11","MESSEGMIKGMD",1258,0.064755281424585,0.0568404465804422,0.0689112014753768,0.0642841455940842
3,"N21","DSTEWIVHPIA",1238,0.0644938076274099,0.0239013827852994,0.049520582528127,0.0430888171679554
4,"H16","WYSMEQGMVSVDWT",1602,0.0644422697260897,0.0584564028535037,0.0950739769589501,0.0377321213257643
4,"Q5","CDCVGRDSACSS",1861,0.0643447508591098,0.0572797008165926,0.112194227192176,0.0808690661078226
