"TS","spot","seq","unique_seq_idx","sfp_1","sfp_2","AcpS_1","AcpS_2"
1,"B12","DALEFIASKLAXXXX",12,0.0207611676927352,0.0226235923904722,0.0463035121954126,0.0448278938434709
3,"N2","GLDSTDW",1219,0.020637546663493,0.0134910314244555,0,0.0100983902806307
3,"G3","LGVESMDSLD",1010,0.0205878633827739,0.0318931885093149,0.0296317700438577,0.0427820383943356
3,"J2","ESIETLDMAI",1099,0.0205115764265243,0.054881763716376,0.0358763242271393,0.0451893143876652
1,"F13","NEASFVDDLGADSRDTVELV",133,0.0204318459488432,0.0235129067544976,0.0403886143859045,0.0451833403048981
1,"H14","ADLDSTESVTIPC",194,0.0197326653786213,0.0308688028372216,0.0791312912208489,0.0935301969389161
4,"C19","CDCMESSATCSSTCD",1455,0.0196822546455983,0.0232649229790065,0.101704653627667,0.0617987661187772
1,"G16","DMESTTSIDDGCL",166,0.0194388766582354,0.0314379862504919,0.0778846891596723,0.0885199332440287
4,"N23","DDCMGQESVMTKESH",1789,0.0193545008377023,0.0206194187980936,0.13752867060387,0.0789952381418401
5,"M3","EPDEPADSSDCLDIPCM",2309,0.0192847849927541,0.02676933850371,0.038143805025044,0.0894464619534995
