"TS","spot","seq","unique_seq_idx","sfp_1","sfp_2","AcpS_1","AcpS_2"
3,"H6","ELGMESAETADIMPG",1043,0.00735304406502677,0.0398016630694934,0.0247522895212399,0.0264136012788717
1,"E12","LESTTSLSDPVD",102,0.00726482127040128,0.0103123855647223,0.0169677802754278,0.0188545679252018
1,"H4","ADSSSSADMGLL",184,0.00708633616002016,0.00842958598193061,0.0420862104330176,0.0443640658811266
1,"H20","NLESTDTNMASTI",200,0.00693060059486608,0.0130863512027105,0.0357489866750259,0.0383090983188857
1,"J6","EIESSDTVTITL",246,0.00690940693350855,0.00676179419683662,0.0237547467108809,0.0251346590566101
1,"C12","FEVESSDSAEVTND",42,0.00685642278011469,0.00784021913489511,0.026436450183079,0.023751392995517
1,"F12","TESTTSAMVSME",132,0.00666933825753592,0.0101619753361656,0.0217408497632452,0.0211318437253742
1,"G20","EVDSSSTITLGH",170,0.00662745554580553,0.0131498377571488,0.0166473332483158,0.0171645506094906
1,"B30","AGADSTSTALLSSE",30,0.00644348279096577,0.00803361505135277,0.0314534687948115,0.024376987739945
1,"F30","PLDSTDSVDMGVE",150,0.00642310912245837,0.00667045291663852,0.0436963642968379,0.0446128641299863
