"TS","spot","seq","unique_seq_idx","sfp_1","sfp_2","AcpS_1","AcpS_2"
3,"B9","PIDSQECITIAIP",866,0.0854343835996266,0.100988267981966,0.08901330995458,0.0907659369770255
5,"E20","AICIHEPAESADEAM",2086,0.0853306006845189,0.0800464086740846,0.0360912719118047,0.0883292810946173
3,"H24","ESIESQEL",1061,0.085125589482193,0.0421537719468047,0.0588625655074049,0.0521707130254621
4,"M26","SDDNGIASRELADSLL",1762,0.0851208489789419,0.0833156424720698,0.107344428131285,0.0832367801206355
3,"B27","DEIGIDSLDS",884,0.0849818970417698,0.0330544603441906,0.0423034985927556,0.0346760228589789
5,"K24","CCSHECTCSQTDQ",2270,0.0848017820955584,0.082891145271172,0.0629117368678771,0.113212317072526
5,"T17","IGIDSFDTNMMPCG",2533,0.0847706480127379,0.0662795187001298,0.0911516481880549,0.124696267793151
3,"Q21","DPMDSSETNITG",1328,0.0846915380899988,0.0844420680153645,0.0630113582315536,0.0604653634200646
4,"T14","EAPMESRENLDLMC",1960,0.0846711525541181,0.0873334462386687,0.158261770690285,0.130702752612246
3,"R13","CPTDSSETQLAPEC",1350,0.0845018901426865,0.0894687601398022,0.0810761874903014,0.0749444864149257
