"TS","spot","seq","unique_seq_idx","sfp_1","sfp_2","AcpS_1","AcpS_2"
5,"I1","CENRISWCWCRSNC",2187,0.150279926397507,0.170436054267986,0.255981448656022,0.348694558239319
5,"G8","THFGAESMDWMMS",2134,0.150157838167095,0.156371750681598,0.107636350456547,0.116992733681996
4,"O18","CCTCSKHMWNCPV",1814,0.149947499212026,0.150908446152256,0.156343578614838,0.115930158582865
3,"K27","SLDPIDSILSNC",1154,0.149806335800525,0.101480438875633,0.0807904616716943,0.0799987348833731
4,"G16","NYLEDMFMISMLHMENR",1572,0.149790506165485,0.139183865936319,0.189708964875421,0.158804254956417
3,"Q1","CADSRSFCDTGC",1308,0.149459632463978,0.151774643612044,0.0928414265490455,0.0874716953761002
5,"G13","WCAISLMWC",2139,0.14910310990903,0.130125988146502,0.119191339073586,0.118917181630238
3,"N22","NEECKDSSDTCMKGC",1239,0.14904953660197,0.09208668887589,0.111717256847542,0.109329308044679
3,"O24","GMDSRDSMAHGCA",1271,0.148625711124873,0.131818249876883,0.0803227072968393,0.0887006681864864
4,"P2","LVGMESKPFMA",1828,0.148247993707831,0.163468983784766,0.0712731502829313,0.114678926805329
