"TS","spot","seq","unique_seq_idx","sfp_1","sfp_2","AcpS_1","AcpS_2"
4,"Q22","TCMQPCCSCSKKIFPCCM",1878,0.685093935885249,0.666942142681735,0.488108437952631,0.584789711585268
5,"B12","CEFAESHCYLKTRV",1988,0.683851143180994,0.581045209096155,0.683335996938921,0.623791424147762
3,"S25","DSLEFIAGNAGFGSGKGSG",1392,0.674056308401047,0.569473716537606,0.29683732563059,0.355926590869632
5,"G17","HFCYNICSRCYCKT",2143,0.664199661479202,0.558409500147444,0.742934111154815,0.800881660107044
3,"A30","LEKLDSMATHDKKAQ",453,0.654172634314193,0.510484149517347,0.331759416142373,0.397395769502262
4,"R19","SSILKLDSKMIT",1905,0.639877531333073,0.61156910288527,0.574911797625216,0.641130302133578
4,"S9","CMQPCDTCSRRMYQ",1925,0.630442037876598,0.559639512057676,0.599217311868002,0.644687582464741
5,"D16","NPCLDYFLSMCFCKYNC",2052,0.614928895371334,0.538460476810023,0.685217791717719,0.601095354336029
3,"A26","DDDHKAALDFSK",858,0.613014948969369,0.381419310591123,0.3622326707601,0.396058895779887
5,"C6","WCVCSLCYCKSF",2012,0.612030142333749,0.579212602632375,0.673560734707559,0.624527240800399
