"TS","spot","seq","unique_seq_idx","sfp_1","sfp_2","AcpS_1","AcpS_2"
4,"G26","KETDKPADSMWAA",1582,0.00420405538167495,0,0.0138705630079378,0.0381390106621325
1,"F2","VGMDSSDSLIAPQA",122,0.0041451689847612,0.00424431423877911,0.0298744855853944,0.027521601030241
1,"F28","RAESSETIVAPMV",148,0.00391340536457848,0.00859883055497069,0.0487549375556927,0.0538910547070829
1,"H2","TVESSDSLVNPRE",182,0.00369371035711325,0.00447696600806445,0.0296211609860387,0.0347007794160114
4,"R30","SWSCEVGMDSHASA",1916,0.00366329829298241,0.00130661492857689,0.00423668237652945,0.0268077747030083
1,"I8","LDSTETITATSA",218,0.00360233371796655,0.00657845031816502,0.0353611744289611,0.0402552140861525
1,"C28","PIESTSSMIQTSD",58,0.00351089400244676,0.0067186497925496,0.0296485403625246,0.02365200420239
1,"E10","DADSTDTVEMTIM",100,0.00347824146664491,0.00478410866789071,0.0186938949500266,0.0224268548220328
1,"E6","GADSSTTIEMTMD",96,0.00338148231032804,0.00434433201475044,0.0294774285976103,0.0307161941998874
1,"H26","IADSTTTHDEGTD",206,0.00311214619724262,0.00601109214333481,0.0188544546360087,0.0249435283307219
