"TS","spot","seq","unique_seq_idx","sfp_1","sfp_2","AcpS_1","AcpS_2","measure"
3,"S19","EFIDSTITCISR",1386,0.223365551597712,0.226310521575597,0.181706388041292,0.178883601452481,-24.1301021803184
4,"A30","EFIDSTITCISR",1386,0.223365551597712,0.226310521575597,0.181706388041292,0.178883601452481,-24.1301021803184
1,"I5","TPFNRYGLDSSSSITLASDF",215,0.13014207446816,0.159591045646778,0.0841760440577394,0.0845602462052555,-24.1322683938046
4,"Q23","SYQCDHHELSVETFVSMAC",1879,0.170743970027127,0.154441406851192,0.175606863881196,0.163994202895133,-24.1451986199204
4,"K10","LLDRCLSAYWS",1686,0.194022034743195,0.178204135058577,0.18340729291248,0.13189574207266,-24.1539764921455
5,"I4","KKRCCVVSHVFCITDCC",2190,0.153500849509496,0.16770616503479,0.110918155792466,0.175288833605189,-24.1861080706475
5,"P2","GECSTSNTPNQRCC",2398,0.17185838029651,0.196079019098702,0.130153353138883,0.191406892238828,-24.1876654927329
4,"G20","WYNHFPVESRMAQ",1576,0.174912094315128,0.200429463619747,0.133455418996331,0.0948861971346338,-24.1933119373832
4,"R18","MPPCCTCSQTAYNCCVA",1904,0.116005067058137,0.0975623193848131,0.166273706034762,0.17278954966041,-24.1946630915172
5,"A24","MPPCCTCSQTAYNCCVA",1904,0.116005067058137,0.0975623193848131,0.166273706034762,0.17278954966041,-24.1946630915172
5,"G8","THFGAESMDWMMS",2134,0.150157838167095,0.156371750681598,0.107636350456547,0.116992733681996,-24.1962716630487
3,"G1","NEASFSWRLGADSLDTVEQV",1008,0.139263784002055,0.167475662164826,0.0960386626658804,0.205514798836472,-24.1987239148433
5,"E30","YDECHCCICSIVWCM",2096,0.156869177095004,0.141150157622893,0.181103652204626,0.149618071560998,-24.2194059299195
1,"E29","NSASFVEDYHADSLDTVELV",119,0.237385869621536,0.235331669011828,0.198883491974077,0.261015484728818,-24.2591603907598
5,"E10","HCFQMASKAWCMSND",2076,0.13849969381551,0.122730892718969,0.12296969400645,0.131325245616233,-24.2628464102904
5,"R24","HHADSSYTVFMW",2480,0.230188559680209,0.215974724758775,0.249437760294471,0.18205051325897,-24.2659462754842
5,"B22","HTKFHRASMLQCK",1998,0.499574641619501,0.486499833981333,0.537835799783457,0.584381637323468,-24.2687193597927
5,"R25","WTHPCSSSNTCQN",2481,0.114304508099067,0.122567860183477,0.0687405816001045,0.116668678382615,-24.2776287318307
4,"M8","CEICSRTLYNC",1744,0.261995062821143,0.248137788450185,0.266614777379462,0.254119371791704,-24.2786271038377
1,"F9","NEASFVDDLGADSLDTVELC",129,0.250444087556401,0.236709327243139,0.239807199481195,0.326707582184862,-24.2990852412585
