"TS","spot","seq","unique_seq_idx","sfp_1","sfp_2","AcpS_1","AcpS_2"
4,"N29","VGPCCSCSHHLYPRC",1795,0.378800707572475,0.345759898782019,0.160453643396639,0.304237521401668
4,"A15","GDSLSWLVRLLN",1403,0.378766097474892,0.437697766662905,0.202747333931664,0.193788522343131
5,"E22","RFWCIASKAQCA",2088,0.378457068801107,0.391504821171863,0.346082492959689,0.404405415091755
5,"I12","HFHFNMCSHLWCKT",2198,0.376575631280065,0.335897472627512,0.334595955357484,0.393891916144442
1,"C19","NSASFVEHLGADSLDTVSLV",49,0.376183136826617,0.535398461365903,0.172178253260039,0.194798771868428
4,"D17","NKVSVRRISIEWR",1483,0.374500278187099,0.339687811005391,0.338025071435234,0.308768269982865
4,"M10","LNPICSCSHSAFGKCII",1746,0.37433585820698,0.378376685740097,0.339149779341917,0.338156995998276
3,"M9","YIESKAYKMR",1196,0.37282828851064,0.867964221978477,0.495950209223648,0.604098108971416
5,"D6","RCWNIKSFCYCHSN",2042,0.371789594080538,0.337604634612593,0.470398122681052,0.506492319220896
5,"B20","EQKHKWQACSFCECHWNKC",1996,0.37147174418414,0.343751534833666,0.310043471502704,0.324631930974479
