"TS","spot","seq","unique_seq_idx","sfp_1","sfp_2","AcpS_1","AcpS_2"
5,"E19","EDKHYNVCSMCFWRC",2085,0.389798918520375,0.307178657485041,0.458666971217735,0.443562568484644
4,"M9","SMEEFADSLDYAIVII",1745,0.388646795969482,0.38463213711606,0.186600574995958,0.140343176450753
4,"L9","TCMQGCCTCSRRVWGCCMM",1715,0.385642116971973,0.342199295183041,0.294308772669918,0.272907189207402
4,"M17","PPCVSSSNRVYNCCM",1753,0.384892671856381,0.362194753431275,0.367010410670013,0.33115224484317
5,"E28","VDGADSIDYVITTVC",2094,0.383302292439298,0.39491736386062,0.0624002759446739,0.115415253168381
4,"S15","IGPLESCSKKAWPHPIA",1931,0.381984454928978,0.368375810743267,0.338236695030498,0.351745720795743
5,"G30","RSCNRCISMEWKK",2156,0.381540552650173,0.2983201639042,0.371512458498228,0.388566158861947
5,"H8","ECMFCVRSRMWCCWHR",2164,0.380771330555845,0.352209783539873,0.31662559362525,0.491981395460455
4,"S21","DLFQASIAYAESRC",1937,0.379698104250252,0.387514892530744,0.186617701372237,0.197970379394934
3,"Q25","WMISMITMAIRCL",1332,0.379194613250226,0.29746082062585,0.20164962834662,0.225924756558869
