"TS","spot","seq","unique_seq_idx","sfp_1","sfp_2","AcpS_1","AcpS_2"
1,"D27","NSASFVEDLGADSLDTVELN",87,0.237274665975782,0.219603853900788,0.170388732730618,0.19280683611385
5,"R8","YPKCCSCSQTTNN",2464,0.236714764580024,0.18571331991844,0.136829978528177,0.190425355791606
1,"D21","SASFTEKLGADSLDTVELWM",81,0.236216875199097,0.380851607638364,0.141516489205075,0.235320484136234
4,"K21","DDIQIDSKKWVETL",1697,0.236035933794377,0.243728847842938,0.107244211329226,0.0563578529647198
1,"F21","NNASFVEDLGADSLDTVELW",141,0.235513699791913,0.396203899779902,0.157948186518257,0.252273145342897
5,"D27","KCWQICSECFCRS",2063,0.235129806474851,0.185433507781598,0.314274250182864,0.303285934448724
5,"F24","CYQVHSYCWC",2120,0.234474233863233,0.174840468787954,0.330348343663015,0.22375585605751
5,"Q11","CTGPCTSSNTCQNRQC",2437,0.232087479521576,0.171807278656321,0.164196494792347,0.232410872293843
4,"H25","PNVVGGDSVAIRFLHLS",1611,0.23061095511452,0.18743604807624,0.17608190745447,0.205306515152876
3,"P29","MESIDYHMRSC",1306,0.230508976476388,0.195175029533074,0.113584343118491,0.145929726202982
