"TS","spot","seq","unique_seq_idx","sfp_1","sfp_2","AcpS_1","AcpS_2"
5,"C13","KEGHESMAFMRY",2019,0.20726886331787,0.196829934880698,0.225284306449404,0.242855920522888
5,"R15","CCGPECSTSNSCNCR",2471,0.207152823336664,0.178778187579469,0.172031411572308,0.214421532150482
5,"H22","WQIASRCCCATQ",2178,0.207078343467864,0.213066586620107,0.18069569485929,0.240905446445955
3,"M24","TLAFADSKISCLITSV",1211,0.206864355006089,0.131176990719806,0.149168667205497,0.15450265289285
4,"D14","THYAVGRLSMDWF",1480,0.20664426981398,0.18381637197854,0.161789804203805,0.111858893470752
5,"J12","PQKDGYESKLFVCSVA",2228,0.205741277176599,0.176071485195766,0.15988899454119,0.214104161937944
5,"J11","NGTCQWCLSYCWC",2227,0.205316200462125,0.135276487854822,0.230064639261449,0.196784501797474
5,"F19","WNHMSILYCHTQC",2115,0.205067041396001,0.181074591415516,0.2105336965567,0.190976275512427
1,"J27","NEASFVDDLGADSLDTVWLV",267,0.204159654206454,0.249990317640665,0.0641441268228672,0.0714548122109204
5,"F22","KCCMCSRMDC",2118,0.204010412259614,0.189057087030187,0.136346005041634,0.193682592933777
