"TS","spot","seq","unique_seq_idx","sfp_1","sfp_2","AcpS_1","AcpS_2"
3,"O7","TMCWVCSLSS",1254,0.0740207142051455,0.104047927134455,0.047101364296703,0.0636660886248315
5,"M15","RMDLESTETVG",2321,0.0740122527335965,0.0614338596419712,0.0483132079079166,0.109321082292705
4,"B28","AQREPVESKETL",1434,0.074011800252592,0.0821317165792993,0.116002408772164,0.118854426593299
4,"L28","MEYRLSALMMD",1734,0.0739969170299675,0.0849830423953043,0.0576219679997132,0.12152406173618
5,"G2","TAWGRASADPCHWNCT",2128,0.0739675532918413,0.0778315814882048,0.150832297689426,0.138257509259488
3,"H19","VGIDSIETAEV",1056,0.0739218161617298,0.0599808153512706,0.0703188426329839,0.0682621118650822
5,"T2","GRTPEMPVDSFDTQ",2518,0.0738539902126914,0.109154931958803,0.0380952519953325,0.105094593264604
5,"O21","QPVESYESGSNGTI",2387,0.0738466171088968,0.0650190054798781,0.0513506183092113,0.117022159491602
4,"S26","LGPCMSCSNTAFN",1942,0.0737853815226053,0.0731504830113396,0.0596785366436352,0.102547653643755
3,"C12","NNASFTEDLHNDSLDTVEGG",899,0.0737812607550215,0.0866880043000096,0.0781187078451312,0.0762825531658642
