"TS","spot","seq","unique_seq_idx","sfp_1","sfp_2","AcpS_1","AcpS_2","measure"
4,"M6","CAGGCITSSQKIFP",1742,0.439355872912309,0.414944601440328,0.318263205682023,0.348201057188189,-8.86366347294363
3,"Q26","ESSDSIL",1333,0.137017606751112,0.0904357220514284,0.0578290686870731,0.0562484335276821,-8.88966471982493
4,"S4","PCCTCSKTLYGHC",1920,0.479294986147595,0.454592093498963,0.36400292037173,0.472524051033222,-8.89568495385621
3,"M29","SGCDSTSTALLSSE",1216,0.178252387157826,0.147338673073141,0.0727234624907168,0.0768765791311834,-8.90449253097832
3,"J27","IESVDTVISL",1124,0.201845526249365,0.167916756747437,0.107610670740764,0.119847795342565,-8.90626342166415
4,"A23","IESVDTVISL",1124,0.201845526249365,0.167916756747437,0.107610670740764,0.119847795342565,-8.90626342166415
5,"M16","CCTPPCSTSQSCQQRQC",2322,0.25145215900623,0.218716992388184,0.158669233458097,0.223756256019971,-8.9236218482842
4,"N2","CMPPCCSCSNKAYN",1768,0.417445538193329,0.398578868605405,0.265443014611707,0.329193033933699,-8.92802410304008
3,"H26","ESLDFADLT",1063,0.141745136929874,0.0969991010354734,0.0644454450752395,0.060879565894247,-8.94966581663621
5,"L7","CCCSGECTSSQTPNCRQC",2283,0.185382668739,0.141869402825309,0.112916589738332,0.176527374502136,-8.98110974168586
3,"S27","MEGAESTETIVHPIA",1394,0.13261909844614,0.0888050479310063,0.0541559137553857,0.052778782641307,-8.98560939024645
4,"R4","SYSEALWRVSVDSM",1890,0.219399074181357,0.193849055243912,0.105586461556178,0.0936059175515812,-8.99132429333009
3,"K27","SLDPIDSILSNC",1154,0.149806335800525,0.101480438875633,0.0807904616716943,0.0799987348833731,-8.9929125862567
5,"I6","WEGKCQFRVSLVQCKT",2192,0.329947748467159,0.295517574236658,0.249381106984752,0.302371420282411,-8.99964038134987
5,"L6","HNKIGIASLELAML",2282,0.293513556065808,0.279912099939289,0.0780135534955384,0.139380975242752,-9.03335680833219
3,"J28","DSIETFETLAW",1125,0.157233914971805,0.0848593306737853,0.108302879166209,0.139308939874637,-9.03733238013658
4,"L15","CIPIVEACSHSLYQKGV",1721,0.435924394755552,0.409155816978575,0.340592491624096,0.334049616737385,-9.04109088139405
4,"M3","CVPGCCTTSRTLNGKCLM",1739,0.465786480121666,0.45008330056153,0.30157092519491,0.355013990132622,-9.06763109750912
3,"E30","PMESLDSADACL",977,0.155112322774113,0.121786056454116,0.0666211795906519,0.0681505977808714,-9.0739628213807
3,"D30","APVDSIETIDMM",947,0.116549072871599,0.0729081902201013,0.0381158360347059,0.0403240927735632,-9.09988065582765
