"TS","spot","seq","unique_seq_idx","sfp_1","sfp_2","AcpS_1","AcpS_2"
3,"G4","EDMPLDSMDTMDIMC",1011,0.0689200807177938,0.0799097314058424,0.0550733483281448,0.0759475507450713
5,"L20","FPADSTDTPTM",2296,0.0688780091868916,0.0705691764298375,0.0438541132273194,0.110283591954298
4,"C14","MNCNPIESVITQA",1450,0.0687227373927582,0.0695682369732336,0.12794072583442,0.0826095871414166
5,"R23","QAELESSDSIDMTTD",2479,0.0687081973901207,0.0627323232135404,0.0335401458877457,0.0851302384904731
3,"R8","TVCGLESTDSLMTG",1345,0.0686959050292684,0.0776853257772775,0.0754770382050806,0.086915130507693
5,"L8","EECCLESTDSMDVPK",2284,0.0686523806903001,0.047754946854762,0.0389417190934789,0.0923472754057226
3,"H11","VDSLEDCEMC",1048,0.0686465476741301,0.0773219747165502,0.089702317695236,0.0881133572676565
4,"E12","TYLSKEGIDSSDSLV",1508,0.0686437418265201,0.0695803835373199,0.140884795507651,0.102809964129937
5,"C2","HCCVISLAQC",2008,0.068374362835105,0.0756844429957648,0.0861751085936187,0.0953311096372812
5,"P6","SGRADIDSSDSDE",2402,0.0683696394404866,0.0423055541647053,0.0193532473730646,0.0636712525695802
