"TS","spot","seq","unique_seq_idx","sfp_1","sfp_2","AcpS_1","AcpS_2"
1,"F18","ADVESSETNMAGR",138,0.0155272164066457,0.0198358713323557,0.0490424210087953,0.0541137108893056
1,"G4","DSDSTSTISCTFE",154,0.0153865560946597,0.0253085181358607,0.0998503448947875,0.114023803110724
1,"H18","VPADSSDTMSGTCE",198,0.0153293247988112,0.0276722019157915,0.0770749244900418,0.0865978999890071
1,"B13","DALEFIASKLAXXXXX",13,0.0153011717109563,0.019914277227087,0.0523504323871712,0.0468705027927394
1,"G30","QGMDSTESNMLGLV",180,0.0152681196914582,0.0148054348332444,0.0743074410204358,0.0739777459492955
1,"D24","AEMESSESNTCTLA",84,0.0147867628629666,0.0241092571225214,0.102903406840415,0.111551420217274
1,"B28","LDMESSSTMVVTWV",28,0.0146619557460833,0.0140678004288645,0.0213163947227292,0.0144734063346968
1,"C3","NSASFVEDDGIDSSDTVELV",33,0.0145364547890961,0.0140615575843447,0.0346382543027548,0.0339956981070349
1,"I4","APLDSTSSDTCPYI",214,0.0144802957915901,0.0225219609979089,0.0901205623932411,0.0947679075619008
1,"B17","DALEFIASKLAXXXXXXXXX",17,0.014418270691387,0.0172319438493381,0.0307295588275726,0.0309070394429886
