"TS","spot","seq","unique_seq_idx","sfp_1","sfp_2","AcpS_1","AcpS_2","measure"
3,"H27","NGESRSDDLGADSLDFVELV",1064,0.346249403694541,0.261369154180888,0.214213828854246,0.300769454656042,-7.41561833768779
3,"L10","CQPLCSKTLMIHR",1167,0.686045256815941,0.654778321568929,0.359108677952808,0.400928241864168,-7.42227819691517
5,"A14","DPVLSKRAVE",627,0.222735046720307,0.143256113956321,0.0762086992142242,0.137299599166193,-7.43888474545697
4,"C13","DPSASHDYALMRGR",1449,0.504768282167583,0.458686942018578,0.286021047973361,0.278484416768662,-7.45507889794044
3,"I27","NNASFHEDLGADSLDTVCLV",1094,0.311194376002768,0.218582303269902,0.197226454234078,0.23268910921433,-7.51197695118221
5,"P7","YCDQCPLDSFECVDLI",2403,0.31062480190203,0.267328856364222,0.0927901183394961,0.129978429167434,-7.59558977007658
4,"H22","CSDQHKSWWHTR",1608,0.493673588265421,0.398720578519745,0.396434245829017,0.367291675970488,-7.61231937828858
4,"O5","VCCSCSKRLWQH",1801,0.571678847767324,0.526706506635042,0.381321707600405,0.445706618179389,-7.61839006094491
4,"L30","PLCSCSKSIY",1736,0.598070705758013,0.575067570924973,0.210671023560333,0.551801038217966,-7.62296460374832
3,"N25","TLDPLESKETQMKG",1242,0.338392539792685,0.278468864351094,0.187591143040978,0.206797969230198,-7.6366832716758
3,"Q29","TACGMDSTDTMATSA",1336,0.162700746219504,0.0617505042037913,0.0634254077483818,0.0568285010588015,-7.71919155292013
3,"K30","CECCICSLCMMVRP",1157,0.289290852902158,0.230037704615213,0.145841746650442,0.157921105810561,-7.72956288594199
5,"R10","RECTCSQSCNQKN",2466,0.29471352870839,0.221561396881958,0.180659255761841,0.239123642252434,-7.76784007298892
4,"Q11","CAPGCESCSHKIFNKGMI",1867,0.876604522215822,0.831734053327664,0.718270889836092,0.833611819934541,-7.77530847417475
4,"S29","GGCLTTSHHINQKC",1945,0.311794208301063,0.2624164386392,0.152747532714455,0.242038589975578,-7.79830734328657
3,"Q30","DCIESTDSLISP",1337,0.156674463712408,0.0555077062511462,0.0657475105576619,0.0685448766780336,-7.83654123472007
3,"C5","NSTSFSEDLGADSLDTLKTV",892,0.346418722033752,0.300189412564947,0.18483317450292,0.160615577865795,-7.83686815303527
3,"R27","MNICSSSSWPYTMC",1364,0.193752654076479,0.112066288143422,0.0909808956220135,0.0893832850443209,-7.85379153276109
4,"N29","VGPCCSCSHHLYPRC",1795,0.378800707572475,0.345759898782019,0.160453643396639,0.304237521401668,-7.86730270963159
3,"P19","DGILSKAWHA",1296,0.272276804253257,0.197685818464469,0.16882159836897,0.186070359130983,-7.87644274402881
