"TS","spot","seq","unique_seq_idx","sfp_1","sfp_2","AcpS_1","AcpS_2"
4,"K27","APVIESTSKTVNG",1703,0.0721587069362246,0.0722350340518613,0.101739001210659,0.123050318527566
4,"I26","TYTIFPMDSWEPATLSTC",1642,0.0719338146906096,0.0738958509451593,0.0815245477308129,0.112422122595399
3,"D26","LDSMET",943,0.0718552646464904,0.0793739894550566,0.0394082432212618,0.0313475583815298
4,"Q30","CAPPCCSCSQHAFPC",1886,0.0717928790854409,0.0664209660945999,0.0335486745223351,0.0722516727262386
3,"F22","MGMDSAESVDLAIG",999,0.0717084148020034,0.060223745234079,0.053800864150061,0.0448151465434403
4,"L7","PPCASTSNHINQ",1713,0.0716671496130523,0.061503034933773,0.12755768674767,0.0881594540171768
5,"P15","DGADSTDLCSNWC",2411,0.0716502386113133,0.0650597636137513,0.0799732131280971,0.0756712691394536
3,"F23","PVDSLDSAEVIP",1000,0.0714540095158614,0.0542017639424958,0.0665335006045922,0.0616896663757858
5,"L4","YKPCVESSCSIAAG",2280,0.0713447732251951,0.0755632252865049,0.060864312039327,0.122039317166946
3,"C26","DDTPNDSAECCDLEE",913,0.0713095430021838,0.0583284649333517,0.0412984441965454,0.035119607922368
