"TS","spot","seq","unique_seq_idx","sfp_1","sfp_2","AcpS_1","AcpS_2"
5,"S5","CSHCCTCSNSDQQCQ",2491,0.104398915958051,0.111907072113973,0.0530052646955012,0.0906983444553847
4,"I11","DPLESSLTQCMT",1627,0.10413503186815,0.104179915029657,0.139096407329496,0.100192531903536
3,"G29","VDSIDSMDVLAN",1036,0.103971278783992,0.0771939801849707,0.034763298070093,0.0271738502096972
5,"P14","RDCSTSQSENQRN",2410,0.103888443725017,0.0972853482122507,0.0662166754358887,0.133796756504425
1,"G21","NEASFDDDLGADSLDTVELV",171,0.103703108077374,0.0952240649620798,0.113067486764065,0.146221122792759
3,"N24","GIDSSDSCMTPCM",1241,0.103658166152613,0.079636896485502,0.0773705522864501,0.0813999469318817
5,"F16","PSMEGAESRWFME",2112,0.103441190096785,0.0916968646164504,0.113692854409751,0.100644868045956
1,"C27","NNASFTEDLGNDSLDTVELG",57,0.103438103208574,0.090360148404714,0.149587933128385,0.168983093623459
5,"K28","CWPHDCTCSQSCQN",2274,0.103420424441176,0.103657686200458,0.0522707663327065,0.104714886045695
5,"G9","KEKLVSMCCMDTQIC",2135,0.103400782031848,0.086726727198322,0.0672339295188069,0.112558721274303
