"TS","spot","seq","unique_seq_idx","sfp_1","sfp_2","AcpS_1","AcpS_2"
4,"M21","MEPMESACYAR",1757,0.153020928717201,0.129315292364141,0.183878429471895,0.144741351630003
4,"J17","SYGDHFTMESHMTADSKYC",1663,0.15267159863982,0.125770010330413,0.160113979750144,0.127605298064375
5,"B11","HILNPILSLDFTI",1987,0.152225504161325,0.14670002666075,0.104852481251987,0.148959590507005
4,"I19","YCIESTMSIML",1635,0.152158112781538,0.149576256443661,0.173107133655724,0.127293009704054
3,"Q23","PAESKESLARPCA",1330,0.151126028847423,0.14575863361854,0.0908543615927049,0.0946228619785652
5,"K7","KVEGKISVVFSHTD",2253,0.151064960343332,0.139537524317187,0.0598511202589949,0.128509052793188
4,"K25","TYDDVMPLDSLDTLE",1701,0.150880533428789,0.184251929707033,0.126760162802441,0.0882106788930671
4,"P19","PIMSCSQTVY",1845,0.150830159444522,0.132557958919951,0.186624642959965,0.150023406541264
5,"S10","HCCTCSQTGNNCCCC",2496,0.150695873135799,0.103001208524207,0.0970032612748965,0.14629338360671
4,"F4","PKVVGHLSLEFF",1530,0.150540391613107,0.139972081821628,0.135493628468339,0.148755914838923
