"TS","spot","seq","unique_seq_idx","sfp_1","sfp_2","AcpS_1","AcpS_2","measure"
1,"D2","INMESTSSVSISHD",62,0.00837200084721355,0.0061974251806112,0.0211156064030835,0.0220458780427979,-38.6834295623
1,"D4","FPAESTSTPTMPSV",64,0.00460804443593806,0.00583608087493324,0.0331041687884756,0.0326773997716092,-38.6834295623
1,"D5","FNRYGLDSSSSISLTSDFGD",65,0.0532842918024635,0.0606900510734804,0.0702862585162121,0.0668170015949135,-38.6834295623
1,"D6","PADSSSTLILPAL",66,0.01396771615842,0.0170431507080772,0.0466024628634963,0.0473983808575071,-38.6834295623
1,"D7","NEASFVDHLGADSQDTVELV",67,0.0128865030218622,0.0129923117439488,0.0319188808425811,0.0346368720549814,-38.6834295623
1,"D8","DIESTSTLALCSE",68,0.016795324836663,0.0256164279248865,0.0946162149244948,0.104675832383837,-38.6834295623
1,"D10","IGLESTDTISAGWE",70,0.0043362693697599,0.00370745606281028,0,0.00275635669999282,-38.6834295623
1,"D11","ASFVDHLGADSSDTVELVMT",71,0.0178538094534514,0.0210131765789518,0.04277482229551,0.0440192434577009,-38.6834295623
1,"D12","MDSSTTMDMTTE",72,0.00421293403491532,0.0080625278863532,0.0236054861536669,0.0221299323319381,-38.6834295623
1,"D14","VDSTTSMEMPIE",74,0.00534042420386191,0.00707488872114146,0.0155043283231336,0.0195083438990311,-38.6834295623
1,"D15","NECSFVQDLGIDSSDTVELV",75,0.0376016552125292,0.0529315444246936,0.0950705146059552,0.0957931985997391,-38.6834295623
1,"D16","MDSTDTRVITLD",76,0.0115049412221175,0.0145458541837848,0.0323121091999562,0.0351515363450371,-38.6834295623
1,"D17","EASFVDDLGADSSDTVELVM",77,0.0111717297685517,0.0126681335253482,0.0323263778518219,0.0304525304544767,-38.6834295623
1,"D18","LESTDTDTMPSD",78,0.00800151125715281,0.0122674804613806,0.0291564773118592,0.0275329591668375,-38.6834295623
1,"D19","STSTWFNRYGLESSASISLT",79,0.0758632785166772,0.0813633629643392,0.0691532640588309,0.0687110779284379,-38.6834295623
1,"D20","EMDSTDSNMITCA",80,0.0176652951997493,0.0318001770435624,0.0848253424226172,0.097361008890992,-38.6834295623
1,"D22","IDSTETDILPFE",82,0.00474483606370806,0.00761465669752205,0.0305339064755488,0.0382343222203226,-38.6834295623
1,"D23","SASFVFDLGADSSDTVELPM",83,0.0190066142734639,0.023225074588313,0.0599720215755445,0.0571740863658125,-38.6834295623
1,"D24","AEMESSESNTCTLA",84,0.0147867628629666,0.0241092571225214,0.102903406840415,0.111551420217274,-38.6834295623
1,"D26","AESSSSGVITIV",86,0.0267511944375719,0.0311460274582688,0.0565232099793462,0.0496561622616538,-38.6834295623
