"TS","spot","seq","unique_seq_idx","sfp_1","sfp_2","AcpS_1","AcpS_2","measure"
3,"S5","CSKDVQLTGC",1372,0.03663493157422,0.0837705882643525,0.087800639173869,0.0874057038532415,-38.6834295623
3,"S6","IEPLDSTDWLVR",1373,0.0168522062276991,0.0486125803937656,0.0773083575940781,0.0907602786129788,-38.6834295623
3,"S9","VDSVDTVV",1376,0.0612344295975882,0.0698198882556901,0.0577140713664566,0.0645647459123552,-38.6834295623
3,"S10","ESTETCMS",1377,0.076350043219883,0.0863668892500823,0.0779429209440988,0.0852669956329509,-38.6834295623
3,"S12","PVLSHETQIA",1379,0.0788072369140274,0.0793727757765854,0.0675914315823077,0.0636494203114648,-38.6834295623
3,"S13","ESSESAV",1380,0.0682770906579753,0.0739171211332638,0.0662481593429415,0.0620386101875131,-38.6834295623
3,"S30","TIDGVDSSDYAVHP",1397,0.038762716357947,0.0626640642626818,0.033593165205021,0.0376477888390342,-38.6834295623
4,"A5","GDALDMLEWALM",844,0.0474717296621306,0.0546821150254825,0.0674876741632575,0.0690542116220865,-38.6834295623
4,"A20","NAAAFVEDLGADALDTVELV",851,0.0804147280661704,0.0817643607091261,0.10547937499476,0.103583950415365,-38.6834295623
4,"A29","AESSDTRLW",1144,0.0833656837908629,0.0841799145675866,0.0946964618019319,0.0722196481144357,-38.6834295623
4,"B4","QREPVESTDVVTTS",1410,0.0377647536696024,0.0352652913694481,0.0579893790310323,0.0928384246497567,-38.6834295623
4,"B6","WTHDGIESSITQ",1412,0.0677383017503227,0.0639755743723739,0.059686388603524,0.0681652968870137,-38.6834295623
4,"B14","FNHDGLESHLVHSS",1420,0.0838092172825155,0.0809838225804728,0.155645797319501,0.111823855166623,-38.6834295623
4,"B16","TYYNCDPLCSWAACTTTCT",1422,0.0731744061528123,0.0738086112342761,0.122730950448191,0.0830332743249145,-38.6834295623
4,"B17","DFYTVSAELAS",1423,0.0753255748982326,0.0754426008241606,0.163490986315368,0.138794864844068,-38.6834295623
4,"B21","SWFQCDGVDSTLTHCDN",1427,0.0398816352275957,0.036625560904852,0.114304412963165,0.092970704639526,-38.6834295623
4,"B24","SRECMDSSDTA",1430,0.0641047699025894,0.0672832847593699,0.0621949001271334,0.0963789071337891,-38.6834295623
4,"B25","NHYPAESSESITS",1431,0.0664201531398477,0.0711352602541631,0.0510545242640138,0.0948346788465665,-38.6834295623
4,"B28","AQREPVESKETL",1434,0.074011800252592,0.0821317165792993,0.116002408772164,0.118854426593299,-38.6834295623
4,"B30","TSFNREPCESEISQSS",1436,0.0863477901482049,0.0851871745802357,0.132961352438109,0.0952429374397604,-38.6834295623
