"TS","spot","seq","unique_seq_idx","sfp_1","sfp_2","AcpS_1","AcpS_2"
4,"G7","QKCGAESLETCLTST",1563,0.284967390330831,0.28179084918268,0.125371257308195,0.0719929565392239
3,"M6","DSLEKIACCLA",1193,0.283713777326763,0.399875597735801,0.10764030232098,0.163916619729535
5,"F6","QTSLQCRDSLDWLVW",2102,0.283647133538701,0.357163678086873,0.281462010538148,0.288349050667673
4,"Q10","CIGGVESTSRKANG",1866,0.282421537308907,0.269154140650684,0.234091181910438,0.200469908828236
1,"J9","NASFVEDLGADSLDTVYLTM",249,0.282247615376485,0.345759996632679,0.152507459915844,0.17880009217774
5,"Q3","SPCCTCSQTSNCK",2429,0.282036283166686,0.290764058752263,0.158664246799234,0.210052627917637
4,"L13","VGGCASTSHKMQGCC",1719,0.281738552974424,0.261922594880164,0.247040884511415,0.206728904033625
4,"O4","ELWRESVDLVQTKIV",1800,0.281680399790954,0.252966149624044,0.167618139541275,0.171133239023217
5,"B2","EGFHYCACSKAFCVS",1978,0.280950363223428,0.258741993102237,0.348714743409644,0.259968800071193
5,"F20","WNHASMIWCRSNC",2116,0.280891435995444,0.247042778355275,0.27042930754282,0.301514929241641
