"TS","spot","seq","unique_seq_idx","sfp_1","sfp_2","AcpS_1","AcpS_2"
4,"L10","CAGGCVSSSHSMQNC",1716,0.0811512557256741,0.0752195060175982,0.143254133887144,0.0950732473974315
4,"D18","WINEFWADSYDTADIA",1484,0.0808817725231228,0.0814209532453223,0.118981279245635,0.0644756387620233
1,"D25","NSASFVEDLGADSLDTVELD",85,0.0808168132734755,0.0729863914643994,0.113721566247893,0.127084579440524
3,"K4","MMELISLITQIHG",1131,0.080800536654988,0.127502846157315,0.0444864953183832,0.0654903145156314
3,"S11","VESSETA",1378,0.0805394295240913,0.0943254401839852,0.0602819800241388,0.0578328606771025
4,"K3","WLAMLYQESKEKWD",1679,0.0804526542818488,0.0767649742447535,0.0927035006142557,0.0296567580390431
3,"A16","NAAAFVEDLGADALDTVELV",851,0.0804147280661704,0.0817643607091261,0.10547937499476,0.103583950415365
4,"A20","NAAAFVEDLGADALDTVELV",851,0.0804147280661704,0.0817643607091261,0.10547937499476,0.103583950415365
5,"L10","YTSEWPMESTMSA",2286,0.0802128602177919,0.0768141377018887,0.0396687253053964,0.0988850046502778
4,"N3","SCAGIMATCSQSIWNCP",1769,0.0799214670759484,0.0762876463174603,0.0823635884398014,0.0669032577609608
