"TS","spot","seq","unique_seq_idx","sfp_1","sfp_2","AcpS_1","AcpS_2","measure"
4,"I13","WLNVEGADSIIIVL",1629,0.135292985044005,0.137112949580743,0.169007158832041,0.11491886461302,-37.4219494126277
5,"H2","DGHISICWTKSQ",2158,0.132834903608643,0.158919103857462,0.208983526754884,0.224137163126261,-37.4315569470553
4,"R9","CELCSHTLFQC",1895,0.131999330812736,0.1302594328479,0.158341257559594,0.119912324197247,-37.4350449886813
4,"G9","FNMCPLDSKLSQ",1565,0.131957499269856,0.131657132442898,0.183415543160189,0.162757299412238,-37.435222850864
4,"H6","HYPLESFMTA",1592,0.131411869173361,0.128874753670519,0.167412774754618,0.132572937377032,-37.4375722455923
4,"R7","TLIDKNISLCFTD",1893,0.131010022162498,0.151623345726282,0.18483894796612,0.139582774343204,-37.4393385267413
3,"F14","NNASFVEDLMADSRTTFQLV",991,0.130241401249745,0.132040690091338,0.117155162586864,0.148037793986449,-37.4428063819371
4,"A26","NNASFVEDLMADSRTTFQLV",991,0.130241401249745,0.132040690091338,0.117155162586864,0.148037793986449,-37.4428063819371
4,"K20","CHRISIDFV",1696,0.129601253220185,0.137392728353041,0.168580744305036,0.123405934086014,-37.4457893082539
1,"H1","NNASFCEDLPADSLDTVELV",181,0.129321577007033,0.138280037769318,0.196092308348427,0.294552310039025,-37.4471209873483
4,"O23","YIEEVRVVSLWMAHSDVT",1819,0.128367941914217,0.154574261716413,0.171938329597491,0.122376790875405,-37.4517998643367
4,"N20","EMLYRVSMDTVDFIA",1786,0.127807399239629,0.13235912811311,0.186693869176376,0.139973843873032,-37.454655841074
4,"R12","GCITSSRTANPCCAM",1898,0.127107447444244,0.130395433585834,0.174103460121615,0.143300477782107,-37.4583405849134
4,"N10","WGEVDHQASHDWSRT",1776,0.12692479771807,0.12350541890383,0.114435013436098,0.056823767050682,-37.4593248672059
3,"A13","NAASFVEDLGADSLDTVELV",848,0.12412240188853,0.125674949285312,0.181600603518052,0.195049313666675,-37.4757845239517
3,"H7","IGLDSVDSLDIVC",1044,0.124093048215912,0.160770671176754,0.138839038427612,0.176398442475479,-37.4759721066747
4,"N12","CCTCSNHIFGCCMV",1778,0.123160105636241,0.120399277398073,0.16255430819211,0.12680188662189,-37.4821250825156
4,"K7","CWGVDSSLTVATTCE",1683,0.122425074055775,0.119838496458533,0.107675348411816,0.0810336458880699,-37.4872543612134
4,"R13","TCLPGCCSCSQHIYNCC",1899,0.122317838528659,0.128629433855808,0.156810466770836,0.12606224342586,-37.4880251713221
4,"P10","PDVEYKQSLDVLE",1836,0.122107653372857,0.123209502969652,0.129387610655671,0.0745692377078099,-37.4895534409724
