"TS","spot","seq","unique_seq_idx","sfp_1","sfp_2","AcpS_1","AcpS_2"
3,"H9","MHQESADSLE",1046,0.0374479733058068,0.0564587204276599,0.0516699305200694,0.0454053718606196
4,"I15","HDGADSSDACASE",1631,0.0371825760145918,0.0376156952128125,0.111370055895151,0.0584081194531009
4,"J6","CDAESADAVMIST",1652,0.037025671034457,0.0296614143149356,0.131356309419967,0.0941604665659933
5,"O3","HDIPVDSTLTV",2369,0.0369413812991013,0.0491835345426226,0.0358526177161637,0.088774182194614
5,"E1","TTTAEPAESKFWMISQ",2067,0.0369144521895388,0.0486534976550094,0.10573570367473,0.0850574167538847
5,"L5","DEEIGIDSTDSEDVGCD",2281,0.0368713080118653,0.0225543738282262,0.0186079729620924,0.0724403723821921
4,"J19","KDPIESTATNTSSS",1665,0.0368699696285385,0.0313956349048699,0.133834001052709,0.0867780450371398
3,"E21","EDQPWESVEF",968,0.0367036203903679,0.0306932731519142,0.0279334334085146,0.0200501062209407
4,"O28","CFAWDMPIDSADQMI",1824,0.0366432866993336,0.0335079719178342,0.0291159966059723,0.0664526255592141
3,"S5","CSKDVQLTGC",1372,0.03663493157422,0.0837705882643525,0.087800639173869,0.0874057038532415
