"TS","spot","seq","unique_seq_idx","sfp_1","sfp_2","AcpS_1","AcpS_2"
1,"B1","DSLEFIASKLA",1,0.331320685980502,0.469349712137003,0.226499371713533,0.209399645779549
3,"A1","DSLEFIASKLA",1,0.331320685980502,0.469349712137003,0.226499371713533,0.209399645779549
4,"A1","DSLEFIASKLA",1,0.331320685980502,0.469349712137003,0.226499371713533,0.209399645779549
5,"A2","DSLEFIASKLA",1,0.331320685980502,0.469349712137003,0.226499371713533,0.209399645779549
3,"K5","ESKEYCLK",1132,0.330420033420702,0.372160497363816,0.17296923742225,0.234386908163868
1,"D13","NRASFVEDLGADSLDTVALT",73,0.330103617587375,0.428089836577418,0.199996951078249,0.239489307708103
5,"I6","WEGKCQFRVSLVQCKT",2192,0.329947748467159,0.295517574236658,0.249381106984752,0.302371420282411
4,"P11","TCMNPCCSCSKSLWNCCI",1837,0.329159377092219,0.30022222612354,0.272034052159246,0.247774846936737
4,"S11","GGCCTCSRRIWGHCA",1927,0.328910765627905,0.264963372141773,0.346134420086491,0.33291474733902
5,"C11","PNPAIDQLMSADYRKTQC",2017,0.32846540899019,0.302521814255952,0.241742299686522,0.285646932852159
