"TS","spot","seq","unique_seq_idx","sfp_1","sfp_2","AcpS_1","AcpS_2"
3,"D20","GMCSAETMDQDK",937,0.102295369447658,0.136019397905166,0.0938390708285188,0.0790473457333172
5,"O16","PWKDEQCAESKTML",2382,0.102248216142571,0.0962759956702886,0.0630901619545173,0.116646908997256
3,"F29","NSASFDDDLGAYSLPTHELV",1006,0.102195962145522,0.0829071288527558,0.080170437532756,0.0795565303244654
4,"G1","AEPQDSCDWSKTL",1557,0.102177022106693,0.104758085654472,0.033037519520008,0.114560706149038
3,"J26","IGLDSIEKVDEP",1123,0.102141797388067,0.0470699707832185,0.0681803066077773,0.0682486647288385
5,"K30","FSGGCSSSQTCQQ",2276,0.102025352559902,0.102556552379256,0.0682922444805592,0.118293782997796
3,"L15","NSHEFIASFNA",1172,0.101997575318575,0.0896204942222798,0.074443733663227,0.0679233599259451
3,"E29","EVPAESVESIEAAV",976,0.101863762497319,0.0893743845018767,0.0473749026179226,0.0380906580852848
4,"P4","CLQGCCTCSNTAYPHCMA",1830,0.10181856247855,0.0788245305044222,0.0785234869359172,0.0719146643900111
4,"J16","SMDEGIESLDYH",1662,0.101727296326401,0.101459346830398,0.140857787800207,0.0870135327601469
