"TS","spot","seq","unique_seq_idx","sfp_1","sfp_2","AcpS_1","AcpS_2"
4,"H20","FCIESSEMLMATC",1606,0.145017923421739,0.145496700360844,0.152848716786935,0.0947702748737287
3,"K20","CLESTDSCVTPCM",1147,0.144884655827366,0.125024660360409,0.0755759137148325,0.0720027847546851
3,"S26","CEEIESSTTRDS",1393,0.144742593014847,0.0863158176600115,0.075547131105711,0.067699360291407
4,"O26","PPACTCSKTAWQCP",1822,0.144736521898901,0.15831190804085,0.115887682913789,0.10100032007766
5,"S26","CCSHGCTCSNTCNNCCCC",2512,0.144694253050499,0.130252308170298,0.0930724848569765,0.142842650339818
1,"F26","NGAESSSSKVVGCM",146,0.144637326765111,0.177567754272026,0.188686026946158,0.162486211841777
3,"A19","NGAESSSSKVVGCM",146,0.144637326765111,0.177567754272026,0.188686026946158,0.162486211841777
4,"M15","EMGIESMDTLIVRV",1751,0.144595292739045,0.143248100453886,0.187322974271816,0.146536373975463
4,"B23","TFYQRDGVCSEITVVVSSE",1429,0.144137905181425,0.156601514523872,0.109194987141602,0.116394581156928
3,"P25","GIDSTDSMATPML",1302,0.144055440038834,0.12008668813222,0.0535382561207946,0.0563161805068564
