"TS","spot","seq","unique_seq_idx","sfp_1","sfp_2","AcpS_1","AcpS_2","measure"
4,"F21","YEIESVESAVDEG",1547,0.101360088768589,0.1112436517937,0.1339927282322,0.078247623915003,-38.6834295623
4,"F25","YEEIPVESHDLADYL",1551,0.0938958737454169,0.0900166135067843,0.085919217609453,0.125959109045666,-38.6834295623
4,"F27","HDPADSTLSNTSS",1553,0.0486850467322916,0.0463964959091238,0.0373245378906072,0.120596096824586,-38.6834295623
4,"F30","HYCMESKMMCSSS",1556,0.107299580748132,0.115093122241704,0.0919687923481376,0.126969009307671,-38.6834295623
4,"G5","ACEMDSMEMMVSSCT",1561,0.0821045452158321,0.0803137516926074,0.147120427556744,0.104600658645788,-38.6834295623
4,"G8","YFQCDPCDSEATNTTTG",1564,0.0296002932963588,0.0260176781166713,0.11084082621221,0.0606068769540271,-38.6834295623
4,"G10","RFCIESEMACTST",1566,0.0463273622646546,0.0465409730263126,0.142356032784209,0.10597343641762,-38.6834295623
4,"G12","YCMCSSAMMT",1568,0.0748779920671542,0.076738787767263,0.137976270249706,0.0937543841131117,-38.6834295623
4,"G14","KYPAESHMVC",1570,0.0676982315355643,0.075719321109099,0.121186371314411,0.0595480991135477,-38.6834295623
4,"G21","SWYQCYGADSSAACSS",1577,0.0938284148783731,0.0967105937132477,0.118203157607088,0.0726376075429706,-38.6834295623
4,"G23","WPIDSAEVHS",1579,0.0840896207194185,0.0898931671312507,0.143037806702381,0.0976947140412659,-38.6834295623
4,"H2","HEPADSTDLLVTSCS",1588,0.0764977681183934,0.0797417854278653,0.0804871596872416,0.124964075000626,-38.6834295623
4,"H9","KPAESIYAIDQN",1595,0.0743416970097023,0.0794667837215386,0.150957646215452,0.124532392335307,-38.6834295623
4,"H11","DCDEGVLSMDTI",1597,0.0356871497287129,0.0392408880104811,0.132574045981854,0.0856070614899965,-38.6834295623
4,"H12","CFTQDWGLVSVCTMDMLM",1598,0.0513073707501464,0.0572106955160643,0.15229236560003,0.094525446863089,-38.6834295623
4,"H13","YNRECIESKLVCSTT",1599,0.107199742799126,0.107058942002607,0.158291680208992,0.107523459595337,-38.6834295623
4,"H14","TWSRECVDSHMTAST",1600,0.0611888324869222,0.0614556138154699,0.106169573891399,0.0482613150992295,-38.6834295623
4,"H15","TWLQTVPPDSVIMKD",1601,0.0613064892054217,0.0640604838071735,0.108212562817253,0.0598403865438071,-38.6834295623
4,"H19","WAQKEPMESSATNVASCE",1605,0.0749687885318047,0.0766188950627571,0.107283490094757,0.0550818278582328,-38.6834295623
4,"H21","APQMSIEYM",1607,0.074482720681277,0.0716372599794923,0.137072763812065,0.0934151996365718,-38.6834295623
