"TS","spot","seq","unique_seq_idx","sfp_1","sfp_2","AcpS_1","AcpS_2","measure"
4,"Q8","VDISSKSANPHGLI",1864,0.129569020915566,0.119591836735074,0.176993284818086,0.135234405880989,-24.9840398946034
4,"E30","YIDDVHIVSLEFMHT",1526,0.114924340829556,0.127012222253726,0.0836996733826214,0.119578812356128,-24.9860907546218
5,"I3","CCCEPKESKLYIRSS",2189,0.316552863756503,0.30784147531545,0.477908979610403,0.446977905073767,-24.9978026977838
4,"O26","PPACTCSKTAWQCP",1822,0.144736521898901,0.15831190804085,0.115887682913789,0.10100032007766,-25.0050264496073
4,"Q9","MNPRVSMEFVLYN",1865,0.189625436842399,0.180507583838855,0.176335654728268,0.123069341417037,-25.0074636406893
4,"S6","NVAEVTSRTINNRCA",1922,0.215607110869118,0.221159454018011,0.187942577357825,0.16446302665185,-25.0078348276938
1,"I21","NNASFVNDLGAGSLDTVEVV",231,0.09400288701659,0.112871634121141,0.0357685220282348,0.0371044425243086,-25.013152070089
3,"M14","CVDSSESCMSPC",1201,0.125681711348343,0.125727720025243,0.0960643836100029,0.0924675877044991,-25.0135141155678
5,"E13","HCNMRSHAFCIT",2079,0.217651547116537,0.208899142909598,0.200237073059904,0.225174380061757,-25.0534337378218
3,"A20","NGAEASSSKVVGCM",853,0.141282322605177,0.194923146433898,0.112875187424574,0.11217827729896,-25.0550432519301
4,"S3","TCAGGCMSTSQTMQ",1919,0.0820187685363272,0.0592477354830743,0.0787481212666494,0.0734385983349955,-25.0655332494704
5,"D11","RLDPHVSPDFCHSNCC",2047,0.118580476282174,0.108662452936774,0.119361347653072,0.148905738418551,-25.067669095763
4,"Q17","CMNVMESCSRSMFNHCL",1873,0.227191101723363,0.218568478297457,0.275267978566496,0.261882715679266,-25.0733551413443
5,"L23","CPGDCSTSQTGNQHCC",2299,0.110771869743447,0.100005576258158,0.106941964291144,0.148914994692641,-25.0791752585758
3,"J5","NSQSFHEDRGADSLDTVELV",1102,0.127195085671615,0.183048807553875,0.0985202087055459,0.139649737005599,-25.0866694472633
3,"Q15","IDSSDF",1322,0.0700392480511215,0.0476795772057655,0.0643899505483001,0.0610514472238001,-25.0878127112164
4,"M19","ERRELSMDSYDKMMT",1755,0.12320686889786,0.113695976087275,0.16598620261221,0.113199420354136,-25.1025815839497
5,"M10","TVVEMESKVSLICP",2316,0.0915740643345209,0.0903380488155386,0.0369528692626969,0.103479744829664,-25.1062441688651
4,"F28","WGLMSICTMLAH",1554,0.0951616815552222,0.094051370031892,0.0408328466739723,0.12524205858726,-25.1141698038223
4,"H8","QFLMVHFIESKCWASFAI",1594,0.172951119651334,0.164260083386728,0.164991260670646,0.131142870877653,-25.1193717162854
