"TS","spot","seq","unique_seq_idx","sfp_1","sfp_2","AcpS_1","AcpS_2"
1,"I2","LGNDSTDSLTISVD",212,0.00903871811075288,0.00885015795235329,0.0298969157567175,0.0324794786337162
1,"J2","GGVESTDTIVISSD",242,0.00903175868425552,0.00256856018164932,0.0244622776104676,0.0235269627416895
1,"G22","IESTDSVTLSRD",172,0.00887104008562749,0.0142296382372201,0.0432546150526207,0.0468971138668122
3,"I7","EDMGAESMDTVE",1074,0.00864034825733573,0.0370852564622473,0.0179059776544492,0.0193853847915674
1,"E14","VDADSTETQMISI",104,0.00853692453738077,0.0116384080650901,0.0322908929846164,0.0333514858065698
1,"D2","INMESTSSVSISHD",62,0.00837200084721355,0.0061974251806112,0.0211156064030835,0.0220458780427979
1,"G6","YPIDSTTSVMAPL",156,0.008361319914704,0.0135386135448903,0.0366519644879315,0.0420701912960537
1,"D18","LESTDTDTMPSD",78,0.00800151125715281,0.0122674804613806,0.0291564773118592,0.0275329591668375
1,"H10","IESSSTLPISVE",190,0.00779518844078222,0.00922546930000768,0.0232067856562437,0.0283415483777246
1,"E28","VDLESTSTYTLP",118,0.00748382243776254,0.008922611982606,0.0343750499693191,0.0381331797472184
