"TS","spot","seq","unique_seq_idx","sfp_1","sfp_2","AcpS_1","AcpS_2"
1,"F15","FFNRYGLDSSESISLTSDFI",135,0.109456745601334,0.123274011876779,0.0929441306292779,0.0892755653979296
5,"B17","FGKMSAECVC",1993,0.109433824211835,0.100979363554414,0.0829054901654573,0.128972209322639
5,"B9","LEGHESHLWL",1985,0.109400011618652,0.101219232720061,0.0815119501022752,0.109736357601865
5,"S7","EELDAESGITIEISN",2493,0.10918336909231,0.0909425976101141,0.0472648176135602,0.0992641404942422
3,"K19","SLCPVESTESAMS",1146,0.108822905127633,0.085473427706676,0.0596007817478282,0.0526885044655368
5,"L11","CCCSGPCTSSQTCQQC",2287,0.108789685671336,0.0934323459567711,0.0653407019123715,0.112884262148538
1,"B24","DSAEFIASKLA",24,0.108604730979121,0.0910982854109832,0.223401387444828,0.146426303350092
3,"O18","CIDSTEYC",1265,0.108587016488549,0.0752167280402942,0.109737380148156,0.109279371277639
4,"D30","EIWRMSADILDSNAC",1496,0.108526639339269,0.120244605323018,0.101161692497964,0.114386883885217
5,"Q23","CCCSPPCCSSQSCQQC",2449,0.108509795739006,0.094557662937405,0.0732894118150733,0.115357944261517
