"TS","spot","seq","unique_seq_idx","sfp_1","sfp_2","AcpS_1","AcpS_2"
3,"I19","DDAPMESLESLDLVCG",1086,0.142680461865297,0.124493991585633,0.0948925941918879,0.0969053301408271
4,"P26","DWMDSLDTL",1852,0.142217059443327,0.144893304497423,0.0860672099838791,0.0813414108106627
3,"M28","TSEPIDSRDMIV",1215,0.142138203180286,0.121280243814432,0.0577689003140483,0.0658431101052942
3,"I18","PRESIEFMETL",1085,0.142007568133443,0.129679627042667,0.0731015559321213,0.0713807396613753
1,"H3","NEASFGDDLGADSLDTVELV",183,0.141962670886667,0.121206228345993,0.162271083774957,0.194973813600107
5,"T21","GGCCTSQSCNQCNCC",2537,0.141957593091649,0.113035136494742,0.100719878938518,0.146896669841131
1,"E23","NEASFSDDLGADSLDTVELV",113,0.141928189136046,0.124560170111506,0.150397697798016,0.173250816589392
3,"H26","ESLDFADLT",1063,0.141745136929874,0.0969991010354734,0.0644454450752395,0.060879565894247
3,"A20","NGAEASSSKVVGCM",853,0.141282322605177,0.194923146433898,0.112875187424574,0.11217827729896
5,"Q5","CCCSRCCCCSNTDNQH",2431,0.140810528229031,0.129637313216967,0.05071721533293,0.0952120922364858
