"TS","spot","seq","unique_seq_idx","sfp_1","sfp_2","AcpS_1","AcpS_2"
4,"E15","WDHFLSYCYYH",1511,0.221845823140992,0.195707130007695,0.204782470897629,0.15753446485869
5,"T28","YSKECCTSNTPQQRN",2544,0.220970797479913,0.225771319625326,0.154412913354491,0.217526269320151
1,"E21","MSASFCEDLGADSLDTVMLW",111,0.219800450135574,0.406678758018524,0.150424759678321,0.186528804536834
5,"E29","KPKAQKKDSMERH",2095,0.219661898749239,0.206717978923176,0.150008720571719,0.213307151028825
4,"R4","SYSEALWRVSVDSM",1890,0.219399074181357,0.193849055243912,0.105586461556178,0.0936059175515812
4,"G17","WETEDPVISAEYIKTL",1573,0.21871283138985,0.205333413124071,0.195115892732771,0.153479581926456
4,"N15","DKRLSAEWR",1781,0.218349762953123,0.210480293910121,0.20637818260112,0.173724141898621
5,"J29","QLVDWHISLYYTHSNC",2245,0.218133304566434,0.149799728028622,0.316332232133105,0.205325643007506
5,"E13","HCNMRSHAFCIT",2079,0.217651547116537,0.208899142909598,0.200237073059904,0.225174380061757
3,"B4","NRASFSEDLGADSLGTVELV",861,0.217493827082882,0.258153367429855,0.119379554203862,0.119064404084283
