"TS","spot","seq","unique_seq_idx","sfp_1","sfp_2","AcpS_1","AcpS_2"
3,"S30","TIDGVDSSDYAVHP",1397,0.038762716357947,0.0626640642626818,0.033593165205021,0.0376477888390342
4,"L29","PPCMTCSNTLWGCPVI",1735,0.0386670527106502,0.0489861317209302,0,0.0465322615915509
3,"D9","LEASFVDDLGNDSRDTVELC",926,0.0384642296370054,0.075775359967048,0.111822669825553,0.112256182064194
4,"L21","CNPDIEKHASMCWSETHPC",1727,0.0383936652307635,0.0390029959507872,0.0948733157617915,0.0372134174989681
3,"J7","DEGNGSIDSL",1104,0.038007363454157,0.0748126216565019,0.0337722652121394,0.044606383587992
4,"B4","QREPVESTDVVTTS",1410,0.0377647536696024,0.0352652913694481,0.0579893790310323,0.0928384246497567
3,"B17","EVGADSADSVEMAVG",874,0.0377266396773676,0.0562657698242982,0.035029973528706,0.0292396132549271
3,"I9","DDAPIESLETADAV",1076,0.0376055583241104,0.0560062125464335,0.0556093024001526,0.0491923342585088
1,"D15","NECSFVQDLGIDSSDTVELV",75,0.0376016552125292,0.0529315444246936,0.0950705146059552,0.0957931985997391
3,"G11","DSAETVEA",1018,0.0375287417387921,0.0487528816250438,0.0497199309380652,0.0389185006058979
