"TS","spot","seq","unique_seq_idx","sfp_1","sfp_2","AcpS_1","AcpS_2","measure"
1,"B8","GDALSWLLRLLNGSGSGSGS",8,0.094002676762013,0.0995269190945972,0.080237279826662,0.0735101455358375,-38.6834295623
1,"B9","DALEFIASKLAX",9,0.0573886924247522,0.0603507154400077,0.0578206674581021,0.0522525466427953,-38.6834295623
1,"B10","DALEFIASKLAXX",10,0.0162533726390916,0.0176336285698153,0.0471099898457651,0.045267578118687,-38.6834295623
1,"B11","DALEFIASKLAXXX",11,0.0181515509598841,0.0222448686405168,0.0446278980897211,0.0442034818134461,-38.6834295623
1,"B12","DALEFIASKLAXXXX",12,0.0207611676927352,0.0226235923904722,0.0463035121954126,0.0448278938434709,-38.6834295623
1,"B13","DALEFIASKLAXXXXX",13,0.0153011717109563,0.019914277227087,0.0523504323871712,0.0468705027927394,-38.6834295623
1,"B14","DALEFIASKLAXXXXXX",14,0.0133916606684657,0.0165184078829137,0.0571784473904195,0.0496106889320122,-38.6834295623
1,"B15","DALEFIASKLAXXXXXXX",15,0.0163360026878367,0.0188871970399305,0.0620091330968311,0.0576803696969074,-38.6834295623
1,"B16","DALEFIASKLAXXXXXXXX",16,0.00917759125883478,0.0120799570512085,0.0222341641223857,0.0316281485712916,-38.6834295623
1,"B17","DALEFIASKLAXXXXXXXXX",17,0.014418270691387,0.0172319438493381,0.0307295588275726,0.0309070394429886,-38.6834295623
1,"B26","VDMESTTTITIPCD",26,0.0105208236491998,0.0199328999497222,0.0918494785047246,0.0926161218382372,-38.6834295623
1,"B27","NEASFVDDLGADSTDTQELT",27,0.00963973081899228,0.0117247233263952,0.0391727160729837,0.0344734943343139,-38.6834295623
1,"B28","LDMESSSTMVVTWV",28,0.0146619557460833,0.0140678004288645,0.0213163947227292,0.0144734063346968,-38.6834295623
1,"B30","AGADSTSTALLSSE",30,0.00644348279096577,0.00803361505135277,0.0314534687948115,0.024376987739945,-38.6834295623
1,"C1","NSASFVEDLGADSTDTVELV",31,0.0117828977728583,0.00772475296401045,0.0369899298336955,0.0378865022276335,-38.6834295623
1,"C2","FGLDSTSSIVVSAE",32,0.0136488230415451,0.0148107253794476,0.0424476144673831,0.0435070873378452,-38.6834295623
1,"C3","NSASFVEDDGIDSSDTVELV",33,0.0145364547890961,0.0140615575843447,0.0346382543027548,0.0339956981070349,-38.6834295623
1,"C4","MDSSTSYLMGSE",34,0.0126760381903255,0.0120884748305956,0.0432053844684345,0.0395244393263471,-38.6834295623
1,"C5","NNASFVNDLGADSTDTVEAV",35,0.0141104369652602,0.0142720419650387,0.0305576439840847,0.0353882423587051,-38.6834295623
1,"C6","QEMDSSESLEVPSD",36,0.00253863478766955,0.00414085760777571,0.0110578316710826,0.0148816263284614,-38.6834295623
