"TS","spot","seq","unique_seq_idx","sfp_1","sfp_2","AcpS_1","AcpS_2"
4,"A25","MESIDYHMRSC",1306,0.230508976476388,0.195175029533074,0.113584343118491,0.145929726202982
5,"A16","MESIDYHMRSC",1306,0.230508976476388,0.195175029533074,0.113584343118491,0.145929726202982
5,"B5","EDGFCWNIISIVFCVYG",1981,0.23049347784378,0.14609288142209,0.331324950394907,0.2127923707732
5,"R24","HHADSSYTVFMW",2480,0.230188559680209,0.215974724758775,0.249437760294471,0.18205051325897
5,"G12","GNHCLEYYMSICWCHDQCS",2138,0.230058810334135,0.188373769368,0.317293051832792,0.265967151368793
5,"F29","RECADSVDWLTTAVT",2125,0.228874534338303,0.253471936201223,0.088561455948707,0.0930685791347869
4,"A6","GDSLDWMSCIDY",1398,0.228131853147846,0.265601389286896,0.162495445652647,0.218230178176922
5,"A30","GDSLDWMSCIDY",1398,0.228131853147846,0.265601389286896,0.162495445652647,0.218230178176922
5,"J25","KRMECMCSAIYW",2241,0.227809927273201,0.182297033519609,0.26514515190944,0.226288361220954
4,"M1","SCMNPAEVTSKSANGKCM",1737,0.227353378754267,0.223554453519927,0.176216035619527,0.170024776720776
