"TS","spot","seq","unique_seq_idx","sfp_1","sfp_2","AcpS_1","AcpS_2"
4,"Q7","AEDFKNSAEIAD",1863,0.0571012302495306,0.0466481074692603,0.129253804914087,0.0715280449448663
3,"F8","NNRSFVQDPGADSKDTVELV",985,0.0570982710147899,0.0669033217949629,0.0521902065007777,0.0441378471843485
5,"Q2","TKPCTTSQTDQ",2428,0.0568558466366321,0.0889038153713562,0.0290053512930893,0.0885731439206349
4,"Q6","EDGMCSVQSM",1862,0.0568185370860699,0.0502372278218131,0.124194468527468,0.08296136389055
4,"B12","CFGTTNPMDSMESV",1418,0.0567703941174224,0.0492327331874868,0.121111739763293,0.0569739451832445
1,"E15","NSASFVEDLGADSLDTVEGD",105,0.0567290817659142,0.0519122413404557,0.0719801006378997,0.0792108901343097
3,"G8","ELKATSIESV",1015,0.0565836548930983,0.0742914195738019,0.0451420170225278,0.0401775718226293
3,"P7","ECLDSSESVV",1284,0.0565233586606553,0.0770391148120373,0.0488936067826692,0.0594321836403086
5,"K20","HDMCLDSSESCDLP",2266,0.0564556541474645,0.0495522597937288,0.0271906696450399,0.0879144057479177
4,"N17","PTECPIDSHDKTE",1783,0.0563044347629456,0.0510668643645094,0.10754493759975,0.0441939621494761
