"TS","spot","seq","unique_seq_idx","sfp_1","sfp_2","AcpS_1","AcpS_2"
1,"B29","STSTYFNRYGLDSSESISLT",29,0.112759193216183,0.141597025069601,0.0927557993656459,0.0751471650113073
5,"S20","PGCCCSNTCQQ",2506,0.112663128469153,0.0915365492898825,0.0795636503218584,0.120293081063677
5,"D10","GRTADKIVSIEYIDTQMC",2046,0.112499278518028,0.11690661577091,0.0694225376060972,0.116433786143215
5,"G6","ECAISHCQC",2132,0.112423041776839,0.0952194542666646,0.0846021217868585,0.128887445849725
5,"P12","GCCSCSNSNQNC",2408,0.112300089510826,0.089585170604875,0.0471926934987834,0.102920997272113
4,"F8","WYNHEPADSSATKSTSSC",1534,0.112277152729722,0.116947847233616,0.128753441615085,0.0893086517101824
5,"K29","PHECTTSQTDNNRNC",2275,0.111887253300698,0.0992177970084149,0.0657492673868375,0.116684305487328
4,"J20","WHHMEEWGMSAYEK",1666,0.111614834645195,0.110637313956724,0.107336803764436,0.0498904862116757
3,"S20","IEPLDSTDYAVSGLM",1387,0.111218682220151,0.126196466924415,0.0680928199001957,0.0644439773351402
3,"M12","ECADSREIL",1199,0.111198963722514,0.108407193193975,0.0889443855154709,0.082790626242496
