"TS","spot","seq","unique_seq_idx","sfp_1","sfp_2","AcpS_1","AcpS_2"
1,"F3","NNASFVEDLGADSLDTGVLV",123,0.0326133022977863,0.0304172547187792,0.0534612954931636,0.0561513034981742
3,"Q10","LDSTEWCASG",1317,0.0325768729087143,0.0424649833804065,0.0472698889875204,0.046450873921116
4,"T7","CFNDECPMESKDHT",1953,0.0325555376845985,0.0259270012485647,0.109017161112816,0.04382758814454
4,"T9","TCLGPCVTCSQTAWGCGV",1955,0.0324221170794138,0.038963089972854,0.0899052252182277,0.0314472324957606
1,"E1","ASFREDLGADSSDTVELVYA",91,0.0321936762130901,0.0396218263612843,0.0611185002824638,0.0636687382032696
1,"I30","VESTDSLLMSRV",240,0.0320966437258232,0.0274060609890399,0.084408955520329,0.086480464605417
4,"L19","TLAEKHMSICWTES",1725,0.0320202113576132,0.0379017657305367,0.0680151559116739,0
1,"I19","NEASFVDILGADSMDTVTLV",229,0.0319886780005543,0.0431067885035194,0.0452680637703549,0.0456596479433592
4,"K2","TWFTRYCLESSDSCT",1678,0.0319855719045619,0.0276376860500537,0.147070224325281,0.10087720921842
1,"H13","SEKSFVDDLDIRSSSTVEIA",193,0.0314374115252236,0.034841712055777,0.0403815174124634,0.0427941756438542
