"TS","spot","seq","unique_seq_idx","sfp_1","sfp_2","AcpS_1","AcpS_2"
1,"F22","IDSSSTVSMSMV",142,0.0143660014035548,0.0171074043917149,0.0537427465188413,0.0538203365424206
1,"C5","NNASFVNDLGADSTDTVEAV",35,0.0141104369652602,0.0142720419650387,0.0305576439840847,0.0353882423587051
3,"J4","APVDSAEWLEL",1101,0.0139808629721363,0.0617317892817644,0.00183591928182218,0.00952016342215294
1,"D6","PADSSSTLILPAL",66,0.01396771615842,0.0170431507080772,0.0466024628634963,0.0473983808575071
4,"R16","SADNWAESMETVD",1902,0.0139508929390498,0.0155414850556703,0.112953913794462,0.0682191869235113
3,"I8","ESIET",1075,0.0139066334211153,0.0488878183974791,0.0382659167822681,0.0365258306908457
1,"C11","NEASFVDDLGADSSDTVELV",41,0.0139042613270935,0.0139064916751292,0.024209102421079,0.0345729850855791
1,"G28","VDSTSSECAGVE",178,0.0137608046292339,0.0235569240989082,0.0750343765395101,0.087545295009253
1,"C2","FGLDSTSSIVVSAE",32,0.0136488230415451,0.0148107253794476,0.0424476144673831,0.0435070873378452
1,"C23","SASFVEDLGADSSDTVELVM",53,0.0134463689093906,0.0141818116995433,0.0493195391454246,0.0453016933117321
