"TS","spot","seq","unique_seq_idx","sfp_1","sfp_2","AcpS_1","AcpS_2"
4,"Q27","SCLGPCVTSSQHIFG",1883,0.124309460301763,0.116980296328081,0.0858560605407821,0.132021249131345
3,"N16","CMESLDTQDKQC",1233,0.124236862878428,0.0959313067164546,0.113869725667092,0.110386143876534
4,"D29","MFKMSIDVMHS",1495,0.124207861024636,0.128356820682468,0.0875188932250621,0.118038153917058
3,"A13","NAASFVEDLGADSLDTVELV",848,0.12412240188853,0.125674949285312,0.181600603518052,0.195049313666675
3,"H7","IGLDSVDSLDIVC",1044,0.124093048215912,0.160770671176754,0.138839038427612,0.176398442475479
5,"S28","CCCSGPCSCSQTCNNCQC",2514,0.123757950410113,0.111975304249197,0.0688380282118401,0.123301370142831
5,"J17","ADPKISMDFHHTQCF",2233,0.123594186862548,0.101069031448935,0.127274153611959,0.166487288264516
3,"I13","GLESLDTYC",1080,0.123402717465486,0.124910356121985,0.100966109273483,0.101951363755448
4,"M19","ERRELSMDSYDKMMT",1755,0.12320686889786,0.113695976087275,0.16598620261221,0.113199420354136
4,"N12","CCTCSNHIFGCCMV",1778,0.123160105636241,0.120399277398073,0.16255430819211,0.12680188662189
