"TS","spot","seq","unique_seq_idx","sfp_1","sfp_2","AcpS_1","AcpS_2"
3,"N26","MMPIDSHTIMMT",1243,0.140125938644594,0.128965522903744,0.0778264741395696,0.0880917464073815
4,"G18","IIHMLSLCTYDSAAT",1574,0.139650041128479,0.163104441219924,0.161384859286931,0.126167945162602
5,"Q6","CWSRECTCSQSCQQ",2432,0.139510615468607,0.11354065811961,0.0547670391092708,0.0948664389642286
3,"G1","NEASFSWRLGADSLDTVEQV",1008,0.139263784002055,0.167475662164826,0.0960386626658804,0.205514798836472
3,"M8","PMISRDSCV",1195,0.13924589883581,0.149917375721037,0.0637183661958996,0.0851979022358256
1,"H11","ASFVDDLGADSLDTVELSMA",191,0.13922927728436,0.128828476977317,0.13677946487184,0.190188143292068
4,"M25","SYTYDNFADSIETMEI",1761,0.138702094333622,0.150096374065541,0.129809738847085,0.0829545909594657
3,"G30","IGTDSMEEMECVEC",1037,0.138582721760332,0.113866780155543,0.0490518519702288,0.0404986498957529
5,"E10","HCFQMASKAWCMSND",2076,0.13849969381551,0.122730892718969,0.12296969400645,0.131325245616233
5,"I19","PWCCNMISKCWCCSEHC",2205,0.138446210011812,0.120600872642756,0.174975364688958,0.174879700576674
