"TS","spot","seq","unique_seq_idx","sfp_1","sfp_2","AcpS_1","AcpS_2","measure"
4,"L20","CSIMPVDSADYAD",1726,0.0392788793890352,0.0394424860201715,0.117433987961458,0.0586269804860816,-38.6834295623
4,"L21","CNPDIEKHASMCWSETHPC",1727,0.0383936652307635,0.0390029959507872,0.0948733157617915,0.0372134174989681,-38.6834295623
4,"L22","SDVERHISAVFVETELS",1728,0.0977599340887532,0.0979748267455524,0.228747524918279,0.180643876875458,-38.6834295623
4,"L23","DMDWADSMEWMAI",1729,0.0451542590249645,0.0555138176003711,0.0938772927532867,0.0335136122028585,-38.6834295623
4,"L24","FYDEDMPNISHDVHESNI",1730,0.0580628860482645,0.0546851131681083,0.157133781650605,0.111163311003292,-38.6834295623
4,"L25","MVPMDSHPWLEAMFC",1731,0.0893455118996355,0.0898710586369067,0.125871999928931,0.0845984082297439,-38.6834295623
4,"L27","GFTEAMPHVSVEYV",1733,0.0838492874972739,0.0829460024282943,0.0756487213122767,0.0949138756833249,-38.6834295623
4,"L28","MEYRLSALMMD",1734,0.0739969170299675,0.0849830423953043,0.0576219679997132,0.12152406173618,-38.6834295623
4,"M5","EEIGDASMEFME",1741,0.0360169290639483,0.0355500511068752,0.105235532054191,0.0807553688892593,-38.6834295623
4,"M7","AAEPAESREDADTMV",1743,0.0592244525887604,0.0607203534541631,0.121396572453173,0.0776436349487769,-38.6834295623
4,"M12","EVHGAASIDAANTQPN",1748,0.0653839931615848,0.0643736729128216,0.140536179868239,0.0901500844805953,-38.6834295623
4,"M24","CVNGMATSSNTLQPCP",1760,0.0265302103146134,0.0288162814362828,0.13684900192132,0.098385406305777,-38.6834295623
4,"M26","SDDNGIASRELADSLL",1762,0.0851208489789419,0.0833156424720698,0.107344428131285,0.0832367801206355,-38.6834295623
4,"N3","SCAGIMATCSQSIWNCP",1769,0.0799214670759484,0.0762876463174603,0.0823635884398014,0.0669032577609608,-38.6834295623
4,"N8","WDDECGMMSLLLT",1774,0.100045433458888,0.0969099197037565,0.154466239490117,0.103109953629841,-38.6834295623
4,"N14","DGADSHDEVMMAP",1780,0.0504100621387754,0.0477917487142341,0.143540028677878,0.0932443114945204,-38.6834295623
4,"N19","SDEVWAMSRDFMDEVYC",1785,0.104729480109072,0.101737319638732,0.134711258426374,0.076511137298842,-38.6834295623
4,"N23","DDCMGQESVMTKESH",1789,0.0193545008377023,0.0206194187980936,0.13752867060387,0.0789952381418401,-38.6834295623
4,"N24","TGIDAESREAVCEQAC",1790,0.0309528171606668,0.0379527405198674,0.139933570395903,0.102124920049832,-38.6834295623
4,"O14","CPAISIAMSESH",1810,0.0882861023901721,0.0886564896136356,0.17182976771729,0.121795883667098,-38.6834295623
