"TS","spot","seq","unique_seq_idx","sfp_1","sfp_2","AcpS_1","AcpS_2"
5,"B25","NRFRCQVLSVVGCAYQHC",2001,0.213515610303156,0.173015289361902,0.194591664398345,0.203231668113436
3,"A3","DALEFIAAKLA",840,0.211976119871057,0.198273053653896,0.215416758660183,0.191492083104592
4,"A3","DALEFIAAKLA",840,0.211976119871057,0.198273053653896,0.215416758660183,0.191492083104592
5,"A6","DALEFIAAKLA",840,0.211976119871057,0.198273053653896,0.215416758660183,0.191492083104592
5,"J14","FQACSYCGCHS",2230,0.211784831789731,0.176911223518395,0.227517526889646,0.270524552195601
5,"N5","CCCPKGCTSSNTDQQK",2341,0.211681723541352,0.174503866984582,0.0929291853088652,0.126101393054966
5,"Q24","TKGCCCSNTCQ",2450,0.21142113040411,0.193087100351517,0.132737439761769,0.177566819799913
4,"I12","ASHDPVESFDSALLTTC",1628,0.210948838320441,0.20400163121379,0.186779652786466,0.157161929198038
4,"F19","REPAESFMSILT",1545,0.210917016992384,0.216873785015592,0.157748358723642,0.0956450343772387
5,"D7","EPWIYCACSMCYCVC",2043,0.210350907107602,0.178041854152037,0.321874818321423,0.228446101558754
