"TS","spot","seq","unique_seq_idx","sfp_1","sfp_2","AcpS_1","AcpS_2","measure"
4,"D11","YRDIFTMDSMNWVTDRIM",1477,0.317664538796378,0.335282890124389,0.152491983662421,0.108269460055201,-22.2568337621959
3,"P17","CEAESHLYIDK",1294,0.197425183520628,0.115882141804217,0.184009601408827,0.126655576664444,-22.2615896441533
4,"F10","CYSCDMGLDSLEYLDTLPT",1536,0.306728423136066,0.364956188847351,0.142530786306952,0.0962258926835162,-22.2688305032448
4,"F9","YGMDSFMLCSSTC",1535,0.333618883762413,0.343747909282909,0.176238093178345,0.148571456383688,-22.3037239901727
3,"K5","ESKEYCLK",1132,0.330420033420702,0.372160497363816,0.17296923742225,0.234386908163868,-22.3046542320205
4,"G7","QKCGAESLETCLTST",1563,0.284967390330831,0.28179084918268,0.125371257308195,0.0719929565392239,-22.3123453148124
5,"I16","GYKYCILSWVFCISRDC",2202,0.275342944980463,0.202184104493542,0.297368600930827,0.250122581352007,-22.3132703875049
5,"K10","NYCILSRVWC",2256,0.320734479251987,0.249373177494093,0.374746805436869,0.359073069856158,-22.3155858913911
4,"J18","CPMESLEAMMTL",1664,0.316351321904643,0.332417058339763,0.163146069062861,0.105818588141241,-22.342027466906
5,"I8","CWNMCSWCWC",2194,0.192028628973105,0.117166803621073,0.217912905692064,0.222054387181089,-22.3580713738873
1,"J3","SASFVEDLGADSLDTVMLVM",243,0.224697994098527,0.257732582312608,0.0658604924971075,0.0724652785354629,-22.3594738648138
5,"H11","RPMMNYNDSIDICDSVIP",2167,0.208028955436015,0.219766952107968,0.047725633542846,0.102899399299237,-22.3646287338709
5,"I29","CQMLSECWCRTF",2215,0.287680624530998,0.219271091670387,0.279609284331748,0.306359903077668,-22.3773898520754
5,"K15","CWQMCSRCYC",2261,0.400971244454739,0.33575638910189,0.443458634691724,0.461878249427161,-22.3793550407418
1,"G5","NSASFVEILGADSLDTVELV",155,0.334787185467357,0.427959556877164,0.187755082769748,0.238613609650646,-22.3801179366867
4,"C11","AQIYGCESLETCSA",1447,0.2789811057342,0.284630552746717,0.129779317244037,0.0816238444819799,-22.3918075993439
1,"F17","NSASFVEDLGADSLDTVCLV",137,0.320835658911363,0.443792283519413,0.176718560695234,0.207451226246325,-22.4092570625377
1,"B23","DSLAFIASKLA",23,0.470358306443568,0.603812286652346,0.33304348262505,0.221937805572478,-22.4112156700155
5,"J11","NGTCQWCLSYCWC",2227,0.205316200462125,0.135276487854822,0.230064639261449,0.196784501797474,-22.4138952242306
3,"G2","ESIETVELLC",1009,0.223614185304224,0.248164532068375,0.0727164628130995,0.119880285206296,-22.4182628553917
