"TS","spot","seq","unique_seq_idx","sfp_1","sfp_2","AcpS_1","AcpS_2"
1,"G13","NSASFVEDLGMYSLDTVELV",163,0.0701540467593703,0.0880464867391344,0.0520390620155655,0.0611684799548323
3,"F5","NSASFSDMLGEDSGDTVELV",982,0.0701301405474595,0.0652040991144838,0.0468776261013376,0.0518192297672197
5,"N11","YEEHIDMDSSCSIV",2347,0.0700983730696559,0.0561524810371029,0.031633539440458,0.0818463752759205
3,"G9","DDIPADSIDSLELAV",1016,0.0700815368952268,0.0756132367968565,0.0868922416895854,0.0860662225112914
5,"N9","KCSADSWETPSLS",2345,0.0700813803695041,0.0455841384534652,0.0330410664736222,0.0818489464631677
3,"Q15","IDSSDF",1322,0.0700392480511215,0.0476795772057655,0.0643899505483001,0.0610514472238001
3,"P10","IDPAESVDM",1287,0.0698586241683269,0.0813028643758684,0.0502059665590015,0.0494000064449842
3,"D28","IESLDSAE",945,0.0698373371538327,0.0602149339283776,0.038311501572254,0.0286658346886668
5,"Q17","SEKCGLESTTSIADS",2443,0.0697752525560919,0.0606790190026396,0.0431485131607657,0.0984478456807697
3,"B16","APIESVDTI",873,0.0697162761709244,0.0796817783153694,0.0465406802542682,0.0451867919844154
