"TS","spot","seq","unique_seq_idx","sfp_1","sfp_2","AcpS_1","AcpS_2"
1,"D30","EVESSDSCMHSSI",90,0.019140840795395,0.0285737638942773,0.0718662128904158,0.0721726994620559
1,"D23","SASFVFDLGADSSDTVELPM",83,0.0190066142734639,0.023225074588313,0.0599720215755445,0.0571740863658125
1,"F16","GIDSTSSMLITQL",136,0.0187458985980339,0.0231051379058867,0.0473436483581906,0.0515508707356351
1,"I29","NNASWVEDNGADSLDTQELW",239,0.018576664689039,0.0231461396389614,0.119690326350569,0.173060093696057
1,"J26","DIGSSSSPCMTLL",266,0.0182753698802556,0.0286451862680204,0.101124457066171,0.114186059291871
1,"B11","DALEFIASKLAXXX",11,0.0181515509598841,0.0222448686405168,0.0446278980897211,0.0442034818134461
1,"F29","NEASFEDDLGADSCDTVELV",149,0.018123271719283,0.0230830763282194,0.0800322333229517,0.0992728463321926
1,"I16","GHESTSSALISCD",226,0.0180435431836998,0.0295291836331116,0.0881474730428917,0.104923162435506
1,"D11","ASFVDHLGADSSDTVELVMT",71,0.0178538094534514,0.0210131765789518,0.04277482229551,0.0440192434577009
1,"F20","LESSDSGLCTID",140,0.0177125183777344,0.0308639090819837,0.0953766556287095,0.107986882138947
