"TS","spot","seq","unique_seq_idx","sfp_1","sfp_2","AcpS_1","AcpS_2"
3,"Q8","ECAESSDTCISPI",1315,0.110281259138801,0.131329671471491,0.0757145908695721,0.0909925783176697
3,"K18","IDYVDSVEVHISPV",1145,0.110254309167341,0.105942139398128,0.0549033741534149,0.0526649506730288
5,"R14","YSHCCSCSNSENQ",2470,0.11022479120212,0.0921455965747892,0.0852772667465992,0.134843001164034
5,"D4","EDKFHTNVLSMCWCMSREC",2040,0.110019928361138,0.0865456101278737,0.174358478499838,0.159837083862272
5,"Q28","YPGECTTSQTGQQCCC",2454,0.109897264106991,0.0935936877844885,0.0650954799221303,0.119097136168791
4,"T12","PCITSSNHVWNCCL",1958,0.109809443965445,0.116688254477893,0.145981533017219,0.110216249849182
5,"Q15","CSKVFIDSSDML",2441,0.109631169943089,0.111879749068672,0.0806719778232334,0.136597922166448
5,"M25","SPPCSCSQTCQNCNC",2331,0.109615041278539,0.0921863848998727,0.0630062401346252,0.107189368083596
3,"L11","CACSHIWNDRPL",1168,0.109550187690779,0.0983731792535007,0.0748085007270269,0.0645740004053594
5,"N16","FTHDCTTSNTPQQCCC",2352,0.109466110342124,0.0927893637515138,0.078339462058702,0.117701152906077
