"TS","spot","seq","unique_seq_idx","sfp_1","sfp_2","AcpS_1","AcpS_2"
4,"B29","PLIESKISACWFHE",1435,0.108495522542461,0.0769439977048831,0.0963843628543078,0.0641261848592906
3,"N1","VESTEAVITTV",1218,0.108423320365606,0.0696938356096645,0.0181684081958896,0.0408170180897094
3,"K22","PVESTETAVTP",1149,0.108161826198082,0.0535951431689882,0.0463019147562987,0.0399362732739121
4,"L11","EDKQASKEFTDSRI",1717,0.108004699106006,0.0996518681860832,0.1827070080937,0.145867760977267
3,"O16","DPMDSTESCATGA",1263,0.10793029681364,0.0753654279265936,0.0863713592921381,0.0853453605663455
4,"F12","TWFNHDPADSYVLNTSTSC",1538,0.107747809399521,0.102126213588649,0.15196578855335,0.124432069821809
4,"F30","HYCMESKMMCSSS",1556,0.107299580748132,0.115093122241704,0.0919687923481376,0.126969009307671
3,"F16","MDSLDSLELI",993,0.10725088457017,0.104931339420119,0.141134458900379,0.160930349930794
3,"D27","KFGAESADS",944,0.107223629043478,0.0865856912048819,0.0627879898024924,0.0594286386411468
4,"H13","YNRECIESKLVCSTT",1599,0.107199742799126,0.107058942002607,0.158291680208992,0.107523459595337
