"TS","spot","seq","unique_seq_idx","sfp_1","sfp_2","AcpS_1","AcpS_2"
1,"C16","GADSSSTALMGWE",46,0.00618507991588225,0.00560033413611904,0.00614935940050723,0
1,"J22","INDDSSTTADLGYD",262,0.00605081134303576,0.008967396456216,0.0303535873214069,0.0314853460029149
4,"T30","EDDGVESWESADISMC",1976,0.00601511166688186,0.0132942833143624,0.0269373811942133,0.0252451348016828
1,"C22","VPADSTDTISLSSE",52,0.00581881644281839,0.00868403480157308,0.0408646718938357,0.0401551727609409
1,"G24","MSLDSSETNMYPTI",174,0.00556554377941269,0.00910635265224282,0.0432054591734181,0.0464560225692887
1,"I10","LESSTTYEMPAI",220,0.00555597719616103,0.00810046110263009,0.0126617289925271,0.0143346209169655
3,"I6","DERGNDSNDGAE",1073,0.00543199795125378,0.0472926079619874,0.0190363532464901,0.0273346875034
1,"D14","VDSTTSMEMPIE",74,0.00534042420386191,0.00707488872114146,0.0155043283231336,0.0195083438990311
1,"C10","VSMESSETLMLPIE",40,0.00511774358140384,0.00641584538060995,0.0177032134863856,0.0210328015899171
1,"C8","APAESTSTAAVPTV",38,0.00494548200650074,0.00855399317589865,0.0341184570269313,0.0374483881077458
