"TS","spot","seq","unique_seq_idx","sfp_1","sfp_2","AcpS_1","AcpS_2"
4,"G22","MMPHDSFDTPEENLH",1578,0.0965376017280742,0.0890905909195763,0.134788791788754,0.0787053469110257
5,"L27","WSPDCCCSNSPQNC",2303,0.0964213328569677,0.0876038120480629,0.0528588758514112,0.100040153374176
5,"N14","DRMKLESTTSVI",2350,0.0963965638364074,0.093115066527976,0.0697081393705474,0.134689501285379
4,"G13","CEGIESFVLHTSN",1569,0.0963026405566994,0.0816272118071801,0.151646418619612,0.0939268615711215
3,"O19","EPIESTDSCM",1266,0.0962586573219774,0.0502274524204918,0.0753743762883733,0.0718516280356166
5,"B29","YDPHVDFMDSAEFCMSNIT",2005,0.0960834949370011,0.0966100614119975,0.0698272353792987,0.1188845275522
3,"B20","GCESMDYVPLMSS",877,0.0960462760654063,0.106665928691251,0.0508594471531468,0.0433741725572175
3,"K16","TREPVDSSDF",1143,0.0959398817336327,0.0999848471690627,0.0483123637337189,0.0520934729475707
3,"J20","FWNDSMESADSACP",1117,0.0956539635178997,0.0804622949402398,0.0633570897260116,0.0675165371855947
4,"T13","CAQPCCSCSQSAFP",1959,0.0954074161836053,0.0874448334354691,0.134922938919898,0.0886787446683269
