"TS","spot","seq","unique_seq_idx","sfp_1","sfp_2","AcpS_1","AcpS_2","measure"
3,"D28","IESLDSAE",945,0.0698373371538327,0.0602149339283776,0.038311501572254,0.0286658346886668,-13.6837744828604
5,"I7","EGCMSAPYC",2193,0.0783302706492823,0.0669849363282389,0.0502857598780239,0.114783541030506,-13.6995494689379
4,"I12","ASHDPVESFDSALLTTC",1628,0.210948838320441,0.20400163121379,0.186779652786466,0.157161929198038,-13.7012068988423
3,"J19","IESMDTVEIIE",1116,0.0841020405661246,0.0706071043857219,0.0584937753862149,0.0565630010734988,-13.7049310202804
5,"O17","DDYCMESHEAQE",2383,0.0678457458544514,0.057910394446659,0.0378492272746401,0.080833870306744,-13.7448590925396
3,"O15","SIIELCSVEFMMTPM",1262,0.116031503049331,0.103583161100669,0.0956887602075106,0.0908961816096923,-13.7564734505197
5,"M15","RMDLESTETVG",2321,0.0740122527335965,0.0614338596419712,0.0483132079079166,0.109321082292705,-13.7963370005845
3,"F29","NSASFDDDLGAYSLPTHELV",1006,0.102195962145522,0.0829071288527558,0.080170437532756,0.0795565303244654,-13.8162711791711
5,"B10","RCCAASVCDCVSQ",1986,0.10570646103295,0.0961273643420977,0.0758747876717144,0.123321625384589,-13.8212354578777
3,"F25","DQPCDSAES",1002,0.0763994616860676,0.0590789794264125,0.0539328115580636,0.0472658317332371,-13.8603231875254
5,"H24","YQIMSAVPEVS",2180,0.0874425341027041,0.0797851641315625,0.0524352044493646,0.11445577179399,-13.9006932776819
5,"O24","SHSHIRAESWMSV",2390,0.128828831346082,0.119540738485109,0.107901762333893,0.130692419297217,-13.9409780041954
5,"S21","RWCLESTIEIDPPS",2507,0.0689536987055337,0.0556954464959381,0.044935853323146,0.0833812026499798,-13.9514359617418
4,"O13","NILAATSQSVNPKGI",1809,0.327010586139763,0.322426087016289,0.282048221794834,0.281557420301789,-13.972646612509
4,"H30","PFSDDEGHESRLTSH",1616,0.0894762905126383,0.0794680362449336,0.0622914944066352,0.114557503066106,-13.9893693694446
3,"N9","MGYCSSPSWIYGME",1226,0.0987517435707044,0.0897918170752835,0.069719717685561,0.0726204838153687,-14.008707339208
3,"S23","CCFVDSSEMNA",1390,0.10086887466201,0.090809365105592,0.0744620001186561,0.0727317592938666,-14.0652552985344
5,"C25","ECIESMDFAST",2031,0.0691276866743759,0.0589039569856464,0.0431989878785269,0.0929275352299077,-14.0938084543385
5,"P14","RDCSTSQSENQRN",2410,0.103888443725017,0.0972853482122507,0.0662166754358887,0.133796756504425,-14.1099638754275
5,"M11","GEMPADSFDSL",2317,0.0737122307717642,0.0674082472875249,0.0346168749995439,0.097555615137265,-14.1687921635691
