"TS","spot","seq","unique_seq_idx","sfp_1","sfp_2","AcpS_1","AcpS_2"
4,"E28","YQPDMDQDISWCFIDYAI",1524,0.161133129963538,0.122429150582125,0.15600258665664,0.168728988564572
5,"A28","YQPDMDQDISWCFIDYAI",1524,0.161133129963538,0.122429150582125,0.15600258665664,0.168728988564572
5,"D20","CCFGRVSMDCI",2056,0.160819547862491,0.151327554224661,0.119579787636443,0.1608277051711
3,"L13","SYMESHLTCVSSC",1170,0.160660798379795,0.141059319124941,0.106858912166874,0.109565255008123
4,"J14","ETRFKMVSMDWLETLLC",1660,0.160391852060884,0.157852028055734,0.174282632742556,0.138768017629878
5,"H4","CDHSVYKRMSIVQCCTNC",2160,0.160002342991124,0.165606577698535,0.164393820532337,0.221368880092254
5,"H20","KTHEGLLSHMFMDFHMC",2176,0.159631556513575,0.131396766378247,0.167990709732912,0.19074755412242
5,"H25","MCCCCSIIYC",2181,0.159256161846155,0.160617721730035,0.178484415718046,0.188206049803611
5,"L28","PRECTCSNTDQNKN",2304,0.159207660647755,0.160454236326388,0.0936903197275387,0.149246792122511
4,"T11","MQGAETCSKHVYGC",1957,0.159132678587003,0.141032328311257,0.250742723243344,0.225248518268588
