"TS","spot","seq","unique_seq_idx","sfp_1","sfp_2","AcpS_1","AcpS_2"
3,"L21","DSLEFINFKQA",1178,0.466967105484922,0.379523204989036,0.184924299710935,0.171637627903999
4,"M27","CAQGCCTCSHKMFQC",1763,0.466925413595803,0.473632954149512,0.238757977200877,0.402781345831977
5,"D5","NECKFCAVSRCFCITKCT",2041,0.466539248459185,0.432377198584746,0.578781766537281,0.581668891934
4,"M3","CVPGCCTTSRTLNGKCLM",1739,0.465786480121666,0.45008330056153,0.30157092519491,0.355013990132622
4,"I27","WYQCFGADSRIIKTTS",1643,0.45670973984802,0.455463441983557,0.213876443939291,0.399147753883796
5,"G16","FCWNACSFCFCR",2142,0.455191436894271,0.381891396378059,0.541416512749184,0.500257018734099
4,"E13","SHYVPQDSIDAYFTLVT",1509,0.454019663408435,0.451015410995006,0.176654645340273,0.143786515053204
1,"B19","DSLEFIASALA",19,0.452559646765653,0.590572007007854,0.227292135047703,0.24745935498034
5,"E9","ACCICSRMECRTKCT",2075,0.450366460490328,0.417401845037056,0.512466282280406,0.498929086227193
4,"P6","QLVDTTSRSVQGRG",1832,0.448029768089155,0.419574335706505,0.334246230391352,0.344761117276787
