"TS","spot","seq","unique_seq_idx","sfp_1","sfp_2","AcpS_1","AcpS_2"
4,"J12","DHVESACTVEQ",1658,0.0339162223692018,0.0277076817179176,0.123926534620827,0.0688300466248806
3,"E18","GIESADSVDL",965,0.0335558311312633,0.0329127997930246,0.0366137417723455,0.0259746519836173
4,"O30","TSEDREMSMDMLMN",1826,0.0335024570380514,0.0303606427822983,0.0562160309596215,0.0974087105217959
3,"B7","ESPMDSLETSP",864,0.0334813571360567,0.0491783487499304,0.0448559362282687,0.0380921238060921
3,"F13","DDVPVESVDTME",990,0.0330893705141309,0.0397759088123332,0.0496535061191727,0.041652615295989
3,"E16","NWCSEEEDLGADSLDTVEEV",963,0.0330727890502091,0.0376692057219116,0.0585210789301195,0.0523985473946704
3,"E7","APAESVESADAL",954,0.0329582262085674,0.0407150774869674,0.0432484585692018,0.0329334342084922
1,"G25","NHSFVEDLGADSSDTVELFM",175,0.0329082894692608,0.0447144267782831,0.0469741948618432,0.0487754070805418
1,"H12","CIDSSDTAILSTL",192,0.0328841101929105,0.046967247162526,0.0637734033417988,0.0684155624606505
4,"Q1","AGTLSMEVIDS",1857,0.0327558300474534,0.0502938826590979,0.0859528065489774,0.108867067306578
