"TS","spot","seq","unique_seq_idx","sfp_1","sfp_2","AcpS_1","AcpS_2"
4,"P8","DNGMMSHDVMKEQIT",1834,0.0595556409864929,0.0598923189762744,0.126271956765006,0.074894216144783
5,"P16","DFHKEDGIDSSDSVDM",2412,0.0595262062637032,0.059437526244862,0.036527324822931,0.0976885740866893
5,"K3","EQIISADFHI",2249,0.0594696695342152,0.0861155967199063,0.0511582305777543,0.125759339444855
5,"R11","DFWDDPPEESSETMC",2467,0.0594482702524986,0.0323661246823362,0.028746531535509,0.0844171339918525
4,"S12","KEIIGMESHDQAETNLC",1928,0.0593744590337536,0.0622100989544671,0.170409587146095,0.125661026724912
3,"N12","WMDSSESVITPL",1229,0.0593629445424415,0.0610763543601425,0.0572048144216145,0.052729885513445
3,"F19","VGLESVESMDLING",996,0.0593211445867074,0.0534612744336076,0.0567901880693517,0.0503241604572487
3,"C27","DEMGLESMDSVEA",914,0.0592767575966759,0.0378502380026855,0.0330227637041108,0.027015773924957
3,"D17","DMGIDSMESI",934,0.0592599316885685,0.0631573760141121,0.0352825387051494,0.0239135928795828
3,"G17","VESIDTIEVILQ",1024,0.0592582816903158,0.0656267019581782,0.0646117363775792,0.0604212213631938
