"TS","spot","seq","unique_seq_idx","sfp_1","sfp_2","AcpS_1","AcpS_2","measure"
5,"S8","CCWGHCCSCSNTDQ",2494,0.122433671845742,0.0935772939573083,0.116086961492534,0.141008936732652,-23.5871754876739
1,"I15","NNASFVEDLGADSLDTFELV",225,0.276902397368268,0.313751319163249,0.219616664889915,0.273885150724356,-23.5915925147614
3,"N16","CMESLDTQDKQC",1233,0.124236862878428,0.0959313067164546,0.113869725667092,0.110386143876534,-23.5975408091606
4,"J28","YQHYCICSFLLCT",1674,0.145708863088237,0.155242031456646,0.0823907478759386,0.190386285896465,-23.6010290223326
4,"E26","DLDHAFLASHEWWHILIC",1522,0.127625483400172,0.136252902935154,0.0612514321448409,0.152802557779187,-23.6027925057451
5,"F19","WNHMSILYCHTQC",2115,0.205067041396001,0.181074591415516,0.2105336965567,0.190976275512427,-23.6125831652481
3,"B19","ADAQSLDTVDICCY",876,0.137832868850718,0.161926675647064,0.0747827206202958,0.0822272611112736,-23.6306603848002
5,"O20","YENCADSRTIAEMATE",2386,0.114539583384896,0.111860094590782,0.0439552086138329,0.0972205323014683,-23.6348251975796
4,"O10","QGQWSAVYVETRM",1806,0.182156847854393,0.158075530660611,0.171562023471516,0.110734684714816,-23.6351944862977
3,"A4","GDSLDMLEWSLM",841,0.183946387381759,0.2492020630177,0.125591715070432,0.20225293253475,-23.645286078842
4,"A4","GDSLDMLEWSLM",841,0.183946387381759,0.2492020630177,0.125591715070432,0.20225293253475,-23.645286078842
5,"B2","EGFHYCACSKAFCVS",1978,0.280950363223428,0.258741993102237,0.348714743409644,0.259968800071193,-23.6485846851675
4,"T26","CVQPCATTSQSVNQRCA",1972,0.168334972200224,0.172009824301359,0.109554166891299,0.183799818250599,-23.6580567816441
5,"C24","WCIVSRMWCLSECC",2030,0.157725983598081,0.133310255094358,0.141045067476792,0.145425436498317,-23.6588682637334
5,"D14","PTCDFKVSLMFCHTN",2050,0.20855529712292,0.210539220025445,0.152507985343601,0.234401828285545,-23.6753316904986
3,"N3","DEAESHMSCMTHCV",1220,0.113596350072587,0.112996645512355,0.0444650636633898,0.0720732586562917,-23.6794834845965
3,"A6","GDSLDMLEWALM",843,0.157377770375018,0.227461890522078,0.098758767134385,0.175772034306278,-23.6822038677079
3,"A23","NGAESSSAKVVGCM",856,0.121445167686666,0.094830937267267,0.111356009958958,0.118103913830609,-23.6894508304555
3,"C13","DMGVDSAETVEILCG",900,0.128782648805211,0.152609872862399,0.0667910206495123,0.0657528660160544,-23.6910512330825
4,"M21","MEPMESACYAR",1757,0.153020928717201,0.129315292364141,0.183878429471895,0.144741351630003,-23.7044855683939
