"TS","spot","seq","unique_seq_idx","sfp_1","sfp_2","AcpS_1","AcpS_2","measure"
3,"L6","MLSVVVCMT",1163,0.148216980076235,0.203712411734243,0.0787400187708082,0.125930078951364,-23.4681665672293
1,"D1","NEASFSDRLGADSLDTVELV",61,0.260333684914652,0.282550931342743,0.197523992006449,0.23812394549608,-23.4716674857551
4,"N13","DKMESLDMVETKC",1779,0.196391637531119,0.193844511205549,0.131364351040723,0.0893228332987344,-23.4784434393199
5,"R4","CYSKDCSSSNSSNQ",2460,0.129535526064089,0.139547427034158,0.0573487905162992,0.109150926834439,-23.480728777096
5,"H20","KTHEGLLSHMFMDFHMC",2176,0.159631556513575,0.131396766378247,0.167990709732912,0.19074755412242,-23.4828077308204
3,"K10","AGADSTSTAWLSCR",1137,0.18170395942856,0.198475728960707,0.116013837768166,0.122914733342189,-23.4828444236185
4,"E15","WDHFLSYCYYH",1511,0.221845823140992,0.195707130007695,0.204782470897629,0.15753446485869,-23.4941052198587
4,"L26","GCCSCSNRLYP",1732,0.322981694839746,0.358449766737174,0.263457341199824,0.313542624023964,-23.5125533632777
5,"D19","QKHHWCMLSACYCATG",2055,0.245081739725264,0.21986990413501,0.3175672937451,0.280642916800523,-23.5184309120899
5,"L28","PRECTCSNTDQNKN",2304,0.159207660647755,0.160454236326388,0.0936903197275387,0.149246792122511,-23.523135386311
1,"F7","NSASFVEDRGADSLDTVELV",127,0.21473964349361,0.233294015141669,0.152694595899739,0.180108826839802,-23.5244178211176
3,"E28","NEASFCDDDGADSLDTVEDC",975,0.15364692062226,0.126127214430844,0.136129509275409,0.13533054752201,-23.5253228070633
5,"Q26","WQKRCHADSVESA",2452,0.125868530172523,0.122114418396335,0.0552777459523533,0.105541151351937,-23.5295089973311
5,"K13","FEFVDSVEFKET",2259,0.119261653148767,0.115838662089802,0.0464665629928126,0.117586049423647,-23.5364866470534
5,"Q4","QQYECGVESTSSIILSHM",2430,0.120590251891142,0.127782244492742,0.0492632515594255,0.0904861072325069,-23.5518388396435
4,"J17","SYGDHFTMESHMTADSKYC",1663,0.15267159863982,0.125770010330413,0.160113979750144,0.127605298064375,-23.5542534230861
5,"C15","DCCFCLLSFMFCIT",2021,0.224089274770817,0.199430454777859,0.263831203786747,0.231601005448489,-23.5616583608378
5,"D22","GCCQYCVSFCWCK",2058,0.438636457177932,0.449353474593507,0.383019988717988,0.467596455589811,-23.5672471753964
5,"S4","IGIDSSVLIELG",2490,0.13534167249527,0.156391133438595,0.0691709667477424,0.114798539622781,-23.573136848513
5,"E11","CKWCICSIVWCKTGR",2077,0.499749292015637,0.477814788903529,0.48228364164264,0.539656920771865,-23.5819143516708
