"TS","spot","seq","unique_seq_idx","sfp_1","sfp_2","AcpS_1","AcpS_2"
4,"B8","EIPDESVETSTYHPH",1414,0.0561439777710997,0.0491140056210228,0.11114993549305,0.0631643552922743
5,"S30","EGNECMESSDGMDVGC",2516,0.0561050573017907,0.0561738564139786,0.0252692248469886,0.0871815602449884
5,"N1","CCCCSQSNNNH",2337,0.056063641195319,0.0780625140556093,0.0791410978774104,0.137417759504572
4,"D24","VLPAESLDSKDM",1490,0.0559898615604903,0.0518987729263873,0.0794529389801473,0.0849666894138301
5,"N22","WSEDHCVDSMTTKEVST",2358,0.0558638473631956,0.0473675332444947,0.0362733214480576,0.0893805538537311
5,"T27","TRENKCEDSSDPECDGE",2543,0.055804689725718,0.0488074124449988,0.0414744796178225,0.0864025762153466
3,"O20","TDEDADSLETDI",1267,0.055774911305108,0.020140848589224,0.0584835254642615,0.0464467324076721
5,"R28","QPVDSWESGSEPSM",2484,0.0557053256316102,0.0499152789060928,0.0175739101900306,0.0818979704333465
3,"J8","IPCESVETCD",1105,0.0555198134271068,0.0879167566578875,0.0539068243822021,0.0612111767052648
4,"P1","EVLWAESVDSVDIE",1827,0.0554005505265887,0.0685528191697651,0.06488798960639,0.0866339796582634
