"TS","spot","seq","unique_seq_idx","sfp_1","sfp_2","AcpS_1","AcpS_2"
3,"I12","QAESLDTLSVV",1079,0.0920948154351621,0.0928648024173873,0.0634442658298977,0.0550305047531461
5,"T5","KYEMDSSDTCENPTV",2521,0.091979642645601,0.117001989804174,0.0573824078945864,0.097800135044468
5,"O7","YPPECTCSQCEQQ",2373,0.0918635738632084,0.0581206762262344,0.0412071460524271,0.0909025824290491
4,"I22","TTFNHEGIESHMVCTSST",1638,0.0918578409763182,0.0930752465088847,0.136177109334313,0.0852401006607065
3,"G21","GVDSMDPACV",1028,0.0917844528008712,0.0746115636809521,0.0777459242478555,0.0786276723710053
3,"C29","EPLDSMDF",916,0.0917771194753038,0.0409164995660585,0.0457140602858287,0.0396878165538104
4,"C20","SYVTREGADSRESLLIT",1456,0.0917600579101202,0.101063287281524,0.173515757993416,0.147344675620897
5,"T29","TTEMGLESVDIMI",2545,0.0916935316569438,0.0846926547883673,0.0464523327711788,0.105343769877599
1,"F23","NSASFVEDLGADSLDTVEEV",143,0.0916773452426691,0.0881913947996398,0.0762169004010119,0.0880508850250081
5,"M10","TVVEMESKVSLICP",2316,0.0915740643345209,0.0903380488155386,0.0369528692626969,0.103479744829664
