"TS","spot","seq","unique_seq_idx","sfp_1","sfp_2","AcpS_1","AcpS_2"
4,"J25","FPMDSWALCST",1671,0.0365214027933431,0.0343084508810333,0.0876817360453649,0.06398204612737
5,"O29","PSDDECDDESSDTD",2395,0.0364827224009369,0.0418375602142102,0,0.0691237408146121
4,"E2","CPIDSSDSLLVNGD",1498,0.036480451914524,0.0216802769851941,0.0167553047931762,0.0637025221268074
4,"D19","REPIESTAMNST",1485,0.0361313860363609,0.0405072765481633,0.136797072775969,0.0943468322003782
4,"M5","EEIGDASMEFME",1741,0.0360169290639483,0.0355500511068752,0.105235532054191,0.0807553688892593
3,"D18","DSAETAEVAG",935,0.0357933102432692,0.0412316190443377,0.0266006625321887,0.0156530119721173
4,"H11","DCDEGVLSMDTI",1597,0.0356871497287129,0.0392408880104811,0.132574045981854,0.0856070614899965
1,"H27","NNASFREDLSADSLDTWELV",207,0.0356191017300027,0.0447056709243168,0.109304428654393,0.153642594498171
1,"E30","IDSSDSLSISIE",120,0.0355517151380871,0.0476234071553768,0.0335594769872145,0.0349676038637065
4,"C1","ADEDRAESIDSLWTDI",1437,0.0350990422690274,0.044127331315727,0.079970257960648,0.0494410276586367
