"TS","spot","seq","unique_seq_idx","sfp_1","sfp_2","AcpS_1","AcpS_2"
4,"M7","AAEPAESREDADTMV",1743,0.0592244525887604,0.0607203534541631,0.121396572453173,0.0776436349487769
4,"D25","MEGVASHESID",1491,0.0591868482333717,0.0583825622301017,0.0651680618085111,0.111372147120227
5,"Q18","ESGADSMDIME",2444,0.0590068632651663,0.0554402703866816,0.0321328377810682,0.0926686166741207
4,"C8","SKRSMQPLDSAETV",1444,0.0589870549134846,0.0595921794166949,0.114187847394381,0.0646905387306153
3,"D6","NEDSFVDDLGEDSDDPVTLV",923,0.0589598153397231,0.0420863156973718,0.0542242613590602,0.0436767927741283
3,"E20","LDSIESADHVAG",967,0.058941543136851,0.0612166555914208,0.041427596171288,0.0312721589762801
4,"P15","WSEDEGAESMEFI",1841,0.0589191850698791,0.051323515146677,0.128168034383375,0.0779193445910393
5,"M18","EGEPRTDIESSDTC",2324,0.0587987458900871,0.0465928871712217,0.0392651221646283,0.0950116539061976
4,"G6","DPGHDSKESFLAN",1562,0.0585605199534551,0.0504668765298609,0.169072364238074,0.126380742343926
5,"M22","YCEDDCVESSDPMEIPST",2328,0.0585288499695409,0.0489314077456041,0.0339417786901336,0.0855506276053805
