"TS","spot","seq","unique_seq_idx","sfp_1","sfp_2","AcpS_1","AcpS_2"
5,"S9","PDCTTSNCGQCR",2495,0.240014948557806,0.169733051936699,0.201814146494415,0.260722929290779
4,"Q4","CETCSKSAFQHCMM",1860,0.239999303688283,0.230020124927091,0.174913406853625,0.201101967559389
4,"K16","GPCITSSQRVWGCCM",1692,0.23955920650172,0.22970294522365,0.204653292881197,0.17061849626081
4,"R15","MPGCCSCSNKAWGC",1901,0.239273460369515,0.240234103671775,0.197727807361003,0.171555287988727
5,"C23","LDGCLSLGYCHTQC",2029,0.238917997760042,0.245644744172214,0.15848144318286,0.167737399504075
5,"C28","NCHDSMDFAASK",2034,0.238624024047416,0.224008394474864,0.0965835062244449,0.144287343316492
3,"M21","CWMDSTDWKA",1208,0.238501951131714,0.089158204092575,0.119361982909085,0.0838693115403389
5,"G22","SRDPHDSVLYMLY",2148,0.237975190913486,0.219108300664577,0.226300392924393,0.195456540721821
5,"F8","CCQAVSVMGCRTP",2104,0.237891523466128,0.221043798772979,0.17730014505096,0.223454484343398
1,"E29","NSASFVEDYHADSLDTVELV",119,0.237385869621536,0.235331669011828,0.198883491974077,0.261015484728818
