"TS","spot","seq","unique_seq_idx","sfp_1","sfp_2","AcpS_1","AcpS_2"
5,"C9","DNKFCWNMCSWCNCCTWH",2015,0.187788691074558,0.155759654084453,0.199742834353652,0.193972622855255
4,"N7","LGVVSVDILETIAN",1773,0.187303389913749,0.182285875775222,0.161058908121112,0.128153636521042
4,"H4","CLDRKISLCWH",1590,0.187074153058768,0.173856335070076,0.201384317145748,0.151272511080516
3,"M3","DSMMYCLTSCS",1190,0.186933476112758,0.213834490184592,0.0642470728483444,0.0974629005618811
4,"I6","YMSHDDMDSIDTLT",1622,0.186876473332626,0.174655794537489,0.13502290916283,0.0881116522833507
5,"J23","WCWCMISLCWIMSTIP",2239,0.186533909773689,0.136897272787302,0.16843605485714,0.141378673458791
4,"B11","FINCDCLDSLETAS",1417,0.186530988821643,0.242491908169264,0.131269046455116,0.0760287921309713
3,"R25","CGVDSIEY",1362,0.185773629192881,0.140357885789258,0.0799386828039148,0.0757646765094635
5,"I30","QKYKWCLCSVIFCHSQDC",2216,0.185642973864376,0.154301539392942,0.122497712826343,0.169914880846183
5,"L15","CFGRCCSCSNTQQQHCC",2291,0.185621228968419,0.165616027547352,0.141715201452504,0.19687026517654
