"TS","spot","seq","unique_seq_idx","sfp_1","sfp_2","AcpS_1","AcpS_2"
5,"D3","CSKYAFGVESLDYVKSQCT",2039,0.416449002186202,0.531621926152727,0.305876449080497,0.304870471442895
5,"J10","YQCCSRCGC",2226,0.415575289386533,0.35570532186568,0.316316955929368,0.389968027286582
3,"P15","NGMISMDTCIKKG",1292,0.407875799543706,0.904354259138814,0.556384192780131,0.625814773836781
4,"R21","GPCATSSNRVYNCCMV",1907,0.407505013253554,0.346246052629979,0.363395417649028,0.371639457608349
4,"T19","PLVTCSQSVYPK",1965,0.404544250037201,0.387166807540743,0.31854587623802,0.382958639217204
5,"G15","WQFNLLSAMYCKTPHC",2141,0.403981688494339,0.352937542663587,0.316539433890161,0.365078077671853
4,"N1","TCIQACCLCSKRMFGCPVV",1767,0.403550802265878,0.384593512789973,0.3064785708202,0.38151901237106
5,"G28","QNECRFCVLSKLQC",2154,0.402243623280679,0.342780676084807,0.37016260643172,0.413678001936104
3,"Q18","AESRSLKVKRI",1325,0.401435510067633,0.918495530941034,0.337963310822841,0.355008419043453
5,"K15","CWQMCSRCYC",2261,0.400971244454739,0.33575638910189,0.443458634691724,0.461878249427161
