"TS","spot","seq","unique_seq_idx","sfp_1","sfp_2","AcpS_1","AcpS_2"
5,"M14","HFCDDNPIDSTDTMD",2320,0.0683662697016429,0.0574129942573546,0.0297642477965657,0.0838103338015275
4,"I8","WNRDCLESHIVCTT",1624,0.0683512145810491,0.0685063010334444,0.138316559777061,0.132230500915531
4,"R25","TCVQMLLSTSQSAQQCPAM",1911,0.068286691260874,0.055920916832192,0.0809220330889098,0.0924627837102323
3,"S13","ESSESAV",1380,0.0682770906579753,0.0739171211332638,0.0662481593429415,0.0620386101875131
5,"P26","QPMESTFSCELG",2422,0.0682224941776469,0.0648367713346495,0.0460804253206482,0.0994843769663333
4,"O12","EEAYMDSMETMCS",1808,0.0681164001870178,0.0534207636219994,0.14451877358141,0.0894787085177325
3,"I20","AESIESV",1087,0.0680958149240191,0.0498650480289721,0.0721944600252286,0.0755760586934829
3,"E4","GADSMETIDVI",951,0.0680913945583299,0.0639937703957996,0.0448700908823947,0.0473351126062795
4,"T3","ECVDFIDSADTAFA",1949,0.0680581002262044,0.0623521875386702,0.11726023964131,0.109301537387579
5,"O17","DDYCMESHEAQE",2383,0.0678457458544514,0.057910394446659,0.0378492272746401,0.080833870306744
