"TS","spot","seq","unique_seq_idx","sfp_1","sfp_2","AcpS_1","AcpS_2","measure"
4,"F23","EVDVLSREYKII",1549,0.272494163619104,0.243503422760292,0.206503282908914,0.17373573167961,-9.49055388385593
5,"O10","TPGCSSSQSCNNCCCC",2376,0.142911401991524,0.115545263908335,0.0649181251427583,0.121900901586808,-9.49259148530463
5,"H8","ECMFCVRSRMWCCWHR",2164,0.380771330555845,0.352209783539873,0.31662559362525,0.491981395460455,-9.49612625504106
3,"H20","ESAEFCEKLCN",1057,0.182808256407265,0.150839455802796,0.118879896392278,0.115965972557253,-9.50021431362881
3,"J23","NPASFVDDWDAWSLDCVELC",1120,0.147141894177707,0.0852967403948292,0.106025665986263,0.116555277538111,-9.51479439576793
5,"I30","QKYKWCLCSVIFCHSQDC",2216,0.185642973864376,0.154301539392942,0.122497712826343,0.169914880846183,-9.53628470660876
5,"S27","THGCCSSNTTQNKNCC",2513,0.324716502523655,0.312992337318294,0.162518544897809,0.23299630306127,-9.55169934025772
5,"B20","EQKHKWQACSFCECHWNKC",1996,0.37147174418414,0.343751534833666,0.310043471502704,0.324631930974479,-9.59474078557086
4,"J8","RLRAERYDSLWWME",1654,0.264172328578227,0.240601063898054,0.190817646438852,0.163478530994165,-9.59971162329603
5,"P19","GCTCSNTCNNR",2415,0.258033374172639,0.221821011099125,0.206509681780622,0.246597826461145,-9.60011205958202
3,"J22","KMDSICTAD",1119,0.127883338646464,0.0798945604249515,0.0808512956240667,0.0813796995328228,-9.63378637129555
5,"T18","EVDVESSLTQLASSG",2534,0.207860353289086,0.192157090310161,0.0965848441085301,0.138374241160508,-9.64349946833141
3,"J18","MCMDSVEFALMCI",1115,0.277306773000627,0.26678213588916,0.100200781767634,0.112005288157169,-9.64953421875386
4,"S9","CMQPCDTCSRRMYQ",1925,0.630442037876598,0.559639512057676,0.599217311868002,0.644687582464741,-9.65576492176707
4,"P11","TCMNPCCSCSKSLWNCCI",1837,0.329159377092219,0.30022222612354,0.272034052159246,0.247774846936737,-9.66534579250405
4,"N6","EHRASLCWTETR",1772,0.216573874519403,0.203128797178193,0.0871050911457043,0.0480019142838019,-9.6740837738768
4,"T10","NGCCSCSRSMF",1956,0.443611711340748,0.417189851575416,0.384633167370036,0.408414101647722,-9.68453961421603
4,"H28","YNRFCLDSFMVCSTSC",1614,0.289459246727518,0.281120137468891,0.0410095916358174,0.145370158376195,-9.68877932014579
3,"K26","TMVGVDSTAVM",1153,0.110528331099376,0.0565822486224653,0.0623747389808814,0.0539854287742798,-9.69306536344518
4,"T19","PLVTCSQSVYPK",1965,0.404544250037201,0.387166807540743,0.31854587623802,0.382958639217204,-9.71399774070007
