"TS","spot","seq","unique_seq_idx","sfp_1","sfp_2","AcpS_1","AcpS_2"
1,"D20","EMDSTDSNMITCA",80,0.0176652951997493,0.0318001770435624,0.0848253424226172,0.097361008890992
1,"G23","NSASFVEDLGADSRITVELP",173,0.0170882935641987,0.0267365688197571,0.0537857765893895,0.057423924587682
3,"P5","PCIISHDWCAIGST",1282,0.0168775469416042,0.0294527966600038,0.0489881486313355,0.0656105547516252
3,"S6","IEPLDSTDWLVR",1373,0.0168522062276991,0.0486125803937656,0.0773083575940781,0.0907602786129788
1,"D8","DIESTSTLALCSE",68,0.016795324836663,0.0256164279248865,0.0946162149244948,0.104675832383837
1,"H7","NNASFVEDLGADSGDTVEQY",187,0.0166228950580983,0.0173049533869421,0.0306404731346408,0.0316836953649883
1,"H24","NFAESSDSITVSRE",204,0.0166201827740555,0.0228539163194282,0.048196480450861,0.0498231696920415
1,"B15","DALEFIASKLAXXXXXXX",15,0.0163360026878367,0.0188871970399305,0.0620091330968311,0.0576803696969074
1,"B10","DALEFIASKLAXX",10,0.0162533726390916,0.0176336285698153,0.0471099898457651,0.045267578118687
3,"H3","VDSADTVDVVVP",1040,0.0157034611479162,0.0415190909270415,0.0253018066212869,0.0380821875824798
